-- --------------------------------------------------------
-- Хост:                         127.0.0.1
-- Версия сервера:               5.1.41-community - MySQL Community Server (GPL)
-- Операционная система:         Win32
-- HeidiSQL Версия:              9.4.0.5125
-- --------------------------------------------------------

/*!40101 SET @OLD_CHARACTER_SET_CLIENT=@@CHARACTER_SET_CLIENT */;
/*!40101 SET NAMES utf8 */;
/*!40014 SET @OLD_FOREIGN_KEY_CHECKS=@@FOREIGN_KEY_CHECKS, FOREIGN_KEY_CHECKS=0 */;
/*!40101 SET @OLD_SQL_MODE=@@SQL_MODE, SQL_MODE='NO_AUTO_VALUE_ON_ZERO' */;


-- Дамп структуры базы данных bma_data
CREATE DATABASE IF NOT EXISTS `bma_data` /*!40100 DEFAULT CHARACTER SET utf8 */;
USE `bma_data`;

-- Дамп структуры для таблица bma_data.bookmakers
CREATE TABLE IF NOT EXISTS `bookmakers` (
  `ID` bigint(20) NOT NULL AUTO_INCREMENT,
  `NAME` varchar(100) NOT NULL,
  `LINK` varchar(250) DEFAULT NULL,
  `IMAGE` varchar(250) DEFAULT NULL,
  PRIMARY KEY (`ID`)
) ENGINE=InnoDB AUTO_INCREMENT=8 DEFAULT CHARSET=utf8;

-- Дамп данных таблицы bma_data.bookmakers: ~6 rows (приблизительно)
/*!40000 ALTER TABLE `bookmakers` DISABLE KEYS */;
INSERT INTO `bookmakers` (`ID`, `NAME`, `LINK`, `IMAGE`) VALUES
	(1, '1xBET', 'https://www.1xbet.com/', 'https://www.1xbet.com/xbet/img/logo.png'),
	(2, 'PariMatch', 'https://www.parimatch.com/', 'https://bookmaker-ratings.ru/wp-content/uploads/2014/12/parimatch-logo-156-1.png'),
	(3, 'Winline', 'https://winline.ru/', 'https://winline.ru/assets/img/logo-header.png'),
	(4, 'Лига Ставок', 'https://www.ligastavok.ru', 'https://bookmaker-ratings.ru/wp-content/uploads/2016/07/LigaStavok_RB.png'),
	(5, 'ФОНБЕТ', 'https://www.fonbet.ru', 'https://bookmaker-ratings.ru/wp-content/uploads/2016/12/FC3F2D60B0FB6DD747C4780868B9EC8FA50A04C74440A28442-pimgpsh_fullsize_distr.png'),
	(6, 'LEON', 'https://www.leon.ru', 'https://bookmaker-ratings.ru/wp-content/uploads/2016/10/leon_ru_dark.png');
/*!40000 ALTER TABLE `bookmakers` ENABLE KEYS */;

-- Дамп структуры для таблица bma_data.expresses
CREATE TABLE IF NOT EXISTS `expresses` (
  `ID` bigint(255) NOT NULL AUTO_INCREMENT,
  `NAME` varchar(200) DEFAULT NULL,
  `DATE` date NOT NULL,
  `SOURCE` varchar(200) DEFAULT NULL,
  `DESCRIPTION` varchar(10000) DEFAULT NULL,
  PRIMARY KEY (`ID`)
) ENGINE=InnoDB AUTO_INCREMENT=35181 DEFAULT CHARSET=utf8;

-- Дамп данных таблицы bma_data.expresses: ~61 rows (приблизительно)
/*!40000 ALTER TABLE `expresses` DISABLE KEYS */;
INSERT INTO `expresses` (`ID`, `NAME`, `DATE`, `SOURCE`, `DESCRIPTION`) VALUES
	(4, 'new express for test', '2017-07-23', NULL, 'OPISANIE NAH'),
	(35, 'TEST', '2017-08-03', NULL, '1) Win<br> 2) Win'),
	(36, 'new express 1', '2017-08-09', NULL, '1/Xnj ckexbkjcm c Rfhefyjq d gjcktlytv neht&!!E vtyz ghjcnj ytn ckjd/Rfr nfr vj;yj buhfnm?if[vfnbcne?rjnjhsq gj htqnbyue d[jlbn d gzn`hre?tckb z yt jib,f.cm!!!Buhfk ghjcnj yf ehjdyt nhtnmtuj hfphzlf/Yj ctujlyz yflt.cm jy cj,th`ncz b gjrf;tn ljcnjqye. buhe ghjnbd kblthf nehybhf/Cnfdk. yf ybxm./2/Ghtlgjkj;e?xnj Dbib pfceibn buhe b ,eltn cgjrjqyfz ybxtqrf/3/Tckb d yfxfkt nehybhf Zyxbr ,sk gjcnfdobrjv jxrjd?nj d gjcktlyb[ nh`[ nehf[ jy yf,hfk ldf jxrf!Yflt.cm ctujlyz jy ghjljk;bn edthtyyj buhfnm?b djpvj;yj lf;t j,suhftn Gtnhf Cdblkthf/'),
	(44, 'MY_EXPRESS', '2017-08-21', NULL, '<br>Горожане открывают сезон домашних матчей противостоянием с неуступчивым Эвертоном. Ириски обязательно навяжут серьезное сопротивление но класс игроков Манчестер Сити и поддержка заполненных трибун помогут хозяевам одержать победу.'),
	(1694, 'MY_EXPRESS', '2017-08-22', NULL, '<br>1) Без удалённых в первом матче Плеа и Козиелло шансов у хозяев 0,а учитывая как убого Ницца обороняется против серьезного нападения и хорошую форму Наполи уверен 2 своих хозяева пропустят и сегодня.<br>\r\n2) В гостях Зенит выглядел неважно. Парни из Питера наверняка соберуться дома, чтобы показать свой лучший футбол. Утрехт же вероятнее всего попробует удерживать преимущество, в 1 мяч, которого не хватит.<br>\r\n3) Дома Авангард явный фаворит встречи. В последний раз ребята раскатали 9-3 Авангард уничтожил Динамо, не вижу причин почему бы им не повторить это сегодня.  '),
	(6719, 'MY_EXPRESS', '2017-08-23', NULL, '&#1061;&#1086;&#1095;&#1077;&#1090;&#1089;&#1103; &#1077;&#1097;&#1077; &#1080; &#1101;&#1082;&#1089;&#1087;&#1088;&#1077;&#1089;&#1089; &#1074;&#1079;&#1103;&#1090;&#1100;, &#1076;&#1091;&#1084;&#1072;&#1102; &#1073;&#1086;&#1083;&#1100;&#1096;&#1077; &#1096;&#1077;&#1089;&#1090;&#1080; &#1096;&#1072;&#1081;&#1073; &#1085;&#1077; &#1076;&#1086;&#1083;&#1078;&#1085;&#1099; &#1079;&#1072;&#1073;&#1099;&#1074;&#1072;&#1090;&#1100;, &#1085;&#1086; &#1042;&#1080;&#1090;&#1103;&#1079;&#1100; &#1085;&#1077;&#1087;&#1083;&#1086;&#1093;&#1086; &#1087;&#1086;&#1082;&#1072;&#1079;&#1072;&#1083; &#1089;&#1077;&#1073;&#1103; &#1074; &#1087;&#1088;&#1086;&#1096;&#1083;&#1086;&#1084; &#1089;&#1077;&#1079;&#1086;&#1085;&#1077;, &#1087;&#1086;&#1089;&#1084;&#1086;&#1090;&#1088;&#1080;&#1084; &#1095;&#1090;&#1086; &#1073;&#1091;&#1076;&#1077;&#1090; &#1074; &#1101;&#1090;&#1086;&#1084;. &#1062;&#1057;&#1050;&#1040; &#1087;&#1088;&#1086;&#1080;&#1075;&#1088;&#1072;&#1083; &#1087;&#1077;&#1088;&#1074;&#1091;&#1102; &#1074;&#1089;&#1090;&#1088;&#1077;&#1095;&#1091;, &#1085;&#1086; &#1101;&#1090;&#1086; &#1073;&#1099;&#1083; &#1095;&#1077;&#1084;&#1087;&#1080;&#1086;&#1085; &#1082;&#1072;&#1082; &#1085;&#1080;&#1082;&#1072;&#1082;, &#1084;&#1085;&#1086;&#1075;&#1086; &#1051;&#1086;&#1082;&#1086;&#1084;&#1086;&#1090;&#1080;&#1074;&#1091; &#1085;&#1077; &#1079;&#1072;&#1073;&#1100;&#1077;&#1096;&#1100;, &#1082;&#1086;&#1084;&#1072;&#1085;&#1076;&#1072; &#1085;&#1077;&#1087;&#1083;&#1086;&#1093;&#1086; &#1080;&#1075;&#1088;&#1072;&#1077;&#1090; &#1074; &#1086;&#1073;&#1086;&#1088;&#1086;&#1085;&#1077;,&#1085;&#1086; &#1075;&#1086;&#1089;&#1090;&#1080; &#1087;&#1086;&#1082;&#1072;&#1079;&#1099;&#1074;&#1072;&#1102;&#1090; &#1090;&#1086;&#1090;&#1072;&#1083;&#1100;&#1085;&#1099;&#1081; &#1093;&#1086;&#1082;&#1082;&#1077;&#1081;. &#1059;&#1078; &#1085;&#1077; &#1074;&#1077;&#1088;&#1080;&#1090;&#1089;&#1103;, &#1095;&#1090;&#1086; &#1057;&#1083;&#1086;&#1074;&#1072;&#1085; &#1077;&#1076;&#1077;&#1090; &#1087;&#1088;&#1086;&#1089;&#1090;&#1086; &#1090;&#1072;&#1082;,&#1075;&#1086;&#1089;&#1090;&#1080; &#1079;&#1085;&#1072;&#1102;&#1090; &#1082;&#1091;&#1076;&#1072; &#1080; &#1089; &#1082;&#1077;&#1084; &#1080;&#1084; &#1087;&#1088;&#1080;&#1076;&#1077;&#1090;&#1089;&#1103; &#1074;&#1089;&#1090;&#1088;&#1077;&#1090;&#1080;&#1090;&#1100;&#1089;&#1103;)&#1086;&#1076;&#1085;&#1091; &#1096;&#1072;&#1081;&#1073;&#1091; &#1076;&#1091;&#1084;&#1072;&#1102;&#1090; &#1086;&#1089;&#1080;&#1083;&#1080;&#1090;,&#1093;&#1086;&#1090;&#1103; &#1074;&#1087;&#1086;&#1083;&#1085;&#1077; &#1084;&#1086;&#1078;&#1077;&#1090; &#1073;&#1099;&#1090;&#1100; &#1080; &#1087;&#1086;&#1073;&#1077;&#1076;&#1072;.'),
	(30675, 'MY_EXPRESS', '2017-08-24', NULL, '<br>1) Зенит откровенно удивил в первом матче и счетом и игрой. Команды такого уровня должна играть в лиге чемпионов, а уж в \r\nлиге европы и подавно. Не выход в следущую стадию будет мега провалом как для клуба так и для именитого тренера так что побеждать обязаны.\r\n<br>2) Омск принимает у себя одну из самых слабых команд лиги. Должны побеждать в основное время без проблем.'),
	(34508, 'MY_EXPRESS', '2017-08-25', NULL, '&#1055;&#1088;&#1080;&#1074;&#1077;&#1090; &#1074;&#1089;&#1077;&#1084;. &#1050;&#1086;&#1085;&#1090;&#1080;&#1085;&#1077;&#1085;&#1090;&#1072;&#1083;&#1100;&#1085;&#1072;&#1103; &#1061;&#1086;&#1082;&#1082;&#1077;&#1080;&#1085;&#1072;&#1103; &#1051;&#1080;&#1075;&#1072;. &#1051;&#1072;&#1076;&#1072; - &#1040;&#1074;&#1090;&#1086;&#1084;&#1086;&#1073;&#1080;&#1083;&#1080;&#1089;&#1090;. &#1040;&#1074;&#1090;&#1086; &#1087;&#1086;&#1082;&#1072;&#1079;&#1099;&#1074;&#1072;&#1077;&#1090; &#1085;&#1077; &#1087;&#1083;&#1086;&#1093;&#1086;&#1081; &#1088;&#1077;&#1079;&#1091;&#1083;&#1100;&#1090;&#1072;&#1090;. &#1063;&#1090;&#1086; &#1074; &#1087;&#1088;&#1077;&#1076;&#1089;&#1077;&#1079;&#1086;&#1085;&#1082;&#1077; &#1063;&#1090;&#1086; &#1074; &#1085;&#1072;&#1095;&#1072;&#1083;&#1077; &#1050;&#1061;&#1051;. &#1054;&#1073;&#1099;&#1075;&#1088;&#1072;&#1083;&#1080; &#1052;&#1072;&#1075;&#1085;&#1080;&#1090;&#1086;&#1075;&#1086;&#1088;&#1089;&#1082; &#1089; &#1087;&#1088;&#1080;&#1083;&#1080;&#1095;&#1085;&#1099;&#1084; &#1089;&#1095;&#1105;&#1090;&#1086;&#1084; 2-5. &#1057;&#1082;&#1088;&#1086;&#1084;&#1085;&#1099;&#1081; &#1090;&#1086;&#1090;&#1072;&#1083; &#1085;&#1072;&#1076;&#1077;&#1102;&#1089;&#1100; &#1079;&#1072;&#1081;&#1076;&#1077;&#1090; &#1087;&#1088;&#1086;&#1090;&#1080;&#1074; &#1051;&#1072;&#1076;&#1099;. &#1042;&#1080;&#1090;&#1103;&#1079;&#1080; &#1074;&#1082;&#1072;&#1090;&#1080;&#1083;&#1080; &#1090;&#1088;&#1080; &#1073;&#1072;&#1085;&#1082;&#1080; &#1044;&#1080;&#1085;&#1072;&#1084;&#1086; &#1087;&#1088;&#1095;&#1077;&#1084; &#1052;&#1089;&#1082;. &#1053;&#1077; &#1086;&#1078;&#1080;&#1076;&#1072;&#1083; &#1089;&#1090;&#1086;&#1083;&#1100;&#1082;&#1086;. &#1057;&#1086;&#1086;&#1090;&#1074;&#1077;&#1090;&#1089;&#1090;&#1074;&#1077;&#1085;&#1085;&#1086; &#1090;&#1086;&#1090;&#1072;&#1083; &#1085;&#1086;&#1088;&#1084;&#1072;&#1083;&#1100;&#1085;&#1099;&#1081;. &#1048;&#1085;&#1090;&#1077;&#1088;&#1077;&#1089;&#1085;&#1086; &#1057;&#1050;&#1040; &#1088;&#1072;&#1089;&#1082;&#1072;&#1090;&#1072;&#1077;&#1090; &#1085;&#1080;&#1095;&#1077;&#1081;&#1082;&#1091; &#1089; &#1049;&#1086;&#1082;&#1077;&#1088;&#1080;&#1090;&#1086;&#1084; &#1080;&#1083;&#1080; &#1085;&#1077;&#1090;. &#1040; &#1087;&#1086; &#1076;&#1077;&#1083;&#1091; &#1101;&#1090;&#1086; &#1057;&#1050;&#1040;!'),
	(35133, NULL, '2017-08-25', 'https://vprognoze.ru', 'В очных противостояниях команды любят сушить игру из 4 встреч лишь раз команды обе забили и сегодня эта традиция должна разрушиться Балекесирспор играет в этом сезоне результативно сначала домашняя ничья с Аданадемирспором 2:2 и выездное поражение от Эрзурум 4:3Алтынорду же выиграл на выезде Элязыспор 0:2 и ничья с Анкарагюджю 1:1Оденсе не может забить уже три игры в подряд и думаю сегодня это исправят ,но гол и от хозяев тоже будет'),
	(35134, NULL, '2017-08-26', 'https://vprognoze.ru', '1) Артеага реально впечатлила. Очень духовитая, вперёд прёт как танк и тяжело бьёт, кардио завидное, хотя фигура говорит об обратном. Эллен - симпатичная бразильянка, неплохие комбо руками выбрасывает, но бьёт с места, неподготовленно, как будто наотмаш. Неплохо бразильянка тейк-дауны проводит, но прибегает к ним опять же редко. Артеага должна здесь запрессинговать и взять решение.2) Райни - хороший, крепкий середняк, отличный борец. Стивенс только борется и вряд ли сможет переводить крепкого Райни. Тут на изи должно зайти'),
	(35135, NULL, '2017-08-25', 'https://vprognoze.ru', 'Ну и последний прогноз на сегодня, усаживаемся на экспресс и мчимся во Францию через Махачкалу:1) Анжи на своей территории и перед родной публикой может и настроится на сегодняшних гостей после 5 проигрышей кряду , но и парни Семака не лыком шиты, выполняют установку рулевого, могут ловить соперника на контратаках, а уж если забьёт и поведёт в счёте, то не так-то легко будет забить ответку уфимскому клубу. В том году Уфа в Махачкале выиграла у Анжи.2) Рискованная ставка на гостей, учитывая мощь нынешнего ПСЖ, но сегодня рискну и поставлю на Сент-Этьен, который уже 3 игры кряду штампует исключительно победы, в прошлом году нынешние гости смогли отобрать очки у ПСЖ, поглядим как они сыграют на этот раз.'),
	(35136, NULL, '2017-08-25', 'https://vprognoze.ru', 'Сегодня пятница есть матчи из чемпионшипа. И вот решил выкинуть свои мысли. Бристоль сити команда занимающая 11 строчку в таблице,забили 6 голов и пропустили 5.Сегодня играют дома из 4 матчей в 2 домашних, они не проиграли. Астон Вилла сейчас тоже набрала ход в прошлом домашнем матче смогли обырать Норвич со счетом 4-2. Но мне здесь больше верится в Бристоль, прошлый матч они сыграли 0-0. Возможно в этом увидим голы от этой команды. Ну и Халл сити думаю много , кто обращает внимания на эту команду , так как ее  тренирует Слуцкий. Команда находится на 14 позиции в таблице, последние 2 игры проиграли. Сегодня есть шанс выиграть у более слабого соперника Болтона, который еще не сумел Адаптироваться в чемпионшипе. Болтон находится на 22 строчке и  еще не одного раза не выигрывал.'),
	(35137, NULL, '2017-08-25', 'https://vprognoze.ru', 'Ну, и не смог я пройти мимо стартовавшего ЧЕ по волейболу в Польше. Пока летел, пока дела, вообщем старт пропустил(.Беру пару игр, в которых явные фавориты - голландцы и французы. Конечно, первый тур, и могут быть сюрпризы, но из-за отпуска и оной всего лишь не набранной желтой карточки в Бухаресте, рискну - заиграю победу в двух (хотя должны выигрывать и матч в целом) голландцев и фаворитов ЧЕ, действующих чемпиона Европы - Франции, хотя не скрою и турки и бельгийцы прогрессируют и смотрятся не плохо.'),
	(35138, NULL, '2017-08-25', 'https://vprognoze.ru', 'Привет всем поклонникам хоккея предлогаю вашему вниманию экспресс из двух событий на матчи КХЛ .1) Ярославский Локомотив принимает Слован Братислава. Думаю  здесь увериная победа Локо они намного сильнее Слована к тому же играют дома.2) Питерский СКА принимает финский Йокерит здесь конечно посложнее будет но я считаю что армейцы всё-таки смогут победить две победы подряд с крупным счётом говорит о том что армейцы находятся в прекрасной форме.'),
	(35139, NULL, '2017-08-25', 'https://vprognoze.ru', 'Голы в этой встречи должны быть,так как в этом сезоне команды любят поиграть без обороны Гройтер Фюрт проиграл все 3 встречи на выезде проиграли Хольштейну 1:3 и Дармштадту 0:1 ,так же домашние поражение от Арминии 1:2Ингольштадт проиграл на выезде Зандхаузену 0:1,выездная победа над Мюнхеном 2:1 и домашние поражение от Регенсбурга 2:4,сегодня думаю будет так же весёлая встреча Первую встречу Минчане провалили проиграв Йокериту 1:6Витязь же проиграл Динамо из Москвы 4:3 в овертайме Последние 5 встреч между собой закончились с таким счётом 2:4,2:3,9:6,0:3,4:3'),
	(35140, NULL, '2017-08-25', 'https://vprognoze.ru', 'Продолжаю вечер футбола под названием "ТМ4.5, или голов много не должно быть". Отобрал еще парочку матчей в Австрии и Бельгии. Математика также дает добро на низ, причем я беру с подстраховкой, т.к. наиболее вероятны по 3-4 гола в данных матчах. Опять же в личках данный тотал не пробивался, команды сами по себе не очень забивные, в соперниках нет ярких фаворитов-забивак, типа ПСЖ, который один может перебить тотал больше4.5. С одной стороны для зрителей и любителей голов - это минус, но для ставки - это большой плюс.'),
	(35141, NULL, '2017-08-25', 'https://vprognoze.ru', 'Молодая американская теннисистка на этом турнире переиграла соотечественницу Долхейд и опытную болгарку Каратанчеву. считаю, что россиянка может оказать какое - то сопротивление, но не более того.2. Эстонка долгое время не выступала по разным причинам. Ее соперница играет регулярно и довольно успешно (особенно в паре). считаю, что практика поможет тайке переиграть более мощную эстонку.3.Считаю, что игра австралийки для полячки наиболее комфортная: у Гаврюши нет сильной подачи, ее удары не такие сильные, как у рослых теннисисток. А в шахматы с радвансвкой играть - себе дороже.'),
	(35142, NULL, '2017-08-25', 'https://vprognoze.ru', '1 Глядя на последние игры понятно что Алкмар готов к этому матчу куда лучше думаю если и не выиграют то уж точно не проиграют тем более игра дома и валвейк явно не в лучшей форме2 Матчи между этими соперниками всегда проходят крайне результативно а учитывая дырявую защиту Иглз думаю 2 гола Неймеген оформит без особых усилий3 вообще считаю Осс фаворитом данной встречи и на их гол очень расчитываю к чемпионату они подошли в лучшем виде чем волендам,игра дома всегда плюс.4 Австрийцы тоже любят много забивать вот и в этой встрече думаю обмен голами случится ну как минимум Винер свой гол забьют.'),
	(35143, NULL, '2017-08-25', 'https://vprognoze.ru', 'Futbol1.Real Socedad prekrasno nacal cempionat, na vyezde oni vygrali protiv Selta so scetom 2:3, Viljareal proigral "liagusatnikam" v gostiax 1:0, nesomnevajus cto Real zabjet, a skoree vsego i dva raxa2.Keln sygrajet pervuju igru na svojem pole v novom sezone, Xamburg sudia po proslom sezone, komanda dyriavaja, a Keln komanda pragmaticnaja, zabjut dvazdy i vstanet v oboronuBasketbol3.Zdu sliva v etom matce ot ispanskoi sbornoi, na radost litovskim bolelscikam, kstati v Litve mnogije stavit na pobedu Litvy'),
	(35144, NULL, '2017-08-25', 'https://vprognoze.ru', 'Обе команды играют от защиты и голов сегодня точно много не будет ,Клермон часто сушит игры играя на контратаках ,вот и сегодня должна быть такая игра Обеим командам я симпатизирую ,они умеют показать красивый и техничный футбол и сегодня по моему мнению команду должны сыграть в ничью где нибудь 1:1 или 2:2 сухаря здесь быть не должно ,ну и конечно вспоминается кубковая встреча 8 августа где команды сыграли 4:4 ,это была мощная встреча'),
	(35145, NULL, '2017-08-25', 'https://vprognoze.ru', 'В очных противостояниях команды любят сушить игру из 4 встреч лишь раз команды обе забили и сегодня эта традиция должна разрушиться Балекесирспор играет в этом сезоне результативно сначала домашняя ничья с Аданадемирспором 2:2 и выездное поражение от Эрзурум 4:3Алтынорду же выиграл на выезде Элязыспор 0:2 и ничья с Анкарагюджю 1:1Оденсе не может забить уже три игры в подряд и думаю сегодня это исправят ,но гол и от хозяев тоже будет'),
	(35146, NULL, '2017-08-26', 'https://vprognoze.ru', '1) Артеага реально впечатлила. Очень духовитая, вперёд прёт как танк и тяжело бьёт, кардио завидное, хотя фигура говорит об обратном. Эллен - симпатичная бразильянка, неплохие комбо руками выбрасывает, но бьёт с места, неподготовленно, как будто наотмаш. Неплохо бразильянка тейк-дауны проводит, но прибегает к ним опять же редко. Артеага должна здесь запрессинговать и взять решение.2) Райни - хороший, крепкий середняк, отличный борец. Стивенс только борется и вряд ли сможет переводить крепкого Райни. Тут на изи должно зайти'),
	(35147, NULL, '2017-08-25', 'https://vprognoze.ru', 'Ну и последний прогноз на сегодня, усаживаемся на экспресс и мчимся во Францию через Махачкалу:1) Анжи на своей территории и перед родной публикой может и настроится на сегодняшних гостей после 5 проигрышей кряду , но и парни Семака не лыком шиты, выполняют установку рулевого, могут ловить соперника на контратаках, а уж если забьёт и поведёт в счёте, то не так-то легко будет забить ответку уфимскому клубу. В том году Уфа в Махачкале выиграла у Анжи.2) Рискованная ставка на гостей, учитывая мощь нынешнего ПСЖ, но сегодня рискну и поставлю на Сент-Этьен, который уже 3 игры кряду штампует исключительно победы, в прошлом году нынешние гости смогли отобрать очки у ПСЖ, поглядим как они сыграют на этот раз.'),
	(35148, NULL, '2017-08-25', 'https://vprognoze.ru', 'Сегодня пятница есть матчи из чемпионшипа. И вот решил выкинуть свои мысли. Бристоль сити команда занимающая 11 строчку в таблице,забили 6 голов и пропустили 5.Сегодня играют дома из 4 матчей в 2 домашних, они не проиграли. Астон Вилла сейчас тоже набрала ход в прошлом домашнем матче смогли обырать Норвич со счетом 4-2. Но мне здесь больше верится в Бристоль, прошлый матч они сыграли 0-0. Возможно в этом увидим голы от этой команды. Ну и Халл сити думаю много , кто обращает внимания на эту команду , так как ее  тренирует Слуцкий. Команда находится на 14 позиции в таблице, последние 2 игры проиграли. Сегодня есть шанс выиграть у более слабого соперника Болтона, который еще не сумел Адаптироваться в чемпионшипе. Болтон находится на 22 строчке и  еще не одного раза не выигрывал.'),
	(35149, NULL, '2017-08-25', 'https://vprognoze.ru', 'Ну, и не смог я пройти мимо стартовавшего ЧЕ по волейболу в Польше. Пока летел, пока дела, вообщем старт пропустил(.Беру пару игр, в которых явные фавориты - голландцы и французы. Конечно, первый тур, и могут быть сюрпризы, но из-за отпуска и оной всего лишь не набранной желтой карточки в Бухаресте, рискну - заиграю победу в двух (хотя должны выигрывать и матч в целом) голландцев и фаворитов ЧЕ, действующих чемпиона Европы - Франции, хотя не скрою и турки и бельгийцы прогрессируют и смотрятся не плохо.'),
	(35150, NULL, '2017-08-25', 'https://vprognoze.ru', 'Привет всем поклонникам хоккея предлогаю вашему вниманию экспресс из двух событий на матчи КХЛ .1) Ярославский Локомотив принимает Слован Братислава. Думаю  здесь увериная победа Локо они намного сильнее Слована к тому же играют дома.2) Питерский СКА принимает финский Йокерит здесь конечно посложнее будет но я считаю что армейцы всё-таки смогут победить две победы подряд с крупным счётом говорит о том что армейцы находятся в прекрасной форме.'),
	(35151, NULL, '2017-08-25', 'https://vprognoze.ru', 'Голы в этой встречи должны быть,так как в этом сезоне команды любят поиграть без обороны Гройтер Фюрт проиграл все 3 встречи на выезде проиграли Хольштейну 1:3 и Дармштадту 0:1 ,так же домашние поражение от Арминии 1:2Ингольштадт проиграл на выезде Зандхаузену 0:1,выездная победа над Мюнхеном 2:1 и домашние поражение от Регенсбурга 2:4,сегодня думаю будет так же весёлая встреча Первую встречу Минчане провалили проиграв Йокериту 1:6Витязь же проиграл Динамо из Москвы 4:3 в овертайме Последние 5 встреч между собой закончились с таким счётом 2:4,2:3,9:6,0:3,4:3'),
	(35152, NULL, '2017-08-25', 'https://vprognoze.ru', 'Продолжаю вечер футбола под названием "ТМ4.5, или голов много не должно быть". Отобрал еще парочку матчей в Австрии и Бельгии. Математика также дает добро на низ, причем я беру с подстраховкой, т.к. наиболее вероятны по 3-4 гола в данных матчах. Опять же в личках данный тотал не пробивался, команды сами по себе не очень забивные, в соперниках нет ярких фаворитов-забивак, типа ПСЖ, который один может перебить тотал больше4.5. С одной стороны для зрителей и любителей голов - это минус, но для ставки - это большой плюс.'),
	(35153, NULL, '2017-08-25', 'https://vprognoze.ru', 'Молодая американская теннисистка на этом турнире переиграла соотечественницу Долхейд и опытную болгарку Каратанчеву. считаю, что россиянка может оказать какое - то сопротивление, но не более того.2. Эстонка долгое время не выступала по разным причинам. Ее соперница играет регулярно и довольно успешно (особенно в паре). считаю, что практика поможет тайке переиграть более мощную эстонку.3.Считаю, что игра австралийки для полячки наиболее комфортная: у Гаврюши нет сильной подачи, ее удары не такие сильные, как у рослых теннисисток. А в шахматы с радвансвкой играть - себе дороже.'),
	(35154, NULL, '2017-08-25', 'https://vprognoze.ru', '1 Глядя на последние игры понятно что Алкмар готов к этому матчу куда лучше думаю если и не выиграют то уж точно не проиграют тем более игра дома и валвейк явно не в лучшей форме2 Матчи между этими соперниками всегда проходят крайне результативно а учитывая дырявую защиту Иглз думаю 2 гола Неймеген оформит без особых усилий3 вообще считаю Осс фаворитом данной встречи и на их гол очень расчитываю к чемпионату они подошли в лучшем виде чем волендам,игра дома всегда плюс.4 Австрийцы тоже любят много забивать вот и в этой встрече думаю обмен голами случится ну как минимум Винер свой гол забьют.'),
	(35155, NULL, '2017-08-25', 'https://vprognoze.ru', 'Futbol1.Real Socedad prekrasno nacal cempionat, na vyezde oni vygrali protiv Selta so scetom 2:3, Viljareal proigral "liagusatnikam" v gostiax 1:0, nesomnevajus cto Real zabjet, a skoree vsego i dva raxa2.Keln sygrajet pervuju igru na svojem pole v novom sezone, Xamburg sudia po proslom sezone, komanda dyriavaja, a Keln komanda pragmaticnaja, zabjut dvazdy i vstanet v oboronuBasketbol3.Zdu sliva v etom matce ot ispanskoi sbornoi, na radost litovskim bolelscikam, kstati v Litve mnogije stavit na pobedu Litvy'),
	(35156, NULL, '2017-08-25', 'https://vprognoze.ru', 'Обе команды играют от защиты и голов сегодня точно много не будет ,Клермон часто сушит игры играя на контратаках ,вот и сегодня должна быть такая игра Обеим командам я симпатизирую ,они умеют показать красивый и техничный футбол и сегодня по моему мнению команду должны сыграть в ничью где нибудь 1:1 или 2:2 сухаря здесь быть не должно ,ну и конечно вспоминается кубковая встреча 8 августа где команды сыграли 4:4 ,это была мощная встреча'),
	(35157, NULL, '2017-08-25', 'https://vprognoze.ru', 'В очных противостояниях команды любят сушить игру из 4 встреч лишь раз команды обе забили и сегодня эта традиция должна разрушиться Балекесирспор играет в этом сезоне результативно сначала домашняя ничья с Аданадемирспором 2:2 и выездное поражение от Эрзурум 4:3Алтынорду же выиграл на выезде Элязыспор 0:2 и ничья с Анкарагюджю 1:1Оденсе не может забить уже три игры в подряд и думаю сегодня это исправят ,но гол и от хозяев тоже будет'),
	(35158, NULL, '2017-08-26', 'https://vprognoze.ru', '1) Артеага реально впечатлила. Очень духовитая, вперёд прёт как танк и тяжело бьёт, кардио завидное, хотя фигура говорит об обратном. Эллен - симпатичная бразильянка, неплохие комбо руками выбрасывает, но бьёт с места, неподготовленно, как будто наотмаш. Неплохо бразильянка тейк-дауны проводит, но прибегает к ним опять же редко. Артеага должна здесь запрессинговать и взять решение.2) Райни - хороший, крепкий середняк, отличный борец. Стивенс только борется и вряд ли сможет переводить крепкого Райни. Тут на изи должно зайти'),
	(35159, NULL, '2017-08-25', 'https://vprognoze.ru', 'Ну и последний прогноз на сегодня, усаживаемся на экспресс и мчимся во Францию через Махачкалу:1) Анжи на своей территории и перед родной публикой может и настроится на сегодняшних гостей после 5 проигрышей кряду , но и парни Семака не лыком шиты, выполняют установку рулевого, могут ловить соперника на контратаках, а уж если забьёт и поведёт в счёте, то не так-то легко будет забить ответку уфимскому клубу. В том году Уфа в Махачкале выиграла у Анжи.2) Рискованная ставка на гостей, учитывая мощь нынешнего ПСЖ, но сегодня рискну и поставлю на Сент-Этьен, который уже 3 игры кряду штампует исключительно победы, в прошлом году нынешние гости смогли отобрать очки у ПСЖ, поглядим как они сыграют на этот раз.'),
	(35160, NULL, '2017-08-25', 'https://vprognoze.ru', 'Сегодня пятница есть матчи из чемпионшипа. И вот решил выкинуть свои мысли. Бристоль сити команда занимающая 11 строчку в таблице,забили 6 голов и пропустили 5.Сегодня играют дома из 4 матчей в 2 домашних, они не проиграли. Астон Вилла сейчас тоже набрала ход в прошлом домашнем матче смогли обырать Норвич со счетом 4-2. Но мне здесь больше верится в Бристоль, прошлый матч они сыграли 0-0. Возможно в этом увидим голы от этой команды. Ну и Халл сити думаю много , кто обращает внимания на эту команду , так как ее  тренирует Слуцкий. Команда находится на 14 позиции в таблице, последние 2 игры проиграли. Сегодня есть шанс выиграть у более слабого соперника Болтона, который еще не сумел Адаптироваться в чемпионшипе. Болтон находится на 22 строчке и  еще не одного раза не выигрывал.'),
	(35161, NULL, '2017-08-25', 'https://vprognoze.ru', 'Ну, и не смог я пройти мимо стартовавшего ЧЕ по волейболу в Польше. Пока летел, пока дела, вообщем старт пропустил(.Беру пару игр, в которых явные фавориты - голландцы и французы. Конечно, первый тур, и могут быть сюрпризы, но из-за отпуска и оной всего лишь не набранной желтой карточки в Бухаресте, рискну - заиграю победу в двух (хотя должны выигрывать и матч в целом) голландцев и фаворитов ЧЕ, действующих чемпиона Европы - Франции, хотя не скрою и турки и бельгийцы прогрессируют и смотрятся не плохо.'),
	(35162, NULL, '2017-08-25', 'https://vprognoze.ru', 'Привет всем поклонникам хоккея предлогаю вашему вниманию экспресс из двух событий на матчи КХЛ .1) Ярославский Локомотив принимает Слован Братислава. Думаю  здесь увериная победа Локо они намного сильнее Слована к тому же играют дома.2) Питерский СКА принимает финский Йокерит здесь конечно посложнее будет но я считаю что армейцы всё-таки смогут победить две победы подряд с крупным счётом говорит о том что армейцы находятся в прекрасной форме.'),
	(35163, NULL, '2017-08-25', 'https://vprognoze.ru', 'Голы в этой встречи должны быть,так как в этом сезоне команды любят поиграть без обороны Гройтер Фюрт проиграл все 3 встречи на выезде проиграли Хольштейну 1:3 и Дармштадту 0:1 ,так же домашние поражение от Арминии 1:2Ингольштадт проиграл на выезде Зандхаузену 0:1,выездная победа над Мюнхеном 2:1 и домашние поражение от Регенсбурга 2:4,сегодня думаю будет так же весёлая встреча Первую встречу Минчане провалили проиграв Йокериту 1:6Витязь же проиграл Динамо из Москвы 4:3 в овертайме Последние 5 встреч между собой закончились с таким счётом 2:4,2:3,9:6,0:3,4:3'),
	(35164, NULL, '2017-08-25', 'https://vprognoze.ru', 'Продолжаю вечер футбола под названием "ТМ4.5, или голов много не должно быть". Отобрал еще парочку матчей в Австрии и Бельгии. Математика также дает добро на низ, причем я беру с подстраховкой, т.к. наиболее вероятны по 3-4 гола в данных матчах. Опять же в личках данный тотал не пробивался, команды сами по себе не очень забивные, в соперниках нет ярких фаворитов-забивак, типа ПСЖ, который один может перебить тотал больше4.5. С одной стороны для зрителей и любителей голов - это минус, но для ставки - это большой плюс.'),
	(35165, NULL, '2017-08-25', 'https://vprognoze.ru', 'Молодая американская теннисистка на этом турнире переиграла соотечественницу Долхейд и опытную болгарку Каратанчеву. считаю, что россиянка может оказать какое - то сопротивление, но не более того.2. Эстонка долгое время не выступала по разным причинам. Ее соперница играет регулярно и довольно успешно (особенно в паре). считаю, что практика поможет тайке переиграть более мощную эстонку.3.Считаю, что игра австралийки для полячки наиболее комфортная: у Гаврюши нет сильной подачи, ее удары не такие сильные, как у рослых теннисисток. А в шахматы с радвансвкой играть - себе дороже.'),
	(35166, NULL, '2017-08-25', 'https://vprognoze.ru', '1 Глядя на последние игры понятно что Алкмар готов к этому матчу куда лучше думаю если и не выиграют то уж точно не проиграют тем более игра дома и валвейк явно не в лучшей форме2 Матчи между этими соперниками всегда проходят крайне результативно а учитывая дырявую защиту Иглз думаю 2 гола Неймеген оформит без особых усилий3 вообще считаю Осс фаворитом данной встречи и на их гол очень расчитываю к чемпионату они подошли в лучшем виде чем волендам,игра дома всегда плюс.4 Австрийцы тоже любят много забивать вот и в этой встрече думаю обмен голами случится ну как минимум Винер свой гол забьют.'),
	(35167, NULL, '2017-08-25', 'https://vprognoze.ru', 'Futbol1.Real Socedad prekrasno nacal cempionat, na vyezde oni vygrali protiv Selta so scetom 2:3, Viljareal proigral "liagusatnikam" v gostiax 1:0, nesomnevajus cto Real zabjet, a skoree vsego i dva raxa2.Keln sygrajet pervuju igru na svojem pole v novom sezone, Xamburg sudia po proslom sezone, komanda dyriavaja, a Keln komanda pragmaticnaja, zabjut dvazdy i vstanet v oboronuBasketbol3.Zdu sliva v etom matce ot ispanskoi sbornoi, na radost litovskim bolelscikam, kstati v Litve mnogije stavit na pobedu Litvy'),
	(35168, NULL, '2017-08-25', 'https://vprognoze.ru', 'Обе команды играют от защиты и голов сегодня точно много не будет ,Клермон часто сушит игры играя на контратаках ,вот и сегодня должна быть такая игра Обеим командам я симпатизирую ,они умеют показать красивый и техничный футбол и сегодня по моему мнению команду должны сыграть в ничью где нибудь 1:1 или 2:2 сухаря здесь быть не должно ,ну и конечно вспоминается кубковая встреча 8 августа где команды сыграли 4:4 ,это была мощная встреча'),
	(35169, NULL, '2017-08-25', 'https://vprognoze.ru', 'В очных противостояниях команды любят сушить игру из 4 встреч лишь раз команды обе забили и сегодня эта традиция должна разрушиться Балекесирспор играет в этом сезоне результативно сначала домашняя ничья с Аданадемирспором 2:2 и выездное поражение от Эрзурум 4:3Алтынорду же выиграл на выезде Элязыспор 0:2 и ничья с Анкарагюджю 1:1Оденсе не может забить уже три игры в подряд и думаю сегодня это исправят ,но гол и от хозяев тоже будет'),
	(35170, NULL, '2017-08-26', 'https://vprognoze.ru', '1) Артеага реально впечатлила. Очень духовитая, вперёд прёт как танк и тяжело бьёт, кардио завидное, хотя фигура говорит об обратном. Эллен - симпатичная бразильянка, неплохие комбо руками выбрасывает, но бьёт с места, неподготовленно, как будто наотмаш. Неплохо бразильянка тейк-дауны проводит, но прибегает к ним опять же редко. Артеага должна здесь запрессинговать и взять решение.2) Райни - хороший, крепкий середняк, отличный борец. Стивенс только борется и вряд ли сможет переводить крепкого Райни. Тут на изи должно зайти'),
	(35171, NULL, '2017-08-25', 'https://vprognoze.ru', 'Ну и последний прогноз на сегодня, усаживаемся на экспресс и мчимся во Францию через Махачкалу:1) Анжи на своей территории и перед родной публикой может и настроится на сегодняшних гостей после 5 проигрышей кряду , но и парни Семака не лыком шиты, выполняют установку рулевого, могут ловить соперника на контратаках, а уж если забьёт и поведёт в счёте, то не так-то легко будет забить ответку уфимскому клубу. В том году Уфа в Махачкале выиграла у Анжи.2) Рискованная ставка на гостей, учитывая мощь нынешнего ПСЖ, но сегодня рискну и поставлю на Сент-Этьен, который уже 3 игры кряду штампует исключительно победы, в прошлом году нынешние гости смогли отобрать очки у ПСЖ, поглядим как они сыграют на этот раз.'),
	(35172, NULL, '2017-08-25', 'https://vprognoze.ru', 'Сегодня пятница есть матчи из чемпионшипа. И вот решил выкинуть свои мысли. Бристоль сити команда занимающая 11 строчку в таблице,забили 6 голов и пропустили 5.Сегодня играют дома из 4 матчей в 2 домашних, они не проиграли. Астон Вилла сейчас тоже набрала ход в прошлом домашнем матче смогли обырать Норвич со счетом 4-2. Но мне здесь больше верится в Бристоль, прошлый матч они сыграли 0-0. Возможно в этом увидим голы от этой команды. Ну и Халл сити думаю много , кто обращает внимания на эту команду , так как ее  тренирует Слуцкий. Команда находится на 14 позиции в таблице, последние 2 игры проиграли. Сегодня есть шанс выиграть у более слабого соперника Болтона, который еще не сумел Адаптироваться в чемпионшипе. Болтон находится на 22 строчке и  еще не одного раза не выигрывал.'),
	(35173, NULL, '2017-08-25', 'https://vprognoze.ru', 'Ну, и не смог я пройти мимо стартовавшего ЧЕ по волейболу в Польше. Пока летел, пока дела, вообщем старт пропустил(.Беру пару игр, в которых явные фавориты - голландцы и французы. Конечно, первый тур, и могут быть сюрпризы, но из-за отпуска и оной всего лишь не набранной желтой карточки в Бухаресте, рискну - заиграю победу в двух (хотя должны выигрывать и матч в целом) голландцев и фаворитов ЧЕ, действующих чемпиона Европы - Франции, хотя не скрою и турки и бельгийцы прогрессируют и смотрятся не плохо.'),
	(35174, NULL, '2017-08-25', 'https://vprognoze.ru', 'Привет всем поклонникам хоккея предлогаю вашему вниманию экспресс из двух событий на матчи КХЛ .1) Ярославский Локомотив принимает Слован Братислава. Думаю  здесь увериная победа Локо они намного сильнее Слована к тому же играют дома.2) Питерский СКА принимает финский Йокерит здесь конечно посложнее будет но я считаю что армейцы всё-таки смогут победить две победы подряд с крупным счётом говорит о том что армейцы находятся в прекрасной форме.'),
	(35175, NULL, '2017-08-25', 'https://vprognoze.ru', 'Голы в этой встречи должны быть,так как в этом сезоне команды любят поиграть без обороны Гройтер Фюрт проиграл все 3 встречи на выезде проиграли Хольштейну 1:3 и Дармштадту 0:1 ,так же домашние поражение от Арминии 1:2Ингольштадт проиграл на выезде Зандхаузену 0:1,выездная победа над Мюнхеном 2:1 и домашние поражение от Регенсбурга 2:4,сегодня думаю будет так же весёлая встреча Первую встречу Минчане провалили проиграв Йокериту 1:6Витязь же проиграл Динамо из Москвы 4:3 в овертайме Последние 5 встреч между собой закончились с таким счётом 2:4,2:3,9:6,0:3,4:3'),
	(35176, NULL, '2017-08-25', 'https://vprognoze.ru', 'Продолжаю вечер футбола под названием "ТМ4.5, или голов много не должно быть". Отобрал еще парочку матчей в Австрии и Бельгии. Математика также дает добро на низ, причем я беру с подстраховкой, т.к. наиболее вероятны по 3-4 гола в данных матчах. Опять же в личках данный тотал не пробивался, команды сами по себе не очень забивные, в соперниках нет ярких фаворитов-забивак, типа ПСЖ, который один может перебить тотал больше4.5. С одной стороны для зрителей и любителей голов - это минус, но для ставки - это большой плюс.'),
	(35177, NULL, '2017-08-25', 'https://vprognoze.ru', 'Молодая американская теннисистка на этом турнире переиграла соотечественницу Долхейд и опытную болгарку Каратанчеву. считаю, что россиянка может оказать какое - то сопротивление, но не более того.2. Эстонка долгое время не выступала по разным причинам. Ее соперница играет регулярно и довольно успешно (особенно в паре). считаю, что практика поможет тайке переиграть более мощную эстонку.3.Считаю, что игра австралийки для полячки наиболее комфортная: у Гаврюши нет сильной подачи, ее удары не такие сильные, как у рослых теннисисток. А в шахматы с радвансвкой играть - себе дороже.'),
	(35178, NULL, '2017-08-25', 'https://vprognoze.ru', '1 Глядя на последние игры понятно что Алкмар готов к этому матчу куда лучше думаю если и не выиграют то уж точно не проиграют тем более игра дома и валвейк явно не в лучшей форме2 Матчи между этими соперниками всегда проходят крайне результативно а учитывая дырявую защиту Иглз думаю 2 гола Неймеген оформит без особых усилий3 вообще считаю Осс фаворитом данной встречи и на их гол очень расчитываю к чемпионату они подошли в лучшем виде чем волендам,игра дома всегда плюс.4 Австрийцы тоже любят много забивать вот и в этой встрече думаю обмен голами случится ну как минимум Винер свой гол забьют.'),
	(35179, NULL, '2017-08-25', 'https://vprognoze.ru', 'Futbol1.Real Socedad prekrasno nacal cempionat, na vyezde oni vygrali protiv Selta so scetom 2:3, Viljareal proigral "liagusatnikam" v gostiax 1:0, nesomnevajus cto Real zabjet, a skoree vsego i dva raxa2.Keln sygrajet pervuju igru na svojem pole v novom sezone, Xamburg sudia po proslom sezone, komanda dyriavaja, a Keln komanda pragmaticnaja, zabjut dvazdy i vstanet v oboronuBasketbol3.Zdu sliva v etom matce ot ispanskoi sbornoi, na radost litovskim bolelscikam, kstati v Litve mnogije stavit na pobedu Litvy'),
	(35180, NULL, '2017-08-25', 'https://vprognoze.ru', 'Обе команды играют от защиты и голов сегодня точно много не будет ,Клермон часто сушит игры играя на контратаках ,вот и сегодня должна быть такая игра Обеим командам я симпатизирую ,они умеют показать красивый и техничный футбол и сегодня по моему мнению команду должны сыграть в ничью где нибудь 1:1 или 2:2 сухаря здесь быть не должно ,ну и конечно вспоминается кубковая встреча 8 августа где команды сыграли 4:4 ,это была мощная встреча');
/*!40000 ALTER TABLE `expresses` ENABLE KEYS */;

-- Дамп структуры для таблица bma_data.express_ivent
CREATE TABLE IF NOT EXISTS `express_ivent` (
  `ID` bigint(255) NOT NULL AUTO_INCREMENT,
  `IVENTS_ID` bigint(255) NOT NULL,
  `EXPRESSES_ID` bigint(255) NOT NULL,
  PRIMARY KEY (`ID`),
  KEY `FK_express_ivent_ivents` (`IVENTS_ID`),
  KEY `FK_express_ivent_expresses` (`EXPRESSES_ID`),
  CONSTRAINT `FK_express_ivent_expresses` FOREIGN KEY (`EXPRESSES_ID`) REFERENCES `expresses` (`ID`) ON DELETE CASCADE ON UPDATE CASCADE,
  CONSTRAINT `FK_express_ivent_ivents` FOREIGN KEY (`IVENTS_ID`) REFERENCES `ivents` (`ID`) ON DELETE CASCADE ON UPDATE CASCADE
) ENGINE=InnoDB AUTO_INCREMENT=102312 DEFAULT CHARSET=utf8;

-- Дамп данных таблицы bma_data.express_ivent: ~163 rows (приблизительно)
/*!40000 ALTER TABLE `express_ivent` DISABLE KEYS */;
INSERT INTO `express_ivent` (`ID`, `IVENTS_ID`, `EXPRESSES_ID`) VALUES
	(5, 4, 4),
	(6, 1, 4),
	(7, 2, 4),
	(19, 20, 4),
	(20, 21, 4),
	(21, 22, 4),
	(28, 30, 35),
	(29, 31, 35),
	(30, 32, 35),
	(31, 33, 36),
	(32, 34, 36),
	(42, 35, 44),
	(4992, 4985, 1694),
	(5113, 5106, 1694),
	(5241, 5234, 1694),
	(19163, 19156, 6719),
	(19292, 19285, 6719),
	(19293, 19286, 6719),
	(88993, 88986, 30675),
	(88994, 88987, 30675),
	(100365, 100358, 34508),
	(100366, 100359, 34508),
	(100367, 100360, 34508),
	(102200, 102193, 35133),
	(102201, 102194, 35133),
	(102202, 102195, 35134),
	(102203, 102196, 35134),
	(102204, 102197, 35135),
	(102205, 102198, 35135),
	(102206, 102199, 35136),
	(102207, 102200, 35136),
	(102208, 102201, 35137),
	(102209, 102202, 35137),
	(102210, 102203, 35138),
	(102211, 102204, 35138),
	(102212, 102205, 35139),
	(102213, 102206, 35139),
	(102214, 102207, 35140),
	(102215, 102208, 35140),
	(102216, 102209, 35141),
	(102217, 102210, 35141),
	(102218, 102211, 35141),
	(102219, 102212, 35142),
	(102220, 102213, 35142),
	(102221, 102214, 35142),
	(102222, 102215, 35142),
	(102223, 102216, 35143),
	(102224, 102217, 35143),
	(102225, 102218, 35143),
	(102226, 102219, 35144),
	(102227, 102220, 35144),
	(102228, 102221, 35145),
	(102229, 102222, 35145),
	(102230, 102223, 35146),
	(102231, 102224, 35146),
	(102232, 102225, 35147),
	(102233, 102226, 35147),
	(102234, 102227, 35148),
	(102235, 102228, 35148),
	(102236, 102229, 35149),
	(102237, 102230, 35149),
	(102238, 102231, 35150),
	(102239, 102232, 35150),
	(102240, 102233, 35151),
	(102241, 102234, 35151),
	(102242, 102235, 35152),
	(102243, 102236, 35152),
	(102244, 102237, 35153),
	(102245, 102238, 35153),
	(102246, 102239, 35153),
	(102247, 102240, 35154),
	(102248, 102241, 35154),
	(102249, 102242, 35154),
	(102250, 102243, 35154),
	(102251, 102244, 35155),
	(102252, 102245, 35155),
	(102253, 102246, 35155),
	(102254, 102247, 35156),
	(102255, 102248, 35156),
	(102256, 102249, 35157),
	(102257, 102250, 35157),
	(102258, 102251, 35158),
	(102259, 102252, 35158),
	(102260, 102253, 35159),
	(102261, 102254, 35159),
	(102262, 102255, 35160),
	(102263, 102256, 35160),
	(102264, 102257, 35161),
	(102265, 102258, 35161),
	(102266, 102259, 35162),
	(102267, 102260, 35162),
	(102268, 102261, 35163),
	(102269, 102262, 35163),
	(102270, 102263, 35164),
	(102271, 102264, 35164),
	(102272, 102265, 35165),
	(102273, 102266, 35165),
	(102274, 102267, 35165),
	(102275, 102268, 35166),
	(102276, 102269, 35166),
	(102277, 102270, 35166),
	(102278, 102271, 35166),
	(102279, 102272, 35167),
	(102280, 102273, 35167),
	(102281, 102274, 35167),
	(102282, 102275, 35168),
	(102283, 102276, 35168),
	(102284, 102277, 35169),
	(102285, 102278, 35169),
	(102286, 102279, 35170),
	(102287, 102280, 35170),
	(102288, 102281, 35171),
	(102289, 102282, 35171),
	(102290, 102283, 35172),
	(102291, 102284, 35172),
	(102292, 102285, 35173),
	(102293, 102286, 35173),
	(102294, 102287, 35174),
	(102295, 102288, 35174),
	(102296, 102289, 35175),
	(102297, 102290, 35175),
	(102298, 102291, 35176),
	(102299, 102292, 35176),
	(102300, 102293, 35177),
	(102301, 102294, 35177),
	(102302, 102295, 35177),
	(102303, 102296, 35178),
	(102304, 102297, 35178),
	(102305, 102298, 35178),
	(102306, 102299, 35178),
	(102307, 102300, 35179),
	(102308, 102301, 35179),
	(102309, 102302, 35179),
	(102310, 102303, 35180),
	(102311, 102304, 35180);
/*!40000 ALTER TABLE `express_ivent` ENABLE KEYS */;

-- Дамп структуры для таблица bma_data.ivents
CREATE TABLE IF NOT EXISTS `ivents` (
  `ID` bigint(255) NOT NULL AUTO_INCREMENT,
  `NAME` varchar(2000) NOT NULL,
  `DESCRIPTION` varchar(2000) DEFAULT NULL,
  `BET` varchar(50) NOT NULL,
  `DATE` date DEFAULT NULL,
  `COMPETITION` varchar(2000) DEFAULT NULL,
  `COEFFICIENT` double DEFAULT NULL,
  PRIMARY KEY (`ID`)
) ENGINE=InnoDB AUTO_INCREMENT=102305 DEFAULT CHARSET=utf8;

-- Дамп данных таблицы bma_data.ivents: ~225 rows (приблизительно)
/*!40000 ALTER TABLE `ivents` DISABLE KEYS */;
INSERT INTO `ivents` (`ID`, `NAME`, `DESCRIPTION`, `BET`, `DATE`, `COMPETITION`, `COEFFICIENT`) VALUES
	(1, 'MU-RM', 'description1', '1X', '2017-07-15', 'Football / La Liga', 1.1),
	(2, 'FCB-ATLETIC', 'description2', '1X', '2017-07-16', 'Football / APL', 3),
	(4, 'Juve - Milan', 'description4', 'P2', '2017-07-23', 'Football / Seria A', 2.2),
	(20, 'TEST', NULL, '1P', '2017-08-02', 'APL', 1.6),
	(21, 'TEST2', NULL, '1P', '2017-08-01', 'APL', 1.4),
	(22, 'go', 'go', '1X', '2017-08-03', 'APL', 1.2),
	(30, 'TEST', NULL, '1P', '2017-08-04', 'APL', 1.4),
	(31, 'TEST2', NULL, '1P', '2017-08-04', 'APL', 1.9),
	(32, 'art_test', NULL, '1x', '2015-08-08', 'lohi kakieto', 1.5),
	(33, 'evil geniuses - team empire', NULL, 'P1', '2015-08-08', 'Kibersport/ Dota 2. The International. Play-off (match is 3 maps).', 1.2),
	(34, 'super drochers - mega soski', NULL, '3x', '2015-08-08', 'Kibersport/ Dota 2. The International. Play-off (match is 3 maps).', 1.5),
	(35, '&#1052;&#1072;&#1085;&#1095;&#1077;&#1089;&#1090;&#1077;&#1088; &#1057;&#1080;&#1090;&#1080; - &#1069;&#1074;&#1077;&#1088;&#1090;&#1086;&#1085;', NULL, '&#1060;&#1054;&#1056;&#1040;(2) +2', '2017-08-21', '&#1060;&#1091;&#1090;&#1073;&#1086;&#1083;, &#1040;&#1085;&#1075;&#1083;&#1080;&#1103;. &#1055;&#1088;&#1077;&#1084;&#1100;&#1077;&#1088; &#1051;&#1080;&#1075;&#1072;', 1.55),
	(4985, '&#1053;&#1080;&#1094;&#1094;&#1072; - &#1053;&#1072;&#1087;&#1086;&#1083;&#1080;', NULL, '&#1048;&#1058;&#1041;2 (1.5)', '2017-08-22', '&#1060;&#1091;&#1090;&#1073;&#1086;&#1083;. &#1051;&#1080;&#1075;&#1072; &#1063;&#1077;&#1084;&#1087;&#1080;&#1086;&#1085;&#1086;&#1074; &#1059;&#1045;&#1060;&#1040;. &#1055;&#1083;&#1077;&#1081;-&#1086;&#1092;&#1092;. &#1054;&#1090;&#1074;&#1077;&#1090;&#1085;&#1099;&#1077; &#1084;&#1072;&#1090;&#1095;&#1080;.', 1.7),
	(5106, '&#1047;&#1077;&#1085;&#1080;&#1090; - &#1059;&#1090;&#1088;&#1077;&#1093;&#1090;', NULL, '&#1055;1', '2017-08-22', '&#1060;&#1091;&#1090;&#1073;&#1086;&#1083;. &#1051;&#1080;&#1075;&#1072; &#1045;&#1074;&#1088;&#1086;&#1087;&#1099; &#1059;&#1045;&#1060;&#1040;. &#1055;&#1083;&#1077;&#1081;-&#1086;&#1092;&#1092;. &#1054;&#1090;&#1074;&#1077;&#1090;&#1085;&#1099;&#1077; &#1084;&#1072;&#1090;&#1095;&#1080;.', 1.33),
	(5234, '&#1040;&#1074;&#1072;&#1085;&#1075;&#1072;&#1088;&#1076; - &#1044;&#1080;&#1085;&#1072;&#1084;&#1086; &#1056;&#1080;&#1075;&#1072;', NULL, '&#1055;1', '2017-08-22', '&#1061;&#1086;&#1082;&#1082;&#1077;&#1081;/ &#1050;&#1061;&#1051;. &#1056;&#1077;&#1075;&#1091;&#1083;&#1103;&#1088;&#1085;&#1099;&#1081; &#1095;&#1077;&#1084;&#1087;&#1080;&#1086;&#1085;&#1072;&#1090;.', 1.46),
	(19156, ' &#1044;&#1080;&#1085;&#1072;&#1084;&#1086; &#1052;&#1089;&#1082; - &#1042;&#1080;&#1090;&#1103;&#1079;&#1100;	', NULL, '&#1058;&#1052; (6.5)', '2017-08-23', '&#1061;&#1086;&#1082;&#1082;&#1077;&#1081;/ &#1050;&#1061;&#1051;. &#1056;&#1077;&#1075;&#1091;&#1083;&#1103;&#1088;&#1085;&#1099;&#1081; &#1095;&#1077;&#1084;&#1087;&#1080;&#1086;&#1085;&#1072;&#1090;.', 1.27),
	(19285, '&#1051;&#1086;&#1082;&#1086;&#1084;&#1086;&#1090;&#1080;&#1074; - &#1062;&#1057;&#1050;&#1040;', NULL, '&#1048;&#1058;&#1041;2 (1.5)', '2017-08-23', '&#1061;&#1086;&#1082;&#1082;&#1077;&#1081;/ &#1050;&#1061;&#1051;. &#1056;&#1077;&#1075;&#1091;&#1083;&#1103;&#1088;&#1085;&#1099;&#1081; &#1095;&#1077;&#1084;&#1087;&#1080;&#1086;&#1085;&#1072;&#1090;.', 1.4),
	(19286, '&#1057;&#1050;&#1040; - &#1057;&#1083;&#1086;&#1074;&#1072;&#1085; &#1041;&#1088;', NULL, '&#1048;&#1058;&#1041;2 (0.5)', '2017-08-23', '&#1061;&#1086;&#1082;&#1082;&#1077;&#1081;/ &#1050;&#1061;&#1051;. &#1056;&#1077;&#1075;&#1091;&#1083;&#1103;&#1088;&#1085;&#1099;&#1081; &#1095;&#1077;&#1084;&#1087;&#1080;&#1086;&#1085;&#1072;&#1090;.', 1.22),
	(88986, '&#1047;&#1077;&#1085;&#1080;&#1090; - &#1059;&#1090;&#1088;&#1077;&#1093;&#1090;', NULL, '&#1055;1', '2017-08-24', '&#1060;&#1091;&#1090;&#1073;&#1086;&#1083;. &#1051;&#1080;&#1075;&#1072; &#1045;&#1074;&#1088;&#1086;&#1087;&#1099; &#1059;&#1045;&#1060;&#1040;. &#1055;&#1083;&#1077;&#1081;-&#1086;&#1092;&#1092;. &#1054;&#1090;&#1074;&#1077;&#1090;&#1085;&#1099;&#1077; &#1084;&#1072;&#1090;&#1095;&#1080;.', 1.35),
	(88987, '&#1040;&#1074;&#1072;&#1085;&#1075;&#1072;&#1088;&#1076; - &#1057;&#1077;&#1074;&#1077;&#1088;&#1089;&#1090;&#1072;&#1083;&#1100;', NULL, '&#1055;1', '2017-08-24', '&#1061;&#1086;&#1082;&#1082;&#1077;&#1081;/ &#1050;&#1061;&#1051;. &#1056;&#1077;&#1075;&#1091;&#1083;&#1103;&#1088;&#1085;&#1099;&#1081; &#1095;&#1077;&#1084;&#1087;&#1080;&#1086;&#1085;&#1072;&#1090;.', 1.47),
	(100358, '&#1051;&#1072;&#1076;&#1072; - &#1040;&#1074;&#1090;&#1086;&#1084;&#1086;&#1073;&#1080;&#1083;&#1080;&#1089;&#1090;', NULL, '&#1055;1', '2017-08-24', '&#1061;&#1086;&#1082;&#1082;&#1077;&#1081;/ &#1050;&#1061;&#1051;. &#1056;&#1077;&#1075;&#1091;&#1083;&#1103;&#1088;&#1085;&#1099;&#1081; &#1095;&#1077;&#1084;&#1087;&#1080;&#1086;&#1085;&#1072;&#1090;.', 1.36),
	(100359, '&#1044;&#1080;&#1085;&#1072;&#1084;&#1086;-&#1052;&#1080;&#1085;&#1089;&#1082; - &#1042;&#1080;&#1090;&#1103;&#1079;&#1100;', NULL, '&#1055;1', '2017-08-24', '&#1061;&#1086;&#1082;&#1082;&#1077;&#1081;/ &#1050;&#1061;&#1051;. &#1056;&#1077;&#1075;&#1091;&#1083;&#1103;&#1088;&#1085;&#1099;&#1081; &#1095;&#1077;&#1084;&#1087;&#1080;&#1086;&#1085;&#1072;&#1090;.', 1.37),
	(100360, '&#1057;&#1050;&#1040; - &#1049;&#1086;&#1082;&#1077;&#1088;&#1080;&#1090;', NULL, '&#1048;&#1058;&#1041;1 (1.5)', '2017-08-24', '&#1061;&#1086;&#1082;&#1082;&#1077;&#1081;/ &#1050;&#1061;&#1051;. &#1056;&#1077;&#1075;&#1091;&#1083;&#1103;&#1088;&#1085;&#1099;&#1081; &#1095;&#1077;&#1084;&#1087;&#1080;&#1086;&#1085;&#1072;&#1090;.', 1.09),
	(102193, 'Балыкесирспор - Алтынорду', NULL, 'Обе команды забьют: Да', NULL, '\n  Футбол/  Турция. 1-я лига\n', 1.68),
	(102194, 'Сеннерйюск - Оденсе', NULL, 'ТБ (2.5)', NULL, '\n  Футбол/  Дания. Суперлига\n', 2.11),
	(102195, 'Артеага В. - Эллен Б.', NULL, 'П1', NULL, '\n  Борьба/  Смешанные боевые искусства. Женщины. Bellator.\n', 1.53),
	(102196, 'Стивенс М. - Рэйни Р.', NULL, 'П2', NULL, '\n  Борьба/  Смешанные боевые искусства. Bellator.\n', 1.36),
	(102197, 'Анжи - Уфа', NULL, 'ФОРА2 (0)', NULL, '\n  Футбол/  Россия. Премьер-лига\n', 2.09),
	(102198, 'ПСЖ - Сент-Этьен', NULL, 'ФОРА2 (2.5)', NULL, '\n  Футбол/  Франция. Лига 1\n', 2.12),
	(102199, 'Бристоль Сити - Астон Вилла', NULL, 'ИТБ1 (1)', NULL, '\n  Футбол/  Англия. Чемпион-лига\n', 1.49),
	(102200, 'Халл Сити - Болтон Уондерерз', NULL, 'ИТБ1 (1)', NULL, '\n  Футбол/  Англия. Чемпион-лига\n', 1.28),
	(102201, 'Нидерланды - Турция', NULL, 'ФОРА1 по партиям (+1.5)', NULL, '\n  Волейбол/  Мужчины. Чемпионат Европы. Польша.\n', 1.17),
	(102202, 'Франция - Бельгия', NULL, 'П1', NULL, '\n  Волейбол/  Мужчины. Чемпионат Европы. Польша.\n', 1.09),
	(102203, 'Локомотив - Слован Бр', NULL, 'П1', NULL, '\n  Хоккей/  КХЛ. Регулярный чемпионат.\n', 1.44),
	(102204, 'СКА - Йокерит', NULL, 'П1', NULL, '\n  Хоккей/  КХЛ. Регулярный чемпионат.\n', 1.41),
	(102205, 'Фюрт - Ингольштадт 04', NULL, 'Обе команды забьют: Да', NULL, '\n  Футбол/  Чемпионат Германии. 2-я бундеслига.\n', 1.75),
	(102206, 'Динамо-Минск - Витязь', NULL, 'ТБ (4.5)', NULL, '\n  Хоккей/  КХЛ. Регулярный чемпионат.\n', 1.65),
	(102207, 'БВ Линц - ФАК', NULL, 'ТМ (4.5)', NULL, '\n  Футбол/  Чемпионат Австрии. 1-я лига.\n', 1.13),
	(102208, 'Кортрейк - Мускрон-Перювельз', NULL, 'ТМ (4.5)', NULL, '\n  Футбол/  Чемпионат Бельгии. Высшая лига.\n', 1.09),
	(102209, 'Лю К. - Каменская В.', NULL, 'П1', NULL, '\n  Теннис/  Женщины. US Open. Квалификация.\n', 1.37),
	(102210, 'Канепи К. - Се Сувэй', NULL, 'П2', NULL, '\n  Теннис/  Женщины. US Open. Квалификация.\n', 2),
	(102211, 'Радванска А. - Гаврилова Д.', NULL, 'П1', NULL, '\n  Теннис/  Турнир WTA. Нью-Хейвен. США. Hard.\n', 1.56),
	(102212, 'АЗ Алкмар (мол) - Валвейк', NULL, 'ФОРА1 (0)', NULL, '\n  Футбол/  Чемпионат Нидерландов. 2-й дивизион.\n', 1.4),
	(102213, 'Гоу Эхед Иглз - Неймеген', NULL, 'ИТБ2 (1.5)', NULL, '\n  Футбол/  Чемпионат Нидерландов. 2-й дивизион.\n', 1.83),
	(102214, 'ФК Осс - Волендам', NULL, 'ИТБ1 (1)', NULL, '\n  Футбол/  Чемпионат Нидерландов. 2-й дивизион.\n', 1.38),
	(102215, 'Вакер Инсбрук - Винер Нойштадт', NULL, 'ИТБ2 (1)', NULL, '\n  Футбол/  Чемпионат Австрии. 1-я лига.\n', 1.63),
	(102216, 'Реал Сосьедад - Вильярреал', NULL, 'ИТБ1 (1)', NULL, '\n  Футбол/  Чемпионат Испании. Примера дивизион.\n', 1.44),
	(102217, 'Литва - Испания', NULL, 'П1 с ОТ', NULL, '\n  Баскетбол/  Мужчины. Товарищеские матчи. Сборные.\n', 2.6),
	(102218, 'Кёльн - Гамбург', NULL, 'ТМ (3)', NULL, '\n  Футбол/  Чемпионат Германии. Бундеслига.\n', 1.5),
	(102219, 'Кевильи - Клермон', NULL, 'ТМ (2.5)', NULL, '\n  Футбол/  Чемпионат Франции. Лига 2.\n', 1.74),
	(102220, 'Ним - Гавр', NULL, 'Обе команды забьют: Да', NULL, '\n  Футбол/  Чемпионат Франции. Лига 2.\n', 1.73),
	(102221, 'Балыкесирспор - Алтынорду', NULL, 'Обе команды забьют: Да', NULL, '\n  Футбол/  Турция. 1-я лига\n', 1.68),
	(102222, 'Сеннерйюск - Оденсе', NULL, 'ТБ (2.5)', NULL, '\n  Футбол/  Дания. Суперлига\n', 2.11),
	(102223, 'Артеага В. - Эллен Б.', NULL, 'П1', NULL, '\n  Борьба/  Смешанные боевые искусства. Женщины. Bellator.\n', 1.53),
	(102224, 'Стивенс М. - Рэйни Р.', NULL, 'П2', NULL, '\n  Борьба/  Смешанные боевые искусства. Bellator.\n', 1.36),
	(102225, 'Анжи - Уфа', NULL, 'ФОРА2 (0)', NULL, '\n  Футбол/  Россия. Премьер-лига\n', 2.09),
	(102226, 'ПСЖ - Сент-Этьен', NULL, 'ФОРА2 (2.5)', NULL, '\n  Футбол/  Франция. Лига 1\n', 2.12),
	(102227, 'Бристоль Сити - Астон Вилла', NULL, 'ИТБ1 (1)', NULL, '\n  Футбол/  Англия. Чемпион-лига\n', 1.49),
	(102228, 'Халл Сити - Болтон Уондерерз', NULL, 'ИТБ1 (1)', NULL, '\n  Футбол/  Англия. Чемпион-лига\n', 1.28),
	(102229, 'Нидерланды - Турция', NULL, 'ФОРА1 по партиям (+1.5)', NULL, '\n  Волейбол/  Мужчины. Чемпионат Европы. Польша.\n', 1.17),
	(102230, 'Франция - Бельгия', NULL, 'П1', NULL, '\n  Волейбол/  Мужчины. Чемпионат Европы. Польша.\n', 1.09),
	(102231, 'Локомотив - Слован Бр', NULL, 'П1', NULL, '\n  Хоккей/  КХЛ. Регулярный чемпионат.\n', 1.44),
	(102232, 'СКА - Йокерит', NULL, 'П1', NULL, '\n  Хоккей/  КХЛ. Регулярный чемпионат.\n', 1.41),
	(102233, 'Фюрт - Ингольштадт 04', NULL, 'Обе команды забьют: Да', NULL, '\n  Футбол/  Чемпионат Германии. 2-я бундеслига.\n', 1.75),
	(102234, 'Динамо-Минск - Витязь', NULL, 'ТБ (4.5)', NULL, '\n  Хоккей/  КХЛ. Регулярный чемпионат.\n', 1.65),
	(102235, 'БВ Линц - ФАК', NULL, 'ТМ (4.5)', NULL, '\n  Футбол/  Чемпионат Австрии. 1-я лига.\n', 1.13),
	(102236, 'Кортрейк - Мускрон-Перювельз', NULL, 'ТМ (4.5)', NULL, '\n  Футбол/  Чемпионат Бельгии. Высшая лига.\n', 1.09),
	(102237, 'Лю К. - Каменская В.', NULL, 'П1', NULL, '\n  Теннис/  Женщины. US Open. Квалификация.\n', 1.37),
	(102238, 'Канепи К. - Се Сувэй', NULL, 'П2', NULL, '\n  Теннис/  Женщины. US Open. Квалификация.\n', 2),
	(102239, 'Радванска А. - Гаврилова Д.', NULL, 'П1', NULL, '\n  Теннис/  Турнир WTA. Нью-Хейвен. США. Hard.\n', 1.56),
	(102240, 'АЗ Алкмар (мол) - Валвейк', NULL, 'ФОРА1 (0)', NULL, '\n  Футбол/  Чемпионат Нидерландов. 2-й дивизион.\n', 1.4),
	(102241, 'Гоу Эхед Иглз - Неймеген', NULL, 'ИТБ2 (1.5)', NULL, '\n  Футбол/  Чемпионат Нидерландов. 2-й дивизион.\n', 1.83),
	(102242, 'ФК Осс - Волендам', NULL, 'ИТБ1 (1)', NULL, '\n  Футбол/  Чемпионат Нидерландов. 2-й дивизион.\n', 1.38),
	(102243, 'Вакер Инсбрук - Винер Нойштадт', NULL, 'ИТБ2 (1)', NULL, '\n  Футбол/  Чемпионат Австрии. 1-я лига.\n', 1.63),
	(102244, 'Реал Сосьедад - Вильярреал', NULL, 'ИТБ1 (1)', NULL, '\n  Футбол/  Чемпионат Испании. Примера дивизион.\n', 1.44),
	(102245, 'Литва - Испания', NULL, 'П1 с ОТ', NULL, '\n  Баскетбол/  Мужчины. Товарищеские матчи. Сборные.\n', 2.6),
	(102246, 'Кёльн - Гамбург', NULL, 'ТМ (3)', NULL, '\n  Футбол/  Чемпионат Германии. Бундеслига.\n', 1.5),
	(102247, 'Кевильи - Клермон', NULL, 'ТМ (2.5)', NULL, '\n  Футбол/  Чемпионат Франции. Лига 2.\n', 1.74),
	(102248, 'Ним - Гавр', NULL, 'Обе команды забьют: Да', NULL, '\n  Футбол/  Чемпионат Франции. Лига 2.\n', 1.73),
	(102249, 'Балыкесирспор - Алтынорду', NULL, 'Обе команды забьют: Да', NULL, '\n  Футбол/  Турция. 1-я лига\n', 1.68),
	(102250, 'Сеннерйюск - Оденсе', NULL, 'ТБ (2.5)', NULL, '\n  Футбол/  Дания. Суперлига\n', 2.11),
	(102251, 'Артеага В. - Эллен Б.', NULL, 'П1', NULL, '\n  Борьба/  Смешанные боевые искусства. Женщины. Bellator.\n', 1.53),
	(102252, 'Стивенс М. - Рэйни Р.', NULL, 'П2', NULL, '\n  Борьба/  Смешанные боевые искусства. Bellator.\n', 1.36),
	(102253, 'Анжи - Уфа', NULL, 'ФОРА2 (0)', NULL, '\n  Футбол/  Россия. Премьер-лига\n', 2.09),
	(102254, 'ПСЖ - Сент-Этьен', NULL, 'ФОРА2 (2.5)', NULL, '\n  Футбол/  Франция. Лига 1\n', 2.12),
	(102255, 'Бристоль Сити - Астон Вилла', NULL, 'ИТБ1 (1)', NULL, '\n  Футбол/  Англия. Чемпион-лига\n', 1.49),
	(102256, 'Халл Сити - Болтон Уондерерз', NULL, 'ИТБ1 (1)', NULL, '\n  Футбол/  Англия. Чемпион-лига\n', 1.28),
	(102257, 'Нидерланды - Турция', NULL, 'ФОРА1 по партиям (+1.5)', NULL, '\n  Волейбол/  Мужчины. Чемпионат Европы. Польша.\n', 1.17),
	(102258, 'Франция - Бельгия', NULL, 'П1', NULL, '\n  Волейбол/  Мужчины. Чемпионат Европы. Польша.\n', 1.09),
	(102259, 'Локомотив - Слован Бр', NULL, 'П1', NULL, '\n  Хоккей/  КХЛ. Регулярный чемпионат.\n', 1.44),
	(102260, 'СКА - Йокерит', NULL, 'П1', NULL, '\n  Хоккей/  КХЛ. Регулярный чемпионат.\n', 1.41),
	(102261, 'Фюрт - Ингольштадт 04', NULL, 'Обе команды забьют: Да', NULL, '\n  Футбол/  Чемпионат Германии. 2-я бундеслига.\n', 1.75),
	(102262, 'Динамо-Минск - Витязь', NULL, 'ТБ (4.5)', NULL, '\n  Хоккей/  КХЛ. Регулярный чемпионат.\n', 1.65),
	(102263, 'БВ Линц - ФАК', NULL, 'ТМ (4.5)', NULL, '\n  Футбол/  Чемпионат Австрии. 1-я лига.\n', 1.13),
	(102264, 'Кортрейк - Мускрон-Перювельз', NULL, 'ТМ (4.5)', NULL, '\n  Футбол/  Чемпионат Бельгии. Высшая лига.\n', 1.09),
	(102265, 'Лю К. - Каменская В.', NULL, 'П1', NULL, '\n  Теннис/  Женщины. US Open. Квалификация.\n', 1.37),
	(102266, 'Канепи К. - Се Сувэй', NULL, 'П2', NULL, '\n  Теннис/  Женщины. US Open. Квалификация.\n', 2),
	(102267, 'Радванска А. - Гаврилова Д.', NULL, 'П1', NULL, '\n  Теннис/  Турнир WTA. Нью-Хейвен. США. Hard.\n', 1.56),
	(102268, 'АЗ Алкмар (мол) - Валвейк', NULL, 'ФОРА1 (0)', NULL, '\n  Футбол/  Чемпионат Нидерландов. 2-й дивизион.\n', 1.4),
	(102269, 'Гоу Эхед Иглз - Неймеген', NULL, 'ИТБ2 (1.5)', NULL, '\n  Футбол/  Чемпионат Нидерландов. 2-й дивизион.\n', 1.83),
	(102270, 'ФК Осс - Волендам', NULL, 'ИТБ1 (1)', NULL, '\n  Футбол/  Чемпионат Нидерландов. 2-й дивизион.\n', 1.38),
	(102271, 'Вакер Инсбрук - Винер Нойштадт', NULL, 'ИТБ2 (1)', NULL, '\n  Футбол/  Чемпионат Австрии. 1-я лига.\n', 1.63),
	(102272, 'Реал Сосьедад - Вильярреал', NULL, 'ИТБ1 (1)', NULL, '\n  Футбол/  Чемпионат Испании. Примера дивизион.\n', 1.44),
	(102273, 'Литва - Испания', NULL, 'П1 с ОТ', NULL, '\n  Баскетбол/  Мужчины. Товарищеские матчи. Сборные.\n', 2.6),
	(102274, 'Кёльн - Гамбург', NULL, 'ТМ (3)', NULL, '\n  Футбол/  Чемпионат Германии. Бундеслига.\n', 1.5),
	(102275, 'Кевильи - Клермон', NULL, 'ТМ (2.5)', NULL, '\n  Футбол/  Чемпионат Франции. Лига 2.\n', 1.74),
	(102276, 'Ним - Гавр', NULL, 'Обе команды забьют: Да', NULL, '\n  Футбол/  Чемпионат Франции. Лига 2.\n', 1.73),
	(102277, 'Балыкесирспор - Алтынорду', NULL, 'Обе команды забьют: Да', NULL, '\n  Футбол/  Турция. 1-я лига\n', 1.68),
	(102278, 'Сеннерйюск - Оденсе', NULL, 'ТБ (2.5)', NULL, '\n  Футбол/  Дания. Суперлига\n', 2.11),
	(102279, 'Артеага В. - Эллен Б.', NULL, 'П1', NULL, '\n  Борьба/  Смешанные боевые искусства. Женщины. Bellator.\n', 1.53),
	(102280, 'Стивенс М. - Рэйни Р.', NULL, 'П2', NULL, '\n  Борьба/  Смешанные боевые искусства. Bellator.\n', 1.36),
	(102281, 'Анжи - Уфа', NULL, 'ФОРА2 (0)', NULL, '\n  Футбол/  Россия. Премьер-лига\n', 2.09),
	(102282, 'ПСЖ - Сент-Этьен', NULL, 'ФОРА2 (2.5)', NULL, '\n  Футбол/  Франция. Лига 1\n', 2.12),
	(102283, 'Бристоль Сити - Астон Вилла', NULL, 'ИТБ1 (1)', NULL, '\n  Футбол/  Англия. Чемпион-лига\n', 1.49),
	(102284, 'Халл Сити - Болтон Уондерерз', NULL, 'ИТБ1 (1)', NULL, '\n  Футбол/  Англия. Чемпион-лига\n', 1.28),
	(102285, 'Нидерланды - Турция', NULL, 'ФОРА1 по партиям (+1.5)', NULL, '\n  Волейбол/  Мужчины. Чемпионат Европы. Польша.\n', 1.17),
	(102286, 'Франция - Бельгия', NULL, 'П1', NULL, '\n  Волейбол/  Мужчины. Чемпионат Европы. Польша.\n', 1.09),
	(102287, 'Локомотив - Слован Бр', NULL, 'П1', NULL, '\n  Хоккей/  КХЛ. Регулярный чемпионат.\n', 1.44),
	(102288, 'СКА - Йокерит', NULL, 'П1', NULL, '\n  Хоккей/  КХЛ. Регулярный чемпионат.\n', 1.41),
	(102289, 'Фюрт - Ингольштадт 04', NULL, 'Обе команды забьют: Да', NULL, '\n  Футбол/  Чемпионат Германии. 2-я бундеслига.\n', 1.75),
	(102290, 'Динамо-Минск - Витязь', NULL, 'ТБ (4.5)', NULL, '\n  Хоккей/  КХЛ. Регулярный чемпионат.\n', 1.65),
	(102291, 'БВ Линц - ФАК', NULL, 'ТМ (4.5)', NULL, '\n  Футбол/  Чемпионат Австрии. 1-я лига.\n', 1.13),
	(102292, 'Кортрейк - Мускрон-Перювельз', NULL, 'ТМ (4.5)', NULL, '\n  Футбол/  Чемпионат Бельгии. Высшая лига.\n', 1.09),
	(102293, 'Лю К. - Каменская В.', NULL, 'П1', NULL, '\n  Теннис/  Женщины. US Open. Квалификация.\n', 1.37),
	(102294, 'Канепи К. - Се Сувэй', NULL, 'П2', NULL, '\n  Теннис/  Женщины. US Open. Квалификация.\n', 2),
	(102295, 'Радванска А. - Гаврилова Д.', NULL, 'П1', NULL, '\n  Теннис/  Турнир WTA. Нью-Хейвен. США. Hard.\n', 1.56),
	(102296, 'АЗ Алкмар (мол) - Валвейк', NULL, 'ФОРА1 (0)', NULL, '\n  Футбол/  Чемпионат Нидерландов. 2-й дивизион.\n', 1.4),
	(102297, 'Гоу Эхед Иглз - Неймеген', NULL, 'ИТБ2 (1.5)', NULL, '\n  Футбол/  Чемпионат Нидерландов. 2-й дивизион.\n', 1.83),
	(102298, 'ФК Осс - Волендам', NULL, 'ИТБ1 (1)', NULL, '\n  Футбол/  Чемпионат Нидерландов. 2-й дивизион.\n', 1.38),
	(102299, 'Вакер Инсбрук - Винер Нойштадт', NULL, 'ИТБ2 (1)', NULL, '\n  Футбол/  Чемпионат Австрии. 1-я лига.\n', 1.63),
	(102300, 'Реал Сосьедад - Вильярреал', NULL, 'ИТБ1 (1)', NULL, '\n  Футбол/  Чемпионат Испании. Примера дивизион.\n', 1.44),
	(102301, 'Литва - Испания', NULL, 'П1 с ОТ', NULL, '\n  Баскетбол/  Мужчины. Товарищеские матчи. Сборные.\n', 2.6),
	(102302, 'Кёльн - Гамбург', NULL, 'ТМ (3)', NULL, '\n  Футбол/  Чемпионат Германии. Бундеслига.\n', 1.5),
	(102303, 'Кевильи - Клермон', NULL, 'ТМ (2.5)', NULL, '\n  Футбол/  Чемпионат Франции. Лига 2.\n', 1.74),
	(102304, 'Ним - Гавр', NULL, 'Обе команды забьют: Да', NULL, '\n  Футбол/  Чемпионат Франции. Лига 2.\n', 1.73);
/*!40000 ALTER TABLE `ivents` ENABLE KEYS */;

-- Дамп структуры для таблица bma_data.questions
CREATE TABLE IF NOT EXISTS `questions` (
  `ID` bigint(255) NOT NULL AUTO_INCREMENT,
  `question` varchar(2000) NOT NULL,
  `answer` varchar(5000) DEFAULT NULL,
  PRIMARY KEY (`ID`)
) ENGINE=InnoDB AUTO_INCREMENT=11 DEFAULT CHARSET=utf8;

-- Дамп данных таблицы bma_data.questions: ~9 rows (приблизительно)
/*!40000 ALTER TABLE `questions` DISABLE KEYS */;
INSERT INTO `questions` (`ID`, `question`, `answer`) VALUES
	(1, 'Как выбрать букмекера?', 'Подробное <a>описание и рейтинг букмекеров</a> - составлено на основе оценки по четырем основным показателям: надежность, \r\nлиния, удобству работы и бонусы. Все баллы детализированы в описаниях. Только разрешенные в РФ сайты букмекерских контор.'),
	(2, 'Как зарегистрироваться?', '<center>Пример регистрации в <a>1xBET</a> по номеру телефона.</center>\r\n<br>\r\n1) Переходим на сайт <a>1xBET</a>, в правом верхнем угла кнопка "регистрация".<br><br>\r\n2) В появившемся окошке выбираем "по номеру телефона" и указываем свой номер мобильного телефона, и жмем "Зарегистрироваться".<br><br>\r\n<img src="bootstrap/img/registration/Screenshot_1.jpg" width="50%" alt="Упс, картинка временно недоступна, приносим свои извинения">  \r\n<br><br>\r\n3) Данные с вашим логином и паролем отправлены SMS сообщением:<br><br>\r\nИнформацию для регистрации в конкретной букмекерской конторе Вы сможете найти в подробном <a>описании букмекеров</a>  '),
	(3, 'Как пополнить счет с банковской карты?', '<center>На примере поплнения счета в <a>1xBET</a>.</center>\r\n<br>\r\n1) Для того, чтобы пополнить счёт с помощью банковской карты Вам необходимо зайти на\r\nстраницу пополнения счёта нажав на кнопку «Пополнить» в верхней правой части страницы.\r\n<br><br>\r\n2) В зависимости от типа Вашей карты выберите нужную иконку.\r\n<br><br>\r\n3) Укажите сумму, и email. \r\n<br><br>\r\n<img src="bootstrap/img/bankCard/Screenshot_1.jpg" width="35%" alt="Упс, картинка временно недоступна, приносим свои извинения">\r\n<br><br>\r\n4) Далее Вы будете перенаправлены на платёжную страницу, где Вам нужно\r\nбудет заполнить данные с карты. \r\n<br><br>\r\n<img src="bootstrap/img/bankCard/Screenshot_2.jpg" width="50%" alt="Упс, картинка временно недоступна, приносим свои извинения">\r\n<br><br>\r\n5) Жмем, "Pay Now". Вскоре Ваш счёт будет пополнен.\r\n\r\n'),
	(4, 'Как пополнить счет с интернет кошелька?', '<center>На примере поплнения счета в <a>1xBET</a>.</center>\r\n<br>\r\n1) Для того, чтобы пополнить счёт с кошелька Qiwi, Вам необходимо зайти на страницу\r\nпополнения счёта, нажав на кнопку «Пополнить» в верхней правой части страницы.\r\n<br><br>\r\n2) Выбрать иконку Qiwi, ввести желаемую сумму пополнения, номер телефона и нажать\r\n«Пополнить».\r\n<br><br>\r\n<img src="bootstrap/img/qiwi/Screenshot_1.jpg" width="35%" alt="Упс, картинка временно недоступна, приносим свои извинения">\r\n<br><br>\r\n3) Подтвердить платёж.\r\n<br><br>\r\n<img src="bootstrap/img/qiwi/Screenshot_2.jpg" width="35%" alt="Упс, картинка временно недоступна, приносим свои извинения">\r\n<br><br>\r\n4) Далее Вы будете перенаправлены на сайт Qiwi, где нужно будет подтвердить оплату кодом,\r\nкоторый придёт на телефон, привязанный к Вашему кошельку. Вскоре Ваш счёт будет пополнен.\r\n<br><br>\r\n<img src="bootstrap/img/qiwi/Screenshot_3.jpg" width="50%" height = "30%" alt="Упс, картинка временно недоступна, приносим свои извинения">\r\n\r\n'),
	(5, 'Как пополнить счет мобильным платежём?', '<center>На примере поплнения счета в <a>1xBET</a>.</center>\r\n<br>\r\n1) Для того, чтобы пополнить счёт с помощью мобильного телефона, Вам необходимо зайти\r\nна страницу пополнения счёта, нажав на кнопку «Пополнить» в верхней правой части страницы.\r\n<br><br>\r\n2) Далее, в зависимости от Вашего мобильного оператора, нужно выбрать иконку.\r\n<br><br>\r\n<img src="bootstrap/img/mobile/Screenshot_1.jpg" width="50%" alt="Упс, картинка временно недоступна, приносим свои извинения">\r\n<br><br>\r\n3) Ввести желаемую сумму пополнения, номер телефона и нажать «Подтвердить»\r\n<br><br>\r\n<img src="bootstrap/img/mobile/Screenshot_2.jpg" width="50%" alt="Упс, картинка временно недоступна, приносим свои извинения">\r\n<br><br>\r\n4) На ваш номер телефона поступит сообщение, где нужно будет подтвердить списание\r\nсредств со счёта мобильного. Вскоре ваш счет будет пополнен.\r\n<br><br>\r\n<img src="bootstrap/img/mobile/Screenshot_3.jpg" width="50%" alt="Упс, картинка временно недоступна, приносим свои извинения">\r\n'),
	(6, 'Как сделать ставку?', '<center>На примере ставки в <a>1xBET</a>.</center>\r\n<br>\r\n1) Чтобы сделать ставку, Вам необходимо зайти\r\nна главную страницу 1xBET, войти в свой аккаунт. Далее 4 простых шага:<br><br>\r\n- Выбираем в меню слева интересующий вид спорта и чемпионат.<br> \r\n- Выбираем отдельное событие, например Манчестер Юнайтед - Лестер.<br> - Выбираем на что ставим.<br>\r\n- Слева Можно увидеть информацию по ставке. Вводим там сумму и нажимаем кнопку "Сделать ставку".\r\n<br><br>\r\n<img src="bootstrap/img/bet/Screenshot_1.jpg" width="100%" alt="Упс, картинка временно недоступна, приносим свои извинения">\r\n<br><br>\r\n3) Видим следующее сообщение с информацией о Вашей ставке. \r\n<br><br>\r\n<img src="bootstrap/img/bet/Screenshot_2.jpg" width="35%" alt="Упс, картинка временно недоступна, приносим свои извинения">\r\n<br><br>\r\n '),
	(7, 'Как узнать результат ставки?', '<center>На примере в <a>1xBET</a>.</center>\r\n<br>\r\n1) Чтобы узнать результат, Вам необходимо зайти\r\nна главную страницу 1xBET, войти в свой аккаунт. Далее в верху справа выбираем личный кабинет и история ставок.\r\nПосле окончания матча, там будет отображаться результат вашей ставки. \r\n<br><br>\r\n<img src="bootstrap/img/betResult/Screenshot_1.jpg" width="100%" alt="Упс, картинка временно недоступна, приносим свои извинения">\r\n<br><br>\r\n'),
	(8, 'Как снять деньги?', '<center>На примере вывода на карту в <a>1xBET</a>.</center>\r\n<br>\r\n1) Для того, чтобы вывести деньги на банковскую карту Вам необходимо войти в свой аккаунт на\r\n<a>1xBET</a>. Вверху слева выбираем личный кабинет и вывести со счета. Далее выбираем свою карту и заполняем данные на форме. \r\n<br><br>\r\n<img src="bootstrap/img/out/Screenshot_1.jpg" width="100%" alt="Упс, картинка временно недоступна, приносим свои извинения">\r\n<br><br>\r\n2) Жмем "Подтвердить". Вскоре Ваши деньги придут на Вашу карту. '),
	(9, 'Основные термины, используемые букмекерскими конторами.', '<ul>\r\n<li><b>Ставка</b> – деньги, с помощью которых вы заключаете пари на какое-либо событие, на которое букмекерской конторой выставлен коэффициент.</li>\r\n<li><b>Коэффициент</b> – числовое измерение вероятности наступления события, его выставляют букмекеры. Как правило, он бывает дробным и десятичным – этот вид более привычный и понятный нам.</li>\r\n<li><b>Исход</b> – результат события, который рассчитан букмекерской конторой.</li>\r\n<li><b>Выигрыш</b> – та сумма, которая начисляется на ваш счет в букмекерской конторе в случае, если ваша ставка оказалась верной, т.е. событие, на которое вы заключили пари,  произошло.</li>\r\n<li><b>Проигрыш</b> – та сумма, которую вы теряете  если  ваша ставка оказалась неверной, т.е. событие, на которое вы заключили пари,  не произошло.</li>\r\n<li><b>Ординар</b> – одиночная ставка, т.е. ставка на одно событие.  В случае выигрыша, ставка рассчитывается как произведение суммы вашей ставки на предложенный коэффициент. \r\nНапример, вы поставили 2 доллара на событие, оцененное букмекером коэффициентом 1,9. В случае выигрыша, сумма, на которую пополнится ваш счет будет 3,8 доллара, \r\nчистая прибыль 3,8 – 2 (сумма ставки)= 1,8 доллара.</li>\r\n<li><b>Экспресс</b> –  комбинирование одиночных ставок – ординаров на исходы нескольких событий. Для экспресса  можно выбрать любые события, которые не зависят друг от друга. \r\nКоэффициент по экспрессу будет равен произведению коэффициентов на те события, которые вы выбрали. Для выигрыша по экспрессу необходимо чтобы все входящие в него события были не проиграны \r\n(т.е. если по какому-то событию будет возврат с коэффициентом 1, то это будет считаться выигрышем). Если хотя бы 1 из событий, объединенных в экспресс, проиграет, то весь экспресс \r\nсчитается проигранным.</li>\r\n<li><b>Мультиставка</b> – это система ставок, состоящая из экспрессов и ординаров, которые клиент собирает в одном купоне в оптимальной для себя комбинации.\r\n<li><b>Условная ставка</b> – это ставка, состоящая из набора независимых друг от друга экспрессов или ординаров. Получить выигрыш клиент может как с одного события в условной ставке, так и со всех событий.\r\n<li><b>Антиэкспресс</b> – это противоположность экспрессу, то есть игрок собирает экспресс и получает выигрыш в том случае, если хотя бы одно событие в экспрессе проигрывает.\r\n<li><b>Лаки</b> – это специальный вид ставок, в котором игрок выбирает три и более события и может выиграть во всех возможных видах экспрессов и ординаров на эти события.\r\n<li><b>Патент</b> – это специальный вид ставок – совокупность всех возможных экспрессов из нескольких событий.\r\n<li><b>Линия букмекерской конторы</b> – это список оценок (котировок) спортивных событий. Каждому игроку важно понимать, что эти оценки выставляются на основе различных \r\nпараметров, но ни в коем случае не известно как пойдет дело в реальной встрече в реальном времени, нередки случаи когда проигрывают заведомо \r\nболее сильные и мастеровитые спортсмены.</li>\r\n<li><b>Маржа</b> букмекерской конторы – прибыль, закладываемая букмекером в предлагаемые коэффициенты. Например, William’s Hill, выставляя в футбольном\r\nматче на событие четное/нечетное количество голов  коэффициенты 1,91/1,91 в каждый коэффициент закладывает свою маржу 4,5%.</li>\r\n</ul>'),
	(10, 'Основные варианты исходов ставок и их обозначения.', '<ul>\r\n<li><b>1</b> – победа первой команды.</li>\r\n<li><b>Х</b> – ничья.</li>\r\n<li><b>2</b> – победа второй команды.</li>\r\n<li><b>1Х</b> – победа первой команды или ничья.</li>\r\n<li><b>Х2</b> – победа второй команды или ничья.</li>\r\n<li><b>12</b> – победа 1 или 2 команды, если будет ничья, то ставка проиграна.</li>\r\n<li><b>Ф1</b> – фора относится только к голам первой команды.</li>\r\n<li><b>Ф2</b> – фора относится только к голам второй команды.</li>\r\n<li><b>Тб 2,5</b> — тотал забитых голов в матче больше 2,5 голов.</li>\r\n<li><b>Тм 3</b> - тотал забитых голов в матче меньше 3 голов.</li>\r\n<li><b>Итб1 (1,5)</b> - индивидуальный тотал, означающий общее количество забитых голов первой командой больше величины, указанной в скобках (в нашем примере — больше 1,5).</li>\r\n<li><b>Итм2 (2,5)</b> — индивидуальный тотал, означающий общее количество забитых голов второй командой (в нашем примере — меньше 2,5).</li>\r\n<li><b>Расчет ставки с форой (гандикапом).</b> После обозначения форы Ф и указания на кого (1или2) идет указание того, какая фора. Она может быть со знаками «+» или «-». «+» означает, \r\nчто следующее за ним число надо прибавить к счету со стороны той команды, на которую стоит фора, «-» соответственно отнять эту фору. Например, возьмем выдуманный матч Зенит — Волга.\r\nФ1 (-1,5) – ставка на то, что 1-я команда (в данном случае, Зенит) выиграет с разницей 2 и больше мячей. Т.е. допустим, что итоговый результат  3:1, то мы от мячей первой команды (от 3) \r\nвычитаем 1,5, получаем счет 1,5:1 – по нему первая команда выигрывает, значит и ваша ставка тоже выигрывает. Аналогично счет 2:0, 3:0, 4:2 и т.д. для этой ставки нас устраивает. \r\nАналогично если бы у нас была ставка Ф2 (+1,5) , то к голам второй команды вам надо будет прибавить 1,5, если полученный результат будет верным (в  нашем примере подошел бы счет, например, 2:1), \r\nто и ваша ставка будет выигрышной. Таким образом, в данном примере, ставки Ф1(-1,5) и Ф2(+1,5) – идентичны.</li>\r\n<li><b>Азиатская фора (азиатский гандикап).</b> Фора, кратная 0,25. Принимая такую ставку, фактически букмекер принимает 2 ставки, например Ф (+1,25) разбивается на Ф (+1)и Ф (+1,5),\r\nсоответственно, на каждую из фор идет половина суммы ставки. Результатом может быть выигрыш/ проигрыш по обеим ставкам, а также можно одну ставку выиграть, а по другой получить возврат.</li>\r\n<li><b>Тотал (от английского total – общий, суммарный)</b> – общее за матч количество забитых голов, шайб и т.п.  У каждой букмекерской конторы свои правила подсчета тоталов – в некоторых \r\nсчитается только голы (шайбы и т.п.), забитые в основное время, в некоторых учитывается все, что было забито и в добавленное время. При подсчете количества голов в футбольных матчах счет \r\n0:0 считается четным.</li>\r\n</ul>');
/*!40000 ALTER TABLE `questions` ENABLE KEYS */;

-- Дамп структуры для таблица bma_data.users
CREATE TABLE IF NOT EXISTS `users` (
  `ID` bigint(100) NOT NULL AUTO_INCREMENT,
  `LOGIN` varchar(50) NOT NULL,
  `PASSWORD` varchar(50) NOT NULL,
  PRIMARY KEY (`ID`)
) ENGINE=InnoDB AUTO_INCREMENT=2 DEFAULT CHARSET=utf8;

-- Дамп данных таблицы bma_data.users: ~1 rows (приблизительно)
/*!40000 ALTER TABLE `users` DISABLE KEYS */;
INSERT INTO `users` (`ID`, `LOGIN`, `PASSWORD`) VALUES
	(1, 'Admin', '123123');
/*!40000 ALTER TABLE `users` ENABLE KEYS */;

/*!40101 SET SQL_MODE=IFNULL(@OLD_SQL_MODE, '') */;
/*!40014 SET FOREIGN_KEY_CHECKS=IF(@OLD_FOREIGN_KEY_CHECKS IS NULL, 1, @OLD_FOREIGN_KEY_CHECKS) */;
/*!40101 SET CHARACTER_SET_CLIENT=@OLD_CHARACTER_SET_CLIENT */;
