-- --------------------------------------------------------
-- Хост:                         18.220.86.224
-- Версия сервера:               5.7.19 - MySQL Community Server (GPL)
-- Операционная система:         Linux
-- HeidiSQL Версия:              9.4.0.5125
-- --------------------------------------------------------

/*!40101 SET @OLD_CHARACTER_SET_CLIENT=@@CHARACTER_SET_CLIENT */;
/*!40101 SET NAMES utf8 */;
/*!50503 SET NAMES utf8mb4 */;
/*!40014 SET @OLD_FOREIGN_KEY_CHECKS=@@FOREIGN_KEY_CHECKS, FOREIGN_KEY_CHECKS=0 */;
/*!40101 SET @OLD_SQL_MODE=@@SQL_MODE, SQL_MODE='NO_AUTO_VALUE_ON_ZERO' */;


-- Дамп структуры базы данных bma_data
CREATE DATABASE IF NOT EXISTS `bma_data` /*!40100 DEFAULT CHARACTER SET utf8 */;
USE `bma_data`;

-- Дамп структуры для таблица bma_data.BOOKMAKERS
CREATE TABLE IF NOT EXISTS `BOOKMAKERS` (
  `ID` bigint(20) NOT NULL AUTO_INCREMENT,
  `NAME` varchar(100) NOT NULL,
  `LINK` varchar(250) DEFAULT NULL,
  `IMAGE` varchar(250) DEFAULT NULL,
  PRIMARY KEY (`ID`)
) ENGINE=InnoDB AUTO_INCREMENT=8 DEFAULT CHARSET=utf8;

-- Дамп данных таблицы bma_data.BOOKMAKERS: ~6 rows (приблизительно)
/*!40000 ALTER TABLE `BOOKMAKERS` DISABLE KEYS */;
INSERT INTO `BOOKMAKERS` (`ID`, `NAME`, `LINK`, `IMAGE`) VALUES
	(1, '1xBET', 'https://www.1xbet.com/', 'https://www.1xbet.com/xbet/img/logo.png'),
	(2, 'PariMatch', 'https://www.parimatch.com/', 'https://bookmaker-ratings.ru/wp-content/uploads/2014/12/parimatch-logo-156-1.png'),
	(3, 'Winline', 'https://winline.ru/', 'https://winline.ru/assets/img/logo-header.png'),
	(4, 'Лига Ставок', 'https://www.ligastavok.ru', 'https://bookmaker-ratings.ru/wp-content/uploads/2016/07/LigaStavok_RB.png'),
	(5, 'ФОНБЕТ', 'https://www.fonbet.ru', 'https://bookmaker-ratings.ru/wp-content/uploads/2016/12/FC3F2D60B0FB6DD747C4780868B9EC8FA50A04C74440A28442-pimgpsh_fullsize_distr.png'),
	(6, 'LEON', 'https://www.leon.ru', 'https://bookmaker-ratings.ru/wp-content/uploads/2016/10/leon_ru_dark.png');
/*!40000 ALTER TABLE `BOOKMAKERS` ENABLE KEYS */;

-- Дамп структуры для таблица bma_data.EXPRESSES
CREATE TABLE IF NOT EXISTS `EXPRESSES` (
  `ID` bigint(255) NOT NULL AUTO_INCREMENT,
  `NAME` varchar(200) DEFAULT NULL,
  `DATE` date NOT NULL,
  `SOURCE` varchar(200) DEFAULT NULL,
  `DESCRIPTION` varchar(10000) DEFAULT NULL,
  PRIMARY KEY (`ID`)
) ENGINE=InnoDB AUTO_INCREMENT=41706 DEFAULT CHARSET=utf8;

-- Дамп данных таблицы bma_data.EXPRESSES: ~59 rows (приблизительно)
/*!40000 ALTER TABLE `EXPRESSES` DISABLE KEYS */;
INSERT INTO `EXPRESSES` (`ID`, `NAME`, `DATE`, `SOURCE`, `DESCRIPTION`) VALUES
	(44, 'MY_EXPRESS', '2017-08-21', NULL, '<br>Горожане открывают сезон домашних матчей противостоянием с неуступчивым Эвертоном. Ириски обязательно навяжут серьезное сопротивление но класс игроков Манчестер Сити и поддержка заполненных трибун помогут хозяевам одержать победу.'),
	(1694, 'MY_EXPRESS', '2017-08-22', NULL, '<br>1) Без удалённых в первом матче Плеа и Козиелло шансов у хозяев 0,а учитывая как убого Ницца обороняется против серьезного нападения и хорошую форму Наполи уверен 2 своих хозяева пропустят и сегодня.<br>\r\n2) В гостях Зенит выглядел неважно. Парни из Питера наверняка соберуться дома, чтобы показать свой лучший футбол. Утрехт же вероятнее всего попробует удерживать преимущество, в 1 мяч, которого не хватит.<br>\r\n3) Дома Авангард явный фаворит встречи. В последний раз ребята раскатали 9-3 Авангард уничтожил Динамо, не вижу причин почему бы им не повторить это сегодня.  '),
	(6719, 'MY_EXPRESS', '2017-08-23', NULL, '&#1061;&#1086;&#1095;&#1077;&#1090;&#1089;&#1103; &#1077;&#1097;&#1077; &#1080; &#1101;&#1082;&#1089;&#1087;&#1088;&#1077;&#1089;&#1089; &#1074;&#1079;&#1103;&#1090;&#1100;, &#1076;&#1091;&#1084;&#1072;&#1102; &#1073;&#1086;&#1083;&#1100;&#1096;&#1077; &#1096;&#1077;&#1089;&#1090;&#1080; &#1096;&#1072;&#1081;&#1073; &#1085;&#1077; &#1076;&#1086;&#1083;&#1078;&#1085;&#1099; &#1079;&#1072;&#1073;&#1099;&#1074;&#1072;&#1090;&#1100;, &#1085;&#1086; &#1042;&#1080;&#1090;&#1103;&#1079;&#1100; &#1085;&#1077;&#1087;&#1083;&#1086;&#1093;&#1086; &#1087;&#1086;&#1082;&#1072;&#1079;&#1072;&#1083; &#1089;&#1077;&#1073;&#1103; &#1074; &#1087;&#1088;&#1086;&#1096;&#1083;&#1086;&#1084; &#1089;&#1077;&#1079;&#1086;&#1085;&#1077;, &#1087;&#1086;&#1089;&#1084;&#1086;&#1090;&#1088;&#1080;&#1084; &#1095;&#1090;&#1086; &#1073;&#1091;&#1076;&#1077;&#1090; &#1074; &#1101;&#1090;&#1086;&#1084;. &#1062;&#1057;&#1050;&#1040; &#1087;&#1088;&#1086;&#1080;&#1075;&#1088;&#1072;&#1083; &#1087;&#1077;&#1088;&#1074;&#1091;&#1102; &#1074;&#1089;&#1090;&#1088;&#1077;&#1095;&#1091;, &#1085;&#1086; &#1101;&#1090;&#1086; &#1073;&#1099;&#1083; &#1095;&#1077;&#1084;&#1087;&#1080;&#1086;&#1085; &#1082;&#1072;&#1082; &#1085;&#1080;&#1082;&#1072;&#1082;, &#1084;&#1085;&#1086;&#1075;&#1086; &#1051;&#1086;&#1082;&#1086;&#1084;&#1086;&#1090;&#1080;&#1074;&#1091; &#1085;&#1077; &#1079;&#1072;&#1073;&#1100;&#1077;&#1096;&#1100;, &#1082;&#1086;&#1084;&#1072;&#1085;&#1076;&#1072; &#1085;&#1077;&#1087;&#1083;&#1086;&#1093;&#1086; &#1080;&#1075;&#1088;&#1072;&#1077;&#1090; &#1074; &#1086;&#1073;&#1086;&#1088;&#1086;&#1085;&#1077;,&#1085;&#1086; &#1075;&#1086;&#1089;&#1090;&#1080; &#1087;&#1086;&#1082;&#1072;&#1079;&#1099;&#1074;&#1072;&#1102;&#1090; &#1090;&#1086;&#1090;&#1072;&#1083;&#1100;&#1085;&#1099;&#1081; &#1093;&#1086;&#1082;&#1082;&#1077;&#1081;. &#1059;&#1078; &#1085;&#1077; &#1074;&#1077;&#1088;&#1080;&#1090;&#1089;&#1103;, &#1095;&#1090;&#1086; &#1057;&#1083;&#1086;&#1074;&#1072;&#1085; &#1077;&#1076;&#1077;&#1090; &#1087;&#1088;&#1086;&#1089;&#1090;&#1086; &#1090;&#1072;&#1082;,&#1075;&#1086;&#1089;&#1090;&#1080; &#1079;&#1085;&#1072;&#1102;&#1090; &#1082;&#1091;&#1076;&#1072; &#1080; &#1089; &#1082;&#1077;&#1084; &#1080;&#1084; &#1087;&#1088;&#1080;&#1076;&#1077;&#1090;&#1089;&#1103; &#1074;&#1089;&#1090;&#1088;&#1077;&#1090;&#1080;&#1090;&#1100;&#1089;&#1103;)&#1086;&#1076;&#1085;&#1091; &#1096;&#1072;&#1081;&#1073;&#1091; &#1076;&#1091;&#1084;&#1072;&#1102;&#1090; &#1086;&#1089;&#1080;&#1083;&#1080;&#1090;,&#1093;&#1086;&#1090;&#1103; &#1074;&#1087;&#1086;&#1083;&#1085;&#1077; &#1084;&#1086;&#1078;&#1077;&#1090; &#1073;&#1099;&#1090;&#1100; &#1080; &#1087;&#1086;&#1073;&#1077;&#1076;&#1072;.'),
	(30675, 'MY_EXPRESS', '2017-08-24', NULL, '<br>1) Зенит откровенно удивил в первом матче и счетом и игрой. Команды такого уровня должна играть в лиге чемпионов, а уж в \r\nлиге европы и подавно. Не выход в следущую стадию будет мега провалом как для клуба так и для именитого тренера так что побеждать обязаны.\r\n<br>2) Омск принимает у себя одну из самых слабых команд лиги. Должны побеждать в основное время без проблем.'),
	(34508, 'MY_EXPRESS', '2017-08-25', NULL, '&#1055;&#1088;&#1080;&#1074;&#1077;&#1090; &#1074;&#1089;&#1077;&#1084;. &#1050;&#1086;&#1085;&#1090;&#1080;&#1085;&#1077;&#1085;&#1090;&#1072;&#1083;&#1100;&#1085;&#1072;&#1103; &#1061;&#1086;&#1082;&#1082;&#1077;&#1080;&#1085;&#1072;&#1103; &#1051;&#1080;&#1075;&#1072;. &#1051;&#1072;&#1076;&#1072; - &#1040;&#1074;&#1090;&#1086;&#1084;&#1086;&#1073;&#1080;&#1083;&#1080;&#1089;&#1090;. &#1040;&#1074;&#1090;&#1086; &#1087;&#1086;&#1082;&#1072;&#1079;&#1099;&#1074;&#1072;&#1077;&#1090; &#1085;&#1077; &#1087;&#1083;&#1086;&#1093;&#1086;&#1081; &#1088;&#1077;&#1079;&#1091;&#1083;&#1100;&#1090;&#1072;&#1090;. &#1063;&#1090;&#1086; &#1074; &#1087;&#1088;&#1077;&#1076;&#1089;&#1077;&#1079;&#1086;&#1085;&#1082;&#1077; &#1063;&#1090;&#1086; &#1074; &#1085;&#1072;&#1095;&#1072;&#1083;&#1077; &#1050;&#1061;&#1051;. &#1054;&#1073;&#1099;&#1075;&#1088;&#1072;&#1083;&#1080; &#1052;&#1072;&#1075;&#1085;&#1080;&#1090;&#1086;&#1075;&#1086;&#1088;&#1089;&#1082; &#1089; &#1087;&#1088;&#1080;&#1083;&#1080;&#1095;&#1085;&#1099;&#1084; &#1089;&#1095;&#1105;&#1090;&#1086;&#1084; 2-5. &#1057;&#1082;&#1088;&#1086;&#1084;&#1085;&#1099;&#1081; &#1090;&#1086;&#1090;&#1072;&#1083; &#1085;&#1072;&#1076;&#1077;&#1102;&#1089;&#1100; &#1079;&#1072;&#1081;&#1076;&#1077;&#1090; &#1087;&#1088;&#1086;&#1090;&#1080;&#1074; &#1051;&#1072;&#1076;&#1099;. &#1042;&#1080;&#1090;&#1103;&#1079;&#1080; &#1074;&#1082;&#1072;&#1090;&#1080;&#1083;&#1080; &#1090;&#1088;&#1080; &#1073;&#1072;&#1085;&#1082;&#1080; &#1044;&#1080;&#1085;&#1072;&#1084;&#1086; &#1087;&#1088;&#1095;&#1077;&#1084; &#1052;&#1089;&#1082;. &#1053;&#1077; &#1086;&#1078;&#1080;&#1076;&#1072;&#1083; &#1089;&#1090;&#1086;&#1083;&#1100;&#1082;&#1086;. &#1057;&#1086;&#1086;&#1090;&#1074;&#1077;&#1090;&#1089;&#1090;&#1074;&#1077;&#1085;&#1085;&#1086; &#1090;&#1086;&#1090;&#1072;&#1083; &#1085;&#1086;&#1088;&#1084;&#1072;&#1083;&#1100;&#1085;&#1099;&#1081;. &#1048;&#1085;&#1090;&#1077;&#1088;&#1077;&#1089;&#1085;&#1086; &#1057;&#1050;&#1040; &#1088;&#1072;&#1089;&#1082;&#1072;&#1090;&#1072;&#1077;&#1090; &#1085;&#1080;&#1095;&#1077;&#1081;&#1082;&#1091; &#1089; &#1049;&#1086;&#1082;&#1077;&#1088;&#1080;&#1090;&#1086;&#1084; &#1080;&#1083;&#1080; &#1085;&#1077;&#1090;. &#1040; &#1087;&#1086; &#1076;&#1077;&#1083;&#1091; &#1101;&#1090;&#1086; &#1057;&#1050;&#1040;!'),
	(35421, 'MY_EXPRESS', '2017-08-26', NULL, '&#1050;&#1088;&#1080;&#1089;&#1090;&#1072;&#1083; &#1055;&#1101;&#1083;&#1072;&#1089; &#1085;&#1077;&#1091;&#1074;&#1077;&#1088;&#1077;&#1085;&#1085;&#1086; &#1089;&#1099;&#1075;&#1088;&#1072;&#1083; &#1087;&#1077;&#1088;&#1074;&#1099;&#1077; 2 &#1090;&#1091;&#1088;&#1072;, &#1079;&#1072;&#1090;&#1086; &#1074; &#1087;&#1086;&#1089;&#1083;&#1077;&#1076;&#1085;&#1077;&#1084; &#1084;&#1072;&#1090;&#1095;&#1077; &#1091;&#1076;&#1072;&#1083;&#1086;&#1089;&#1100; &#1088;&#1072;&#1079;&#1084;&#1103;&#1090;&#1100;&#1089;&#1103; &#1089; &#1048;&#1089;&#1087;&#1074;&#1080;&#1095; &#1058;&#1072;&#1091;&#1085; &#1074; &#1082;&#1091;&#1073;&#1082;&#1077; &#1083;&#1080;&#1075;&#1080;, &#1087;&#1086;&#1088;&#1072; &#1080; &#1057;&#1091;&#1086;&#1085;&#1089;&#1080; &#1076;&#1086;&#1084;&#1072; &#1086;&#1076;&#1086;&#1083;&#1077;&#1090;&#1100;, &#1086;&#1085;&#1080; &#1078;&#1077; &#1089;&#1090;&#1072;&#1088;&#1090;&#1086;&#1074;&#1072;&#1083;&#1080; &#1089; &#1087;&#1086;&#1088;&#1072;&#1078;&#1077;&#1085;&#1080;&#1103; &#1086;&#1090; &#1052;&#1072;&#1085;&#1095;&#1077;&#1089;&#1090;&#1077;&#1088;&#1072;(&#1082;&#1088;&#1072;&#1089;&#1085;&#1086;&#1075;&#1086;) &#1080; &#1085;&#1080;&#1095;&#1100;&#1080; &#1089; &#1057;&#1072;&#1091;&#1090;&#1075;&#1077;&#1084;&#1087;&#1090;&#1086;&#1085;&#1086;&#1084;.\r\n&#1044;&#1100;&#1103;&#1074;&#1086;&#1083;&#1099; &#1086;&#1073;&#1103;&#1079;&#1072;&#1090;&#1077;&#1083;&#1100;&#1085;&#1086; &#1079;&#1072;&#1073;&#1100;&#1102;&#1090; &#1076;&#1086;&#1084;&#1072; &#1051;&#1077;&#1089;&#1090;&#1077;&#1088;&#1091; &#1080; &#1087;&#1086;&#1089;&#1090;&#1072;&#1088;&#1072;&#1102;&#1090;&#1089;&#1103; &#1087;&#1086;&#1074;&#1090;&#1086;&#1088;&#1080;&#1090;&#1100; &#1088;&#1077;&#1079;&#1091;&#1083;&#1100;&#1090;&#1072;&#1090; &#1087;&#1088;&#1086;&#1096;&#1083;&#1099;&#1093; &#1090;&#1091;&#1088;&#1086;&#1074;. &#1054;&#1076;&#1085;&#1072;&#1082;&#1086; &#1087;&#1086;&#1088;&#1072; &#1073;&#1099; &#1080; &#1087;&#1088;&#1086;&#1087;&#1091;&#1089;&#1090;&#1080;&#1090;&#1100; &#1093;&#1086;&#1090;&#1100; &#1086;&#1076;&#1080;&#1085; &#1075;&#1086;&#1083;. &#1059; &#1051;&#1077;&#1089;&#1090;&#1077;&#1088;&#1072; &#1077;&#1089;&#1090;&#1100; &#1084;&#1085;&#1086;&#1075;&#1086; &#1087;&#1088;&#1080;&#1095;&#1080;&#1085; &#1087;&#1086; &#1082;&#1086;&#1090;&#1086;&#1088;&#1099;&#1084; &#1074;&#1086;&#1088;&#1086;&#1090;&#1072; &#1052;&#1072;&#1085;&#1095;&#1077;&#1089;&#1090;&#1077;&#1088;&#1072; &#1085;&#1077; &#1086;&#1089;&#1090;&#1072;&#1085;&#1091;&#1090;&#1089;&#1103; &#1089;&#1091;&#1093;&#1080;&#1084;&#1080;. '),
	(37146, 'MY_EXPRESS', '2017-08-27', NULL, '&#1056;&#1077;&#1072;&#1083; &#1087;&#1086; &#1087;&#1088;&#1077;&#1078;&#1085;&#1077;&#1084;&#1091; &#1085;&#1072;&#1093;&#1086;&#1076;&#1080;&#1090;&#1089;&#1103; &#1074; &#1086;&#1090;&#1083;&#1080;&#1095;&#1085;&#1086;&#1081; &#1092;&#1086;&#1088;&#1084;&#1077;, &#1074; &#1090;&#1086; &#1074;&#1088;&#1077;&#1084;&#1103; &#1082;&#1072;&#1082; &#1042;&#1072;&#1083;&#1077;&#1085;&#1089;&#1080;&#1103; &#1079;&#1072;&#1082;&#1086;&#1085;&#1095;&#1080;&#1083;&#1072; &#1087;&#1088;&#1086;&#1096;&#1083;&#1099;&#1081; &#1089;&#1077;&#1079;&#1086;&#1085; &#1085;&#1072; 12 &#1084;&#1077;&#1089;&#1090;&#1077; &#1080; &#1074;&#1088;&#1103;&#1076; &#1083;&#1080; &#1089;&#1086;&#1089;&#1090;&#1072;&#1074;&#1080;&#1090; &#1082;&#1086;&#1085;&#1082;&#1091;&#1088;&#1077;&#1085;&#1094;&#1080;&#1102; &#1052;&#1072;&#1076;&#1088;&#1080;&#1076;&#1091; &#1085;&#1072; &#1041;&#1077;&#1088;&#1085;&#1072;&#1073;&#1077;&#1091;. \r\n&#1051;&#1080;&#1074;&#1077;&#1088;&#1087;&#1091;&#1083;&#1100; &#1085;&#1077; &#1090;&#1072;&#1082; &#1093;&#1086;&#1088;&#1086;&#1096; &#1074; &#1086;&#1073;&#1086;&#1088;&#1086;&#1085;&#1077;, &#1040;&#1088;&#1089;&#1077;&#1085;&#1072;&#1083; &#1074; &#1101;&#1090;&#1086;&#1084; &#1087;&#1086;&#1082;&#1072;&#1079;&#1072;&#1090;&#1077;&#1083;&#1077; &#1077;&#1097;&#1077; &#1083;&#1091;&#1095;&#1096;&#1077;, &#1091;&#1074;&#1077;&#1088;&#1077;&#1085; &#1082;&#1086;&#1084;&#1072;&#1085;&#1076;&#1099; &#1086;&#1073;&#1103;&#1079;&#1072;&#1090;&#1077;&#1083;&#1100;&#1085;&#1086; &#1086;&#1073;&#1084;&#1077;&#1085;&#1103;&#1102;&#1090;&#1089;&#1103; &#1075;&#1086;&#1083;&#1072;&#1084;&#1080;.'),
	(39211, 'MY_EXPRESS', '2017-08-29', NULL, 'Локомотив принимает Витязь. Локо должен брать три очка, как ни крути соперник удобный.  Хорошо отыграли против ЦСКА и выиграли Слован Бр. \r\n<br>Нефтехимик принимает Ладу. Хозяева хорошо проводят домашние матчи и думаю сегодня ничего не помешает им не проиграть хотя бы в основное время. Всем удачи!\r\n'),
	(40268, 'MY_EXPRESS', '2017-08-30', NULL, 'Всем привет, предлагаем вам такой ординар на сегодня. Предположительно Барыс будет атаковать, Торпедо же точно просто так не сдаcтся. Игра будет плотной и учитывая кондиции команд, которые пока что не в лучшей форме, вероятность большого количества бросков по воротам не большая. Всем удачи.'),
	(41368, 'MY_EXPRESS', '2017-09-01', NULL, 'Всем привет, сегодня теннис, все просто: Радваньска классом выше Путинцевой, поэтому должна побеждать, в теннисе, где все зависит от 1 спортсмена, редко что-то может помешать заведомо сильнейшему сопернику.<br> Макарова сейчас в превосходной форме, надо брать, тем более стаким хорошим коэффициентом.   '),
	(41657, NULL, '2017-08-31', 'https://vprognoze.ru', 'Добрый деньРублев очень неожииданно закрыл Беденне 3-0.Что это? возможно начала прогресса потому что словенца так закрыть достоточно не просто лично я жду от Андрея прорыв в Топ 30 в ближайшее время, мне кажется сегодня он минимум поборетсяГоффин погсле удара о щит на РГ по прежнему далек от оптимальных кондиций, этот Пелья из кого угодно может выжать силы, Гоффину придется много бегать, не знаю я насколько он сейчас готов это делать, но мой прогнозе Пелья его игру сломает.Монфилс все равно будет опять немного забивать на игру, опять подарок сет будет 3-6 для Янг, а американец в любом случае будет бороться от и до.Удвачи'),
	(41658, NULL, '2017-08-31', 'https://vprognoze.ru', 'Заиграю вот такой тройник, т.к. ординарами его брать не особо выгодно.1. Шведы молодцы, одержали-таки победы над сборной Франции, возглавили группу. Теперь это преимущество необходимо удержать. Дома команда играет в общем-то неплохо. Но им даже Люксембург забивал на выезде три (!!!). Да, обыграли Нидерланды, но голландцы сейчас явно не в своей тарелке. В последнем матче проиграл на выезде белорусам, которые просто ужасны в этом отборе. Стабильности никакой. Думаю, что как минимум один шведы забьют точно. И как бы не больше.2. Боснийцам просто кровь из носу нужно побеждать. На первое место в группе надеяться не приходиться, его бельгийцы не отдадут. Тем более, что они сегодня явно одержат победу. Греки играют с эстонцами, сборная Греции также может набрать 3 очка. Кипр далеко не так силен, команда обыгрывает только слабенькие сборные в лице Гибралтара. С такими исполнителями впереди боснийцы не могут не выиграть сегодня. Иначе с ЧМ можно будет практически попрощаться. 3. Белорусы провалили этот отбор, команда идет на предпоследнем месте, опережаю только лишь Люксембург. Но и этот Люксембург не так-то прост. Думаю, что гостям сегодня будет нелегко. Команда не так давно обыграла сборную Албании, пусть и в товарищеском матче. Думаю, что они захотят одержать первую победу и на отборе. Для команд-карликов - это самое важное. Хотя бы одна победа. Не буду ничего придумывать, возьму фору на хозяев. Не исключаю даже ничьей. Ну или победы хозяев, чем черт не шутит. С тем же Люксембургом дома сыграли вничью 1:1.'),
	(41659, NULL, '2017-08-31', 'https://vprognoze.ru', 'две на сегодня лучшие мужские пары встречаются в своем первом матче с соперниками уступающими им во всех компонентах и если Дуран и один из братьев Скупски еще известны как теннисисты уровня топ 50-75 но не имеющие опыта совместных выступлений то о Блумберге и Папа и этого сказать нельзя-они не только проводят свой первый матч но и их результаты практически не известны'),
	(41660, NULL, '2017-08-31', 'https://vprognoze.ru', 'добрый день всем! Последняя ставка в этом месяце!1. Свитолина 4-я в рейтинге, и набрала хорошую форму и подходит одним с фавориток турнира  здесь 2-0 без вопросов, Родина не того калибра чтобы бороться с Украинкой, вчера победила нулячую Бушар,2. Франция фаворит, и в таких матчах играет в открытый баскетбол, и Фины вдома думаю будет быстрый и результативный матчВсем удачи'),
	(41661, NULL, '2017-08-31', 'https://vprognoze.ru', 'добрый деньНу очевидно что Словения достаточно сильна что бы добиться такой форы напомню на прошлом чемпианате все было так же веры в словению не было но в итоге они оказалались в финале.Ковач наставник СЛовении очень толковый специалист видно что сосздал колектив минимум не слабее чем был 2 года назад.думаю тут борьбаТравалья одназачно тут сильнее , мне удалось посмотреть его матч с Фогниини да Фабио разгильдяйски играл, но победу добыл именно Травалья.Вообше у меня были подозрения еще на Уимблдоне что этот итальянец пособен играть на любом покрытии и они подтверждаетсюся.Менендес я даже не знаю как он попал во второй круг обыграл ммалоизвестного твалкардника Кипсона, в квалификации обыкновеные победы одерджал, вообщем то возможности этогго испанца хороши известны, тут конечно он уступит.Италья просто в отличном стиле разобралась с ьТурцией и закономернно сейчас идет фаворитом, для мпеня тут исход 3-1 самый кажется вероятный .Удачи'),
	(41662, NULL, '2017-08-31', 'https://vprognoze.ru', 'Сегодня стартует продолжение отбора на ЧМ 20!8 Первый матч в паровозе будет Бельгия - Гибралтар . Молодежь конечно порезвится бельгийская , но в пределах 6-7 голов . Крайне важный матч для Шведов , в котором им крайне нежелательно терять очки . имея по 13 пунктов как и Франция гости закроют хозяев на классе . Уж простите мне за такие слова . Но играют два дна . Как Венгры , так и Латвия не умеют играть в футбол . И забивают они тоже невероятно плохо . Так что не удивлюсь если вовсе не будет взятия ворот . Самый сильный по составу Европейский коллектив будет сегодня встречать Голландцев . По данному матчу вопрос пока один - на сколько мячей больше соперника заколотит Франция ? Пятый и последний матч из паровозика . Швейцария против Андорры . Не умеют пока швейцарцы крупно выносить соперника . Не так давно матч закончился всего с одним мячом перевеса . И сегодня потолок это победа в 2-3 мяча . Удачи , и смотрите только качественный футбол  .'),
	(41663, NULL, '2017-08-31', 'https://vprognoze.ru', 'УС ОпенТроцкий - Травалья Витя в этом сезоне не Ок, совсем не ок, 6/9 статс на харде, сливается ужасно, понятное дело что турнир большого шлема, другой настрой и все такое, но нет, я не верю.Остапенко - Кристя Остапенко больше играл в этом году на грунте, хард у неё фифти-фифти идёт и кеф на неё ужасно валиться, мне же здесь видеться борьба, возьму тотал.'),
	(41664, NULL, '2017-08-31', 'https://vprognoze.ru', 'Здравствуйте любители ставочек. Сегодня решил предложить вашему вниманию вот такой вот двойничек. С хорошими кефами. 1. Бельгика Янина Викмаер играет с Эстонкой Каей Канепи. Тут беру победу Янины. Она сильнее и лутше готова к матчу. 2. Испанское дерби. Можно было бы и тотал больше взять. Но боюсь я за Вердаско. Начнет психовать может и слить. Думаю очень интересный экспрессик с достойными кефами. Ставим и побеждаем'),
	(41665, NULL, '2017-08-31', 'https://vprognoze.ru', 'Экспресс на ТБШ.Женская сетка.Играют Свитолина и Родина.Свитолина в упорной борьбе обыграла свою соперницу в первом круге,Родина же поборолась в первом сете.Так букмекеры сомневаются что Родина возьмет пять геймов у Свитолиной.Но мне так не кажится такой жестокой порки лично я не ожидаю.Второй матч Остапенко и Кирстя.Остапенко уже входит в свои ранние годы в топ теннисистки и взяла даже уже один шлем.Борьба как обычно будет жестокая,в матчах у Остапенко без него это редкость.Но собираться она умеет и выйгрывать трудные матчи.Всем Фарту.'),
	(41666, NULL, '2017-08-31', 'https://vprognoze.ru', 'Экспресс на парников.1 и 2) Марах/Павич и Континен/Пирс одни из лучших дуэтов, элита. Проиграть каким-то местным соплякам я думаю не смогут.3) Брайаны дома должны проходить слабые пары. Веселы вообще трупак сейчас. Так что сет минимум.4) Эрбер и Маю взяли два Мастерса подряд, а Маю уже в 1/16 одиночки. В общем игра у ребят клеится, хватит ли сил? Ну на сет должно хватить.5) Класен и Рам немного неуверенно выступали в крайних турнирах, но с такой парой надо побеждать. Дутра не хардовик, Лоренци тоже не особо.'),
	(41667, NULL, '2017-08-31', 'https://vprognoze.ru', 'И так пожалуй рискну сыграть! С Точным счетом в экспрессе. Очень напрашивается в Греции 2-0) Не думаю, что в Афинах будет забито много голов, но вот гандикап в два мяча греки должны сообразить. Для реала рекомендую вместо точного счета взять точное кол-во голов Греции 2 - кф.3.3Франция победит, в память ещё матч со шведами, нелепо проигранный, по вине вратаря Льориса и сегодня будет реабилитация.Казахстанцы традиционно неплохо играют дома на астана арене на искусственном газоне, многие команды просто не могут здесь играть. Казахстан забьет, это сомнений не вызывает, ну а Черногорцы соответственно тоже. В составе много исполнителей топ уровня.Ну, и напоследок, не думаю, что Португалия сходу начнет сильно штурмовать ворота островитян. Ставка: Гол до 15 мин - нет.'),
	(41668, NULL, '2017-08-31', 'https://vprognoze.ru', 'Чемпионат Европы до 21 года. 2019. Отборочные матчи. Групповой этап.Подвели узбеки, думал я они первыми забьют, а уж потом китайцы подровняют. Ну да ладно, за то сирийцы с -1, с чистой, и нулём зашли.1. Очень много пропускают обе команды.  Фареры дома, наверняка постараются забить. А уж датчанам, хош-не хош забивать придётся. Думаю 3 гола будет по любому, но возьму в надежде на четыре (по жадничал).2. Албанцы и косовары, это не предсказуемые ребята, но думаю ирландцы (северные разумеется), дома промашку не допустят, понимая, что в гостях будет тяжелее.'),
	(41669, NULL, '2017-08-31', 'https://vprognoze.ru', 'Экспресс на парников.1 и 2) Марах/Павич и Континен/Пирс одни из лучших дуэтов, элита. Проиграть каким-то местным соплякам я думаю не смогут.3) Брайаны дома должны проходить слабые пары. Веселы вообще трупак сейчас. Так что сет минимум.4) Эрбер и Маю взяли два Мастерса подряд, а Маю уже в 1/16 одиночки. В общем игра у ребят клеится, хватит ли сил? Ну на сет должно хватить.5) Класен и Рам немного неуверенно выступали в крайних турнирах, но с такой парой надо побеждать. Дутра не хардовик, Лоренци тоже не особо.'),
	(41670, NULL, '2017-08-31', 'https://vprognoze.ru', 'И так пожалуй рискну сыграть! С Точным счетом в экспрессе. Очень напрашивается в Греции 2-0) Не думаю, что в Афинах будет забито много голов, но вот гандикап в два мяча греки должны сообразить. Для реала рекомендую вместо точного счета взять точное кол-во голов Греции 2 - кф.3.3Франция победит, в память ещё матч со шведами, нелепо проигранный, по вине вратаря Льориса и сегодня будет реабилитация.Казахстанцы традиционно неплохо играют дома на астана арене на искусственном газоне, многие команды просто не могут здесь играть. Казахстан забьет, это сомнений не вызывает, ну а Черногорцы соответственно тоже. В составе много исполнителей топ уровня.Ну, и напоследок, не думаю, что Португалия сходу начнет сильно штурмовать ворота островитян. Ставка: Гол до 15 мин - нет.'),
	(41671, NULL, '2017-08-31', 'https://vprognoze.ru', 'Чемпионат Европы до 21 года. 2019. Отборочные матчи. Групповой этап.Подвели узбеки, думал я они первыми забьют, а уж потом китайцы подровняют. Ну да ладно, за то сирийцы с -1, с чистой, и нулём зашли.1. Очень много пропускают обе команды.  Фареры дома, наверняка постараются забить. А уж датчанам, хош-не хош забивать придётся. Думаю 3 гола будет по любому, но возьму в надежде на четыре (по жадничал).2. Албанцы и косовары, это не предсказуемые ребята, но думаю ирландцы (северные разумеется), дома промашку не допустят, понимая, что в гостях будет тяжелее.'),
	(41672, NULL, '2017-08-31', 'https://vprognoze.ru', 'В этом матче,как уже писал ранее,будет сложное противостояние.Франции не будет так легко в этот раз взять очки,как это привыкли видеть.Голландцы поборются и нас ожидает зрелищный футбол.Считаю что как минимум будет подано 8 угловых в этом матче.Данный тотал с запасом обычно проходит в матчах этих команд,как между собой,так и с другими соперниками.В этом году Греки еще не разу ни у кого не выигрывали.Хотя команда вообщем-то крепкая.Из последних матчей греки сыграли дважды вничью с боснийцами и бельгийцами,довольно крепкие коллективы.Проиграли только белорусам,и то в товарищеской игре.Пора уже взять очки.Матч домашний,в соперниках сборная Эстонии,которая на порядок слабей составом.Но главное в этом матче - это турнирная мотивация,а так же полный стадион местных болельщиков,которые будут гнать команду вперед.Вообщем не вижу никаких шансов для эстонцев,греки спокойно возьмут очки.'),
	(41673, NULL, '2017-08-31', 'https://vprognoze.ru', 'Димитров сильнее во всем нашего рубля.И ПРОИГРАЕТ хоть и побореться.Александр  мне кажеться подошел в хорошей форме и главное хорошо деожит подачи а выстрельнутт он всегда может как и побороться против чеханемец сейчас хорошо обыграет боснийца за счет техникиэто явно какаято подства троицки на много силььнее итальянцаа про гаврилову и говрит нечего она лучше'),
	(41674, NULL, '2017-08-31', 'https://vprognoze.ru', 'Осака в первом раунде смогла убрать шестую каретку мира в лице Анжелик Кербер в двух сетах,Алертова же в первой встрече шла практически по одинаковым коэффициентам с Петерсон и выиграла 2:0,но вот Чешку было мало видел на подготовительных турнирах на харде к юс опену,что не скажешь про японку которая отыграла два турнира ,а в последнем снялась в 1/8 финала против Плисковой 1:1 которая тут первая сеянная В этой встрече четыре сета точно будет,оба теннисиста похожи по стилю игры,у обоих есть провалы в игре,когда просто не идёт подача или ещё что то,в общем ждём борьбы'),
	(41675, NULL, '2017-08-31', 'https://vprognoze.ru', 'Здравствуйте. Всех с наступление сентября, именно в начала сентября ожидаются классные игры, на которых можно неплохо заработать в плане стааон, на Отбор до ЧМ 2018 ( РОССИЯ ) Уже сегодня нас ожидают супер матчи. Я уже с нетерпением их жду. Что по эксррессу то. 3 этих матча , я обещаю они пройдут без проблем, ведь все эти команды неплохо забивают в своих последних матчах. Жду от вас также поддержки. Всем удачи'),
	(41676, NULL, '2017-08-31', 'https://vprognoze.ru', 'Теннис US Open женщины Остапенко против Кырстя и Гаврилова против Роджерс. Решил заиграть фору на андердогов в выбранных матчах. Гаврилова вчера много ошибалась и по моему прогнозу не должна была выносить в большой минус, но её соперница не справилась со своими подачами, не смотря на то, что чужие брала, сегодня соперница посерьёзнее и ожидаю, что она сможет дать бой и удержать фору. Остапенко после РГ ещё не перешла на хард и совершает много ошибок, проваливается конкретно и я не жду от неё сегодня сильного выноса средней теннисистки Кырстя, думаю румынка сможет удержать такую фору.'),
	(41677, NULL, '2017-08-31', 'https://vprognoze.ru', 'Беру сегодня небольшой экспресс с вполне хорошим коэффициентом. В отборочном матче к Чемпионату мира 2018 Франция будет принимать Нидерланды.Французы сегодня будут добывать себе первое место в группе. На данный момент они значительно сильнее и как команда и в индивидуальном плане.Французские футболисты выиграли три последних матча с голландцами. Считаю, что Франция одержит уверенную победу, ну и конечно угловых в матче должно быть достаточно.'),
	(41678, NULL, '2017-08-31', 'https://vprognoze.ru', 'вообще хотел взять тотал больше по сетам но не нашел таку ставку здесь (в реале поставил) и так считаю будет заруба в обоих играх и по сету возьмут каждый в начале хотел взять Джумхура нравиться мне его игра но последние игры Штебе настораживают и там 9 вряд побед, и знаю Джумхура у него если что то не так начинает бесится,ругаться, жаловаться и как итог проигрывает сет Д.Шаповалов - К.Эдмунд здесь как минимум один тай брейк у обейх мощная подача и просто так свои подачи не отдадут'),
	(41679, NULL, '2017-08-31', 'https://vprognoze.ru', 'Босния серьезная команда с хорошими игроками. Даже могу сказать звездами футбола Джеко (РОма) Пьянич (Ювентус) Бегович (Бормнут).Мне кажется здесь явный фаворит это Босния. Французы наверно с самым лучшим составом в мире принимают дома Нидерланды.просто смотришь на состав Франции и понимаешь и задаешься себе вопросом , а сколько эти ребята смогут забить. Ну и Шведы на 1 месте в группе для всех это наверно очень неожиданно без Ибры. Заиграю на их гол.'),
	(41680, NULL, '2017-08-31', 'https://vprognoze.ru', 'Экспресс на ЮСО.1) Фратанджело ппошёл первый круг, молодец, переиграл старого хорвата. Против Маннарино шансов у него в разы меньше. Особо обольщаться проходом Карловича не стоит.2) Григора брать не собирался, всё-таки Рублёву желаю удачи... но Димитров здесь предпочтительнее смотрится.3) Монфис возьмёт сет у Янга, я почти уверен в этом. Да и проходить надо такого оппонента...4) Победа Надаля сомнений не вызывает, статус первой ракетки обязывает закрывать подобных соперников 3:0.'),
	(41681, NULL, '2017-08-31', 'https://vprognoze.ru', 'Добрый день! экспрессик из 3 позиций!1)Ус опен женщины: Викмайер-Канепи- думаю бельгийка сможет взять хоть сэт у эстонки,канепи только возвращается после травмы поэтому тут шансы на стороне янины будут,она прошла первый круг уверенно выиграв у тсуренко а канепи мучилась против скьявоне, по личкам все ровно но почти в каждом матче янина брала хоть сэт!2)Троицки-Травалья- 1 сэт итальяшка брать должен у слабенького троицкого,вчера серб еле еле выиграл у гомбоса а травалья вынес самого фонини! при чем 6-0! по игре очень неплохо играет рискует часто в общем 1 сэт обеспечен ему!3)ну и волейболл ЧЕ 1/4 финала думаю тут немцы вынесут чехов, германия вообще не проиграла ни 1 матча тут да и чехов уже выигывали 3-0 на этом турнире не думаю что сегодня что то изменится! УДАЧИ!'),
	(41682, NULL, '2017-08-31', 'https://vprognoze.ru', 'Наконец-то стартует очередной раунд квалификации матчей сборных ЧМ 2018.Мне больше нравится наблюдать за матчами сборных, чем национальных лиг.Что ж, первый матч моего экспресса Греция - Эстония. Грекам нужно побеждать, чтоб укрепиться на второй позиции группы-Н, т.к. Босния наступает на пятки и скорее всего сегодня одержит победу на Кипре. Грекам это вполне под силу, учитывая домашние стены и неплохой состав, тем более в составе имеется классный форвард Митроглу. Думаю эллины победят 2-0. Возьму Ф1 (-1).Не понимаю почему Белоруссы идут такими явными фаворитами с Люксембургом. Буки дают на П2 всего 1.55, а ведь не в обиду, братьям славянам, они нетоп сборная. Люкс очень неплохо играет у себя дома и даже в первой встрече в Минске, пропустили всего один мяч. Уверен хозяева не проиграют Белорусссии, но подстрахуюсь форой.И Болгарам и Шведам нужны очки как воздух и здесь будет настоящая заруба и скорее всего болгары не проиграют. ОЗ ставка на этот матч считаю актуальна.Голландцы переживают не лучшие времена сейчас, показывают слабый футбол и снова и снова меняют тренеров. Вот Дик Атвокат опять принял команду. Посмотрим, что из этого получится, но на данный момент Франция сильнее и ей больше нельзя оступаться и дарить очки соперникам.'),
	(41683, NULL, '2017-08-31', 'https://vprognoze.ru', 'Всем привет! И оередной экспрресс из 2 событий которые на мой взгляд вполне проходимы. В первом поединке считаю что больше 3 мячей мы с вами не увидиим так как в последних 2 очных встречах этого года команды друг другу вообще не забивали что говорит в пользу нашего выбора. Во втором поединке считаю что так же больше 3 мячей нам не видать так как в последней встрече чемпионата обе команды не забивали, и не пропускали что говорит в пользу нашей ставки. Думаю что стоит взять данный экспресс за вполне приличный коэффициент. Всем удачи..'),
	(41684, NULL, '2017-08-31', 'https://vprognoze.ru', 'Добрый день! Я ставлю на тотал больше 3.5 так как считаю что Словения сыграет результативно и ожидаю не менее 4 голов. Так что думаю тут все очевидно и риска я не вижу!!!Ставлю на Израиль так как за последние матчей 20 они не разу не проиграли!. И я не вижу повода тут сомневаться. По этому я думаю экспресс пройдет железно.Советую ставить не задумываясь.'),
	(41685, NULL, '2017-08-31', 'https://vprognoze.ru', 'Привет всем сегодня давал прогноз на мужской теннис USOpen, пусть девчонки не обижаются так что ставим на женский USOpen1. Чжан Шуай-Риса Одзаки, здесь я полагаюсь на опыт Чжан Шуай, недавно она выиграла не большой турнир в Астане. В первом круге она достаточно уверенно обыграла Лисицки, кстати не простую соперницу. Думаю здесь проблем не будет.2. Стивенс-Барти, Эшли сейчас находится в хорошей форме демонстрирует не плохой теннис, она молода и амбиции играют свою роль. Но здесь я полагаюсь на опыт Слоан, она когда была в топ 20 и сейчас потихоньку набирает былую форму. Играет в агрессивный теннис и думаю один сет она зацепит, может даже и выиграет, но ставим со страховкой +1,5.Удачных ставок...'),
	(41686, NULL, '2017-08-31', 'https://vprognoze.ru', 'Буду удивлен, если хотя бы в одном матче увижу сенсацию. Слишком уверенные матчи в женском теннисе на сегодня.Вандевей и Киз играют на домашнем турнире и находятся в отличной форме. Соперницы у них удобные и проходимые. В обоих уверен. Кузнецова с трудом преодолела первый круг, но сейчас ее игра будет только лучше.Плишкова и Свитолина входят в число фаворитов турнира и такие соперницы им вряд доставят проблем.'),
	(41687, NULL, '2017-08-31', 'https://vprognoze.ru', 'Сегодня много футбола вот решил рискнуть и взять пресс с большим коф. Босния и Герцеговина такая для меня темная лошадка , не знаю , что можно ожидать от этой команды,но сегодня играют с Кипром. Мне кажется это тот соперник на котором можно заработать 3 очка. В группе они проиграли только Бельгии.Бельгия принимает дома Гибралтар. У Бельгии наверно один из лучших составов в мире на сегодняшний момент. Лукаку еще в хорошей форме, забивает за мю почти в каждом матче. Гибралтар это вообще остров откуда там футболисты, у них наверно одна их самых ужасных статистик. Франция -Нидерланды. Вот этот матч думаю все будут смотреть, Францию здесь выставляют явным фаворитом. Но лично мое мнения , что все дооценивают, голландцев. Сыграю на команду , которой очень будут нужны очки. Ну и Греки ребят с характером в группе не проиграли не одного матча. Сегодня для них очки очень важны и сыграю на них.'),
	(41688, NULL, '2017-08-31', 'https://vprognoze.ru', 'Итак, побалуюсь еще раз экспрессом. Прошлый успешно провалил Александр Зверев.Касаткина - Макхейл, фаворит россиянка, но Макхейл нечем не уступает Дарьи, а может даже наоборот. Не просто будет здесь победить, ожидаю борьбу. Остапенко, молодая перспективная теннисистка. Горит желанием выиграть 2 шлем в одном сезоне и у нее все для этого есть. Монфилс - Янг, ну тут без сенсаций должно пройти, уверенная победа француза. Федерер - Южный. Сложный матч был для Михаила, а тут уже сам Федерер, 3 партии должно быть. Джумхур - Штебе. Не меньше 4 сетов в матче я жду. Фаворит матча Джумхур, но Немец не уйдет без боя.'),
	(41689, NULL, '2017-08-31', 'https://vprognoze.ru', 'просто ради интереса попробую под конец месяца такой экспресс, на некоторые игры из него я уже взял ординары там немного более подробнее описал прогнозы. и да если сегодня чемпионат Европы пройдет то завтра думаю кубок России должен пройти тем более.1. чехия вчера очень здорово вынесла францию эта победа может их немного расслабить, но думаю германия опустит их с небес на землю.2. сербия на мой взгляд смотрелась немного лучше играя с равными командвми.3. еще 4 часа назад была фора -11 за 2.1, сейчас же ее убрали, может быть Газпром дал какую нибудь пресконференцию где сказали что они полностью готовы, но думаю это совсем не так.4. ну тут Кузбасс должен побеждать с большим преимуществом после поражения от дагестана.5. ну тут думаю все понятно зенит казань разыгрался и АСК хороший вариант что бы выиграть 3:0'),
	(41690, NULL, '2017-08-31', 'https://vprognoze.ru', 'Уверенный прогноз на футбольный вечер.Бельгия и Португалия уже громили своих соперников на чужом поле и на своем поле вряд ли будет спокойнее. Минимальные форы будут пробиты.Боснийцам нужно добиваться победы сегодня, даже ничья не устроит команду, так как будут потеряны все шансы на второе место. Даже в гостях жду от команды уверенной победы. Думаю, что можно брать даже фору -1 за хороший коэффициент.'),
	(41691, NULL, '2017-08-31', 'https://vprognoze.ru', 'Французы в последней игре против Швеции потерпели обидное, незаслуженное поражение, пропустив нелепый гол на последнихминутах. Данное поражение отодвинуло их на вторую строчку и потеря очков во втором матче подряд, при этом проходящий на родном стадионе, чреват фатальными для них последствиями. Поэтому исходя из вышесказанного считаю, что в данном матче французы, демонстрирующие более высокий уровень игры чем голландцы, будут иметь большие шансы на достижение положительного результата.Во втором матче боснийцам кровь из носу необходимо набирать в данном матче против данного соперника 3 очка, в противном случае они крайне затруднят себе положение в борьбе за второе место в группе с греками.'),
	(41692, NULL, '2017-08-31', 'https://vprognoze.ru', 'Волейбол. Мужчины. Чемпионат Европы. Польша. 1/4 финала.начало в 18.30. Германия - Чехия [П1]  Матч давал ординаром -поэтому читайте ниже. Сербия - Болгария [П1]  Для меня мощная Сербия фаворит а вчерашний вынос финов скорей всего не сила болгар а больше не готовность суомми именно к матчу. Бельгия - Италия [ФОРА1 по партиям (+2.5)]  А вот тут скорей всего победа Бельгии очень просматриваеться и не стоит брать в расчет вчерашний матч с турками. Россия - Словения [ФОРА2 по партиям (1.5)]   кф:2.28 Конечно же легко нашим не придеться-очень хочеться что бы победила Россия но вот какими силами мы скоро узнаем.'),
	(41693, NULL, '2017-08-31', 'https://vprognoze.ru', 'Привет всем. Давно не давал пргнозы, сегодня ставим на теннис:1. Димитров-Рублев, здесь явный фаворит Димитров, он сейчас находится в хорошей форме да и после победы на мастерсе в Цинциннати уверенности прибавилось. Страховка фора по сетам -1.52. Маннарино-Фратанджело, здесь опять же приоритет форма игрока. Маннарино играет хорошо, первый круг прошел без проблем Беранкиса. Они играли месяц назад как раз на харде и Маннарино просто разгромил соперника. Так же даю фору по сетам -1.5Удачных ставок...'),
	(41694, NULL, '2017-08-31', 'https://vprognoze.ru', 'Бердых всегда показывал более менее стабильный теннис. За всю карьеру у него были проблем только с топ-10, остальных же он научился без проблем обыгрывать. Долгополов слишком нестабилен.Вряд ли у Таро есть шансы хотя бы на один сет. Надаль в форме и подарков делать не будет.Более чем уверен, что в этой игре будет пробит тотал больше. Брауна слишком недооценивают. У него неплохая подача и стиль игры. У них уже были личные встречи и всегда пробивался максимальный тотал. Думаю, что и сегодня пробьют около 40 геймов.'),
	(41695, NULL, '2017-08-31', 'https://vprognoze.ru', 'Я не заню, как американец выиграл у великана Карловича, но я 100% знаю, что в игре с французом ему 100% ничего не светит, а маленькая фора должна за три сета залететь.2. Как по мне, испанец более мастеровитый одиночник, чем француз, но Маю лучше/сильнее играет пару. П сейчас рассматриваем не парный разряд и фора должна пройти.3. Девушки в предыдущем круге играли три сета: росинка переиграла Ван, а американка - россиянку Павлюченкову. Не вижу здесь явного фаворита, а вижу пробитие тотала в двух/трех сетах.'),
	(41696, NULL, '2017-08-31', 'https://vprognoze.ru', 'Вот мне ещё необходимо обязательно собрать дополнительный пресс. Так же из 3 матчей.Джумур и так уже он было дело недавно на харде показал свои способности, и считаю что зря кэф на него завышен. Смело ставлю на победу Джумура.Викмайер уже доказала в роли слабой против Цуренко на что способна она на таком уровне как и в прошлом. Сегодня есть шанс закрепить успех.Никулеску считаю что даже скорее всего сегодняшнюю сопернику как таково и не заметит и результат придёт спокойно для румынки.'),
	(41697, NULL, '2017-08-31', 'https://vprognoze.ru', 'Всем привет! Экспресс.Матч первый: Бельгия конечно явный фаворит и у Гибралтара нет никаких шансов, но я не думаю что голов будет больше 8. Так что не плохой кэф за такой тотал для моего экспресса.Матч второй и третий: Объединил эти два матча так как команды с одной группы и в этих матчах участвуют два фаворита группы. Оба матча будут проходить на домашних аренах лидирующих команд и гости в этих матчах очень много пропускают, так что сегодня я думаю хозяева будут забивать много и не пропустят ни одного.'),
	(41698, NULL, '2017-08-31', 'https://vprognoze.ru', 'Квалификация ЧМ. Португалия принимает Фарерские острова. Хозяевам нужна только победа, т.к. потеря очков дома не гарантирует первое место. В первом матче хозяева победили Фареры разгромно. Думаю дома порты обязаны уже с первых минут играть мощно и решать победу в этом матче уже к концу первого тайма, тем более КР7 голоден до голов, т.к. отбывает дискву в Ла лиге.Швейцария принимает Андорру. Хозяева методично выигрывают у всех сборных в группе но без фанатизма, на данный момент им важен результат, а не то, с каким счетом они разгромят гостей. Думаю пару голов хозяева забьют и на этом они разойдутся, т.к. победа гораздо важнее для них и позволит выйти из группы первыми.'),
	(41699, NULL, '2017-08-31', 'https://vprognoze.ru', 'Пока что я продолжаю мыслить на теннисе и вот экспресс продолжение так сказать.Аревало хоть и выиграл трудно в предыдущем матче, а вот сегодня кэф на него более надежный поэтому сальвадорец меня считаю не подведет сегодня.Эстрелья должен возвращаться в большой теннис. Да, от стар уже но на подобных турнирах вообще должен иметь шансы на триумф, а не только победить сегодня на такой ранеей стадии.Остапенко как бы её не оценивали сильно что она способна, но на харде дела сложнее намного, но вот сегодня против вялой Кырсти верится в победу латвийки'),
	(41700, NULL, '2017-08-31', 'https://vprognoze.ru', '1. Стоит сказать,что обе сборные активно используют игру через фланги. Поэтому оправданно,что угловых должно быть много. Погода к вечеру будет в районе 20, вполне конформные условия для быстрой игры. Должно пройти. 2. Кипр против Боснии, жду упорной игры, рубки, очки нужны тем и тем, команды  будут сражаться. Но победит наверняка Босния, по статистике на желтые тут и тотал 4.5 может зайти так как обе сборные играют крайне жестко.'),
	(41701, NULL, '2017-08-31', 'https://vprognoze.ru', 'Франция - НидерландыСостав сборной Франции такова что нынешняя Голландия ничего не сможет сделать тем более есть проблемы с составом, да и хозяевам нужны очки так как уступили в прошлой игре из за глупости ЛюрисаГреция - Эстонияну здесь грекам нужны очки так как даже с третего место они могут не попасть на ЧМ и думаю свое они возьмут Болгария - ШвецияБолгария выйграла у Голландии 2-0 по этому наверное такой кф но там голландцы 1тайм провалили а во втаром не смогли забить и спад у голландцев, но  как не крути шведы сильнее, болгары в первом матче ни одного удара в створ не пробили думаю в этом матче такой же сценарий будет и как минимум Шведция не проиграют'),
	(41702, NULL, '2017-08-31', 'https://vprognoze.ru', 'Димитров показывает теннис, который показывал в начале года, где его огромную серию побед прервал только Надаль в полуфинале Australian Open. Сейчас у него вновь шикарная статистика и 13 выигранных сетов подряд. Как он сам сказал, ему во многом помогли советы и тренировки с Надалем. Он сейчас действительно в отличной форме и без проблем одержит победу в этом матча. Шансы крайне малы, что дело дойдет до 5-ой партии. Я бы даже рискнул и поставил на 3-0.Джумхур также второй турнир подряд показывает отличную форму и в первом круге без проблем расправился с Пабло Куэвасом. Штебе вряд ли сможет побороться за общую победу.'),
	(41703, NULL, '2017-08-31', 'https://vprognoze.ru', 'Всем привет.Был в бане сутки. За женско-теннисный экспресс. Причем, в экспрессе сыграло уже четыре игры, оставалось только дождаться матча Кузнецовой, который всё отодвигался из-за погоды и тут вдруг прогноз удалили, а мне бан "за необоснованное описание прогноза". Я там честно написал, что ставлю на фаворитов матчей, так как они выше в рейтинге и считаю что сильнее своих оппоненток. Теперь придется в прогнозах высасывать из пальца какую-нибудь муйню, типа "Сидорова победит потому что у неё сильнее подача, а у Ивановой слабый прием".А на сегодня собрал волейбольный экспресс. ЧМЕ. Германия - Чехия. Четыре дня назад играли, 3-0 и с форой 23. Немцы могут отдать партию но не больше.Россия - Словения. Пять дней назад играли, 3-0, но в каждом сете упорная борьба с пробитием тоталов и минимальной форой. Надеюсь что сегодня словенцам повезет чуть больше и хотя бы одну партию возьмут, но наверное следовало бы взять фору по очкам.Бельгия - Италия. Тут считаю что италы одни из лидеров турнира. Все партии 3-0, в то время как бельги вымучивают почти каждый матч в пяти партиях. С такой игрой им ничего не светит в матче с италами.'),
	(41704, NULL, '2017-08-31', 'https://vprognoze.ru', '1. Встреча сборных Франции и Нидерландов, красивая вывеска, обещает интересный и атакующий футбол, обе сборные нацелены на взятие очков, но победит одна, думаю ничьей не будет. Как по составу то конечно сборная Франции смотреться привлекательней, моложе, мобильней Гризман, Лимар, Канте, Погба, Фекир, Мпаппе и др, состав действительно хорош. Что есть у их оппонента ? Старина Арьен Роббен, но  годы берут своё, пока не в лучшей форме Роббен, но он всё так же полезен. Яссен этот парень отсидел пол сезона в Тотенх. так и не показал нечего толком.  Промес - честно РФПЛ смотрю редко и сказать про его не могу. Веналдум - медленно но верно, стал показывать толковый футбол при Клоппе не плохо себя зарекомендовал. Дик Адвокат собирается вернуть из не бытья Робина Ван-перси, но не думаю что в старте мы его увидим и даже если и выйдет чудес от его ждать не стоит. Хунтелар вроде как не сыграет. Вот смотрю и думаю и кто будет тащить Нидерланды ? снова Арьен, возможно ещё Снайдер, но не факт что выйдет в старте. Из этого следует, что сборная Франция нуждающийся в очках побежит их добывать и как бы не влетело бы и три ворота Нидерландов.            2. Тут и говорить особо не нужно, очень меня удивляет тот факт, что Шведы не победят Болгар, серьезно ? те же Шведы дома разнесли Болгар 3:0 и тут на выезде проиграют, очень сомневаюсь, единственное что могут достичь в этом матче Болгары так это ничья, но я думаю этого не будет, Шведы не проиграют.'),
	(41705, 'MY_EXPRESS', '2017-09-02', NULL, 'У Даши будет шанс победить на харде и коэффициент очень хороший. Болеем за своих!) ');
/*!40000 ALTER TABLE `EXPRESSES` ENABLE KEYS */;

-- Дамп структуры для таблица bma_data.EXPRESS_IVENT
CREATE TABLE IF NOT EXISTS `EXPRESS_IVENT` (
  `ID` bigint(255) NOT NULL AUTO_INCREMENT,
  `IVENTS_ID` bigint(255) NOT NULL,
  `EXPRESSES_ID` bigint(255) NOT NULL,
  PRIMARY KEY (`ID`),
  KEY `FK_express_ivent_ivents` (`IVENTS_ID`),
  KEY `FK_express_ivent_expresses` (`EXPRESSES_ID`),
  CONSTRAINT `FK_express_ivent_expresses` FOREIGN KEY (`EXPRESSES_ID`) REFERENCES `EXPRESSES` (`ID`) ON DELETE CASCADE ON UPDATE CASCADE,
  CONSTRAINT `FK_express_ivent_ivents` FOREIGN KEY (`IVENTS_ID`) REFERENCES `IVENTS` (`ID`) ON DELETE CASCADE ON UPDATE CASCADE
) ENGINE=InnoDB AUTO_INCREMENT=120985 DEFAULT CHARSET=utf8;

-- Дамп данных таблицы bma_data.EXPRESS_IVENT: ~167 rows (приблизительно)
/*!40000 ALTER TABLE `EXPRESS_IVENT` DISABLE KEYS */;
INSERT INTO `EXPRESS_IVENT` (`ID`, `IVENTS_ID`, `EXPRESSES_ID`) VALUES
	(42, 35, 44),
	(4992, 4985, 1694),
	(5113, 5106, 1694),
	(5241, 5234, 1694),
	(19163, 19156, 6719),
	(19292, 19285, 6719),
	(19293, 19286, 6719),
	(88993, 88986, 30675),
	(88994, 88987, 30675),
	(100365, 100358, 34508),
	(100366, 100359, 34508),
	(100367, 100360, 34508),
	(102984, 102977, 35421),
	(102985, 102978, 35421),
	(108013, 108006, 37146),
	(108014, 108007, 37146),
	(113814, 113807, 39211),
	(113815, 113808, 39211),
	(116912, 116905, 40268),
	(120024, 120017, 41368),
	(120025, 120018, 41368),
	(120839, 120832, 41657),
	(120840, 120833, 41657),
	(120841, 120834, 41657),
	(120842, 120835, 41658),
	(120843, 120836, 41658),
	(120844, 120837, 41658),
	(120845, 120838, 41659),
	(120846, 120839, 41659),
	(120847, 120840, 41660),
	(120848, 120841, 41660),
	(120849, 120842, 41661),
	(120850, 120843, 41661),
	(120851, 120844, 41661),
	(120852, 120845, 41661),
	(120853, 120846, 41662),
	(120854, 120847, 41662),
	(120855, 120848, 41662),
	(120856, 120849, 41662),
	(120857, 120850, 41662),
	(120858, 120851, 41663),
	(120859, 120852, 41663),
	(120860, 120853, 41664),
	(120861, 120854, 41664),
	(120862, 120855, 41665),
	(120863, 120856, 41665),
	(120864, 120857, 41666),
	(120865, 120858, 41666),
	(120866, 120859, 41666),
	(120867, 120860, 41666),
	(120868, 120861, 41666),
	(120869, 120862, 41667),
	(120870, 120863, 41667),
	(120871, 120864, 41667),
	(120872, 120865, 41667),
	(120873, 120866, 41668),
	(120874, 120867, 41668),
	(120875, 120868, 41669),
	(120876, 120869, 41669),
	(120877, 120870, 41669),
	(120878, 120871, 41669),
	(120879, 120872, 41669),
	(120880, 120873, 41670),
	(120881, 120874, 41670),
	(120882, 120875, 41670),
	(120883, 120876, 41670),
	(120884, 120877, 41671),
	(120885, 120878, 41671),
	(120886, 120879, 41672),
	(120887, 120880, 41672),
	(120888, 120881, 41673),
	(120889, 120882, 41673),
	(120890, 120883, 41673),
	(120891, 120884, 41673),
	(120892, 120885, 41673),
	(120893, 120886, 41674),
	(120894, 120887, 41674),
	(120895, 120888, 41675),
	(120896, 120889, 41675),
	(120897, 120890, 41675),
	(120898, 120891, 41676),
	(120899, 120892, 41676),
	(120900, 120893, 41677),
	(120901, 120894, 41677),
	(120902, 120895, 41678),
	(120903, 120896, 41678),
	(120904, 120897, 41679),
	(120905, 120898, 41679),
	(120906, 120899, 41679),
	(120907, 120900, 41680),
	(120908, 120901, 41680),
	(120909, 120902, 41680),
	(120910, 120903, 41680),
	(120911, 120904, 41681),
	(120912, 120905, 41681),
	(120913, 120906, 41681),
	(120914, 120907, 41682),
	(120915, 120908, 41682),
	(120916, 120909, 41682),
	(120917, 120910, 41682),
	(120918, 120911, 41682),
	(120919, 120912, 41683),
	(120920, 120913, 41683),
	(120921, 120914, 41684),
	(120922, 120915, 41684),
	(120923, 120916, 41685),
	(120924, 120917, 41685),
	(120925, 120918, 41686),
	(120926, 120919, 41686),
	(120927, 120920, 41686),
	(120928, 120921, 41686),
	(120929, 120922, 41686),
	(120930, 120923, 41687),
	(120931, 120924, 41687),
	(120932, 120925, 41687),
	(120933, 120926, 41687),
	(120934, 120927, 41688),
	(120935, 120928, 41688),
	(120936, 120929, 41688),
	(120937, 120930, 41688),
	(120938, 120931, 41688),
	(120939, 120932, 41689),
	(120940, 120933, 41689),
	(120941, 120934, 41689),
	(120942, 120935, 41689),
	(120943, 120936, 41689),
	(120944, 120937, 41690),
	(120945, 120938, 41690),
	(120946, 120939, 41690),
	(120947, 120940, 41691),
	(120948, 120941, 41691),
	(120949, 120942, 41692),
	(120950, 120943, 41692),
	(120951, 120944, 41692),
	(120952, 120945, 41692),
	(120953, 120946, 41693),
	(120954, 120947, 41693),
	(120955, 120948, 41694),
	(120956, 120949, 41694),
	(120957, 120950, 41694),
	(120958, 120951, 41695),
	(120959, 120952, 41695),
	(120960, 120953, 41695),
	(120961, 120954, 41696),
	(120962, 120955, 41696),
	(120963, 120956, 41696),
	(120964, 120957, 41697),
	(120965, 120958, 41697),
	(120966, 120959, 41697),
	(120967, 120960, 41698),
	(120968, 120961, 41698),
	(120969, 120962, 41699),
	(120970, 120963, 41699),
	(120971, 120964, 41699),
	(120972, 120965, 41700),
	(120973, 120966, 41700),
	(120974, 120967, 41701),
	(120975, 120968, 41701),
	(120976, 120969, 41701),
	(120977, 120970, 41702),
	(120978, 120971, 41702),
	(120979, 120972, 41703),
	(120980, 120973, 41703),
	(120981, 120974, 41703),
	(120982, 120975, 41704),
	(120983, 120976, 41704),
	(120984, 120977, 41705);
/*!40000 ALTER TABLE `EXPRESS_IVENT` ENABLE KEYS */;

-- Дамп структуры для таблица bma_data.IVENTS
CREATE TABLE IF NOT EXISTS `IVENTS` (
  `ID` bigint(255) NOT NULL AUTO_INCREMENT,
  `NAME` varchar(2000) NOT NULL,
  `DESCRIPTION` varchar(2000) DEFAULT NULL,
  `BET` varchar(1000) NOT NULL,
  `DATE` date DEFAULT NULL,
  `COMPETITION` varchar(2000) DEFAULT NULL,
  `COEFFICIENT` double DEFAULT NULL,
  PRIMARY KEY (`ID`)
) ENGINE=InnoDB AUTO_INCREMENT=120978 DEFAULT CHARSET=utf8;

-- Дамп данных таблицы bma_data.IVENTS: ~167 rows (приблизительно)
/*!40000 ALTER TABLE `IVENTS` DISABLE KEYS */;
INSERT INTO `IVENTS` (`ID`, `NAME`, `DESCRIPTION`, `BET`, `DATE`, `COMPETITION`, `COEFFICIENT`) VALUES
	(35, '&#1052;&#1072;&#1085;&#1095;&#1077;&#1089;&#1090;&#1077;&#1088; &#1057;&#1080;&#1090;&#1080; - &#1069;&#1074;&#1077;&#1088;&#1090;&#1086;&#1085;', NULL, '&#1060;&#1054;&#1056;&#1040;(2) +2', '2017-08-21', '&#1060;&#1091;&#1090;&#1073;&#1086;&#1083;, &#1040;&#1085;&#1075;&#1083;&#1080;&#1103;. &#1055;&#1088;&#1077;&#1084;&#1100;&#1077;&#1088; &#1051;&#1080;&#1075;&#1072;', 1.55),
	(4985, '&#1053;&#1080;&#1094;&#1094;&#1072; - &#1053;&#1072;&#1087;&#1086;&#1083;&#1080;', NULL, '&#1048;&#1058;&#1041;2 (1.5)', '2017-08-22', '&#1060;&#1091;&#1090;&#1073;&#1086;&#1083;. &#1051;&#1080;&#1075;&#1072; &#1063;&#1077;&#1084;&#1087;&#1080;&#1086;&#1085;&#1086;&#1074; &#1059;&#1045;&#1060;&#1040;. &#1055;&#1083;&#1077;&#1081;-&#1086;&#1092;&#1092;. &#1054;&#1090;&#1074;&#1077;&#1090;&#1085;&#1099;&#1077; &#1084;&#1072;&#1090;&#1095;&#1080;.', 1.7),
	(5106, '&#1047;&#1077;&#1085;&#1080;&#1090; - &#1059;&#1090;&#1088;&#1077;&#1093;&#1090;', NULL, '&#1055;1', '2017-08-22', '&#1060;&#1091;&#1090;&#1073;&#1086;&#1083;. &#1051;&#1080;&#1075;&#1072; &#1045;&#1074;&#1088;&#1086;&#1087;&#1099; &#1059;&#1045;&#1060;&#1040;. &#1055;&#1083;&#1077;&#1081;-&#1086;&#1092;&#1092;. &#1054;&#1090;&#1074;&#1077;&#1090;&#1085;&#1099;&#1077; &#1084;&#1072;&#1090;&#1095;&#1080;.', 1.33),
	(5234, '&#1040;&#1074;&#1072;&#1085;&#1075;&#1072;&#1088;&#1076; - &#1044;&#1080;&#1085;&#1072;&#1084;&#1086; &#1056;&#1080;&#1075;&#1072;', NULL, '&#1055;1', '2017-08-22', '&#1061;&#1086;&#1082;&#1082;&#1077;&#1081;/ &#1050;&#1061;&#1051;. &#1056;&#1077;&#1075;&#1091;&#1083;&#1103;&#1088;&#1085;&#1099;&#1081; &#1095;&#1077;&#1084;&#1087;&#1080;&#1086;&#1085;&#1072;&#1090;.', 1.46),
	(19156, ' &#1044;&#1080;&#1085;&#1072;&#1084;&#1086; &#1052;&#1089;&#1082; - &#1042;&#1080;&#1090;&#1103;&#1079;&#1100;	', NULL, '&#1058;&#1052; (6.5)', '2017-08-23', '&#1061;&#1086;&#1082;&#1082;&#1077;&#1081;/ &#1050;&#1061;&#1051;. &#1056;&#1077;&#1075;&#1091;&#1083;&#1103;&#1088;&#1085;&#1099;&#1081; &#1095;&#1077;&#1084;&#1087;&#1080;&#1086;&#1085;&#1072;&#1090;.', 1.27),
	(19285, '&#1051;&#1086;&#1082;&#1086;&#1084;&#1086;&#1090;&#1080;&#1074; - &#1062;&#1057;&#1050;&#1040;', NULL, '&#1048;&#1058;&#1041;2 (1.5)', '2017-08-23', '&#1061;&#1086;&#1082;&#1082;&#1077;&#1081;/ &#1050;&#1061;&#1051;. &#1056;&#1077;&#1075;&#1091;&#1083;&#1103;&#1088;&#1085;&#1099;&#1081; &#1095;&#1077;&#1084;&#1087;&#1080;&#1086;&#1085;&#1072;&#1090;.', 1.4),
	(19286, '&#1057;&#1050;&#1040; - &#1057;&#1083;&#1086;&#1074;&#1072;&#1085; &#1041;&#1088;', NULL, '&#1048;&#1058;&#1041;2 (0.5)', '2017-08-23', '&#1061;&#1086;&#1082;&#1082;&#1077;&#1081;/ &#1050;&#1061;&#1051;. &#1056;&#1077;&#1075;&#1091;&#1083;&#1103;&#1088;&#1085;&#1099;&#1081; &#1095;&#1077;&#1084;&#1087;&#1080;&#1086;&#1085;&#1072;&#1090;.', 1.22),
	(88986, '&#1047;&#1077;&#1085;&#1080;&#1090; - &#1059;&#1090;&#1088;&#1077;&#1093;&#1090;', NULL, '&#1055;1', '2017-08-24', '&#1060;&#1091;&#1090;&#1073;&#1086;&#1083;. &#1051;&#1080;&#1075;&#1072; &#1045;&#1074;&#1088;&#1086;&#1087;&#1099; &#1059;&#1045;&#1060;&#1040;. &#1055;&#1083;&#1077;&#1081;-&#1086;&#1092;&#1092;. &#1054;&#1090;&#1074;&#1077;&#1090;&#1085;&#1099;&#1077; &#1084;&#1072;&#1090;&#1095;&#1080;.', 1.35),
	(88987, '&#1040;&#1074;&#1072;&#1085;&#1075;&#1072;&#1088;&#1076; - &#1057;&#1077;&#1074;&#1077;&#1088;&#1089;&#1090;&#1072;&#1083;&#1100;', NULL, '&#1055;1', '2017-08-24', '&#1061;&#1086;&#1082;&#1082;&#1077;&#1081;/ &#1050;&#1061;&#1051;. &#1056;&#1077;&#1075;&#1091;&#1083;&#1103;&#1088;&#1085;&#1099;&#1081; &#1095;&#1077;&#1084;&#1087;&#1080;&#1086;&#1085;&#1072;&#1090;.', 1.47),
	(100358, '&#1051;&#1072;&#1076;&#1072; - &#1040;&#1074;&#1090;&#1086;&#1084;&#1086;&#1073;&#1080;&#1083;&#1080;&#1089;&#1090;', NULL, '&#1055;1', '2017-08-24', '&#1061;&#1086;&#1082;&#1082;&#1077;&#1081;/ &#1050;&#1061;&#1051;. &#1056;&#1077;&#1075;&#1091;&#1083;&#1103;&#1088;&#1085;&#1099;&#1081; &#1095;&#1077;&#1084;&#1087;&#1080;&#1086;&#1085;&#1072;&#1090;.', 1.36),
	(100359, '&#1044;&#1080;&#1085;&#1072;&#1084;&#1086;-&#1052;&#1080;&#1085;&#1089;&#1082; - &#1042;&#1080;&#1090;&#1103;&#1079;&#1100;', NULL, '&#1055;1', '2017-08-24', '&#1061;&#1086;&#1082;&#1082;&#1077;&#1081;/ &#1050;&#1061;&#1051;. &#1056;&#1077;&#1075;&#1091;&#1083;&#1103;&#1088;&#1085;&#1099;&#1081; &#1095;&#1077;&#1084;&#1087;&#1080;&#1086;&#1085;&#1072;&#1090;.', 1.37),
	(100360, '&#1057;&#1050;&#1040; - &#1049;&#1086;&#1082;&#1077;&#1088;&#1080;&#1090;', NULL, '&#1048;&#1058;&#1041;1 (1.5)', '2017-08-24', '&#1061;&#1086;&#1082;&#1082;&#1077;&#1081;/ &#1050;&#1061;&#1051;. &#1056;&#1077;&#1075;&#1091;&#1083;&#1103;&#1088;&#1085;&#1099;&#1081; &#1095;&#1077;&#1084;&#1087;&#1080;&#1086;&#1085;&#1072;&#1090;.', 1.09),
	(102977, '&#1050;&#1088;&#1080;&#1089;&#1090;&#1072;&#1083; &#1055;&#1101;&#1083;&#1072;&#1089; - &#1057;&#1091;&#1086;&#1085;&#1089;&#1080; &#1057;&#1080;&#1090;&#1080;', NULL, '&#1055;1', '2017-08-25', '&#1060;&#1091;&#1090;&#1073;&#1086;&#1083;, &#1040;&#1085;&#1075;&#1083;&#1080;&#1103;. &#1055;&#1088;&#1077;&#1084;&#1100;&#1077;&#1088; &#1051;&#1080;&#1075;&#1072;', 1.96),
	(102978, '&#1052;&#1072;&#1085;&#1095;&#1077;&#1089;&#1090;&#1077;&#1088; &#1070;&#1085;&#1072;&#1081;&#1090;&#1077;&#1076; - &#1051;&#1077;&#1089;&#1090;&#1077;&#1088; &#1057;&#1080;&#1090;&#1080;', NULL, '&#1054;&#1073;&#1077; &#1082;&#1086;&#1084;&#1072;&#1085;&#1076;&#1099; &#1079;&#1072;&#1073;&#1100;&#1102;&#1090;:&#1044;&#1072;', '2017-08-25', '&#1060;&#1091;&#1090;&#1073;&#1086;&#1083;, &#1040;&#1085;&#1075;&#1083;&#1080;&#1103;. &#1055;&#1088;&#1077;&#1084;&#1100;&#1077;&#1088; &#1051;&#1080;&#1075;&#1072;', 2.09),
	(108006, '&#1056;&#1077;&#1072;&#1083; &#1052;&#1072;&#1076;&#1088;&#1080;&#1076; - &#1042;&#1072;&#1083;&#1077;&#1085;&#1089;&#1080;&#1103;', NULL, '&#1060;&#1054;&#1056;&#1040;(1) -2', '2017-08-27', '&#1060;&#1091;&#1090;&#1073;&#1086;&#1083; &#1048;&#1089;&#1087;&#1072;&#1085;&#1080;&#1103;/ &#1055;&#1088;&#1080;&#1084;&#1077;&#1088;&#1072; &#1076;&#1080;&#1074;&#1080;&#1079;&#1080;&#1086;&#1085;', 1.62),
	(108007, '&#1051;&#1080;&#1074;&#1077;&#1088;&#1087;&#1091;&#1083;&#1100; - &#1040;&#1088;&#1089;&#1077;&#1085;&#1072;&#1083;', NULL, '&#1054;&#1073;&#1077; &#1082;&#1086;&#1084;&#1072;&#1085;&#1076;&#1099; &#1079;&#1072;&#1073;&#1100;&#1102;&#1090;: &#1044;&#1072;', '2017-08-27', '&#1060;&#1091;&#1090;&#1073;&#1086;&#1083;, &#1040;&#1085;&#1075;&#1083;&#1080;&#1103;. &#1055;&#1088;&#1077;&#1084;&#1100;&#1077;&#1088; &#1051;&#1080;&#1075;&#1072;', 1.44),
	(113807, '&#1051;&#1086;&#1082;&#1086;&#1084;&#1086;&#1090;&#1080;&#1074; - &#1042;&#1080;&#1090;&#1103;&#1079;&#1100;', NULL, '&#1055;1', '2017-08-29', 'Хоккей/ КХЛ. Регулярный чемпионат.', 1.33),
	(113808, '&#1053;&#1077;&#1092;&#1090;&#1077;&#1093;&#1080;&#1084;&#1080;&#1082; - &#1051;&#1072;&#1076;&#1072;', NULL, 'Двойной шанс X1', '2017-08-29', ' Хоккей/ КХЛ. Регулярный чемпионат.', 1.26),
	(116905, '&#1041;&#1072;&#1088;&#1099;&#1089; (&#1073;&#1088;) - &#1058;&#1086;&#1088;&#1087;&#1077;&#1076;&#1086; &#1053;&#1053; (&#1073;&#1088;)', NULL, '&#1058;&#1052; (61.5)', '2017-08-30', 'Хоккей/ КХЛ. Регулярный чемпионат. Броски в створ ворот.', 1.8),
	(120017, ' &#1040;.&#1056;&#1072;&#1076;&#1074;&#1072;&#1085;&#1100;&#1089;&#1082;&#1072; - &#1070;.&#1055;&#1091;&#1090;&#1080;&#1085;&#1094;&#1077;&#1074;&#1072;', NULL, '&#1055;1', '2017-08-31', 'Теннис/ Открытый чемпионат США. Женщины. Одиночный разряд. 1/16 финала', 1.22),
	(120018, '&#1045;.&#1052;&#1072;&#1082;&#1072;&#1088;&#1086;&#1074;&#1072; - &#1050;.&#1057;&#1091;&#1072;&#1088;&#1077;&#1089;-&#1053;&#1072;&#1074;&#1072;&#1088;&#1088;&#1086;', NULL, '&#1055;1', '2017-08-31', 'Теннис/ Открытый чемпионат США. Женщины. Одиночный разряд. 1/16 финала', 1.65),
	(120832, 'А.Рублев - Г.Димитров', NULL, 'ФОРА1 по геймам (+7.5)', NULL, '\n  Теннис/  Открытый чемпионат США. Мужчины. Одиночный разряд. 1/32 финала\n', 1.71),
	(120833, 'Д.Гоффин - Г.Пелья', NULL, 'П2', NULL, '\n  Теннис/  Открытый чемпионат США. Мужчины. Одиночный разряд. 1/32 финала\n', 3.38),
	(120834, 'Д.Янг - Г.Монфис', NULL, 'ФОРА1 по геймам (+6.5)', NULL, '\n  Теннис/  Открытый чемпионат США. Мужчины. Одиночный разряд. 1/32 финала\n', 1.68),
	(120835, 'Болгария - Швеция', NULL, 'ИТБ2 (1)', NULL, '\n  Футбол/  Чемпионат мира 2018. Отборочные матчи. Европа.\n', 1.4),
	(120836, 'Кипр - Босн. и Герц.', NULL, 'П2', NULL, '\n  Футбол/  Чемпионат мира 2018. Отборочные матчи. Европа.\n', 1.49),
	(120837, 'Люксембург - Беларусь', NULL, 'ФОРА1 (+1.5)', NULL, '\n  Футбол/  Чемпионат мира 2018. Отборочные матчи. Европа.\n', 1.42),
	(120838, 'Континен Х./Пирс Дж. - Блумберг В./Папа С.', NULL, 'П1', NULL, '\n  Теннис/  Мужчины. US Open. Пары.\n', 1.05),
	(120839, 'Кубот Л./Мело М. - Дуран Г./Скупски Н.', NULL, 'ФОРА1 по сетам (+1.5)', NULL, '\n  Теннис/  Мужчины. US Open. Пары.\n', 1.08),
	(120840, 'Свитолина Е. - Родина Е.', NULL, 'ФОРА1 по сетам (-1.5)', NULL, '\n  Теннис/  Женщины. US Open.\n', 1.25),
	(120841, 'Франция - Финляндия', NULL, 'ТБ (157.5)', NULL, '\n  Баскетбол/  Мужчины. Чемпионат Европы 2017. Финляндия-Израиль-Румыния-Турция.\n', 1.56),
	(120842, 'Россия - Словения', NULL, 'ФОРА2 по очкам (8)', NULL, '\n  Волейбол/  Чемпионат Европы. Мужчины. 2017. Финальный турнир. Польша. Плей-офф. 1/4 финала\n', 2.01),
	(120843, 'Бельгия - Италия', NULL, 'П2', NULL, '\n  Волейбол/  Чемпионат Европы. Мужчины. 2017. Финальный турнир. Польша. Плей-офф. 1/4 финала\n', 1.53),
	(120844, 'С.Травалья - В.Троицки', NULL, 'ФОРА1 по геймам (+0.5)', NULL, '\n  Теннис/  Открытый чемпионат США. Мужчины. Одиночный разряд. 1/32 финала\n', 2.03),
	(120845, 'А.Менендес-Масейрас - Х.Дель Потро', NULL, 'П2', NULL, '\n  Теннис/  Открытый чемпионат США. Мужчины. Одиночный разряд. 1/32 финала\n', 1.07),
	(120846, 'Бельгия - Гибралтар', NULL, 'ТМ (8)', NULL, '\n  Футбол/  Сборные. Чемпионат мира. 2018. Отборочные матчи. Европа. Групповой этап\n', 1.51),
	(120847, 'Болгария - Швеция', NULL, 'П2', NULL, '\n  Футбол/  Сборные. Чемпионат мира. 2018. Отборочные матчи. Европа. Групповой этап\n', 1.92),
	(120848, 'Венгрия - Латвия', NULL, 'ТМ (3)', NULL, '\n  Футбол/  Сборные. Чемпионат мира. 2018. Отборочные матчи. Европа. Групповой этап\n', 1.47),
	(120849, 'Франция - Нидерланды', NULL, 'П1', NULL, '\n  Футбол/  Сборные. Чемпионат мира. 2018. Отборочные матчи. Европа. Групповой этап\n', 1.51),
	(120850, 'Швейцария - Андорра', NULL, 'ФОРА2 (4)', NULL, '\n  Футбол/  Сборные. Чемпионат мира. 2018. Отборочные матчи. Европа. Групповой этап\n', 1.72),
	(120851, 'Троицки В. - Травалья С.', NULL, 'П2', NULL, '\n  Теннис/  Мужчины. US Open.\n', 2.01),
	(120852, 'Остапенко Е. - Кирстя С.', NULL, 'Тотал по геймам больше (20.5)', NULL, '\n  Теннис/  Женщины. US Open.\n', 1.68),
	(120853, 'Викмайер Я. - Канепи К.', NULL, 'П1', NULL, '\n  Теннис/  Женщины. US Open.\n', 1.75),
	(120854, 'Лопес Ф. - Вердаско Ф.', NULL, 'П1', NULL, '\n  Теннис/  Мужчины. US Open.\n', 1.8),
	(120855, 'Свитолина Е. - Родина Е.', NULL, 'Тотал по геймам больше (16.5)', NULL, '\n  Теннис/  Женщины. US Open.\n', 1.54),
	(120856, 'Остапенко Е. - Кирстя С.', NULL, 'П1', NULL, '\n  Теннис/  Женщины. US Open.\n', 1.57),
	(120857, 'Континен Х./Пирс Дж. - Блумберг В./Папа С.', NULL, 'П1', NULL, '\n  Теннис/  Мужчины. US Open. Пары.\n', 1.05),
	(120858, 'Марах О./Павич М. - Кирков В./Томас Д.', NULL, 'П1', NULL, '\n  Теннис/  Мужчины. US Open. Пары.\n', 1.05),
	(120859, 'Брайан Б./Брайан М. - Ебавы Р./Веселы И.', NULL, 'ФОРА1 по сетам (+1.5)', NULL, '\n  Теннис/  Мужчины. US Open. Пары.\n', 1.08),
	(120860, 'Эрбер П.-Ю./Маю Н. - Хасе Р./Мидделкоп М.', NULL, 'ФОРА1 по сетам (+1.5)', NULL, '\n  Теннис/  Мужчины. US Open. Пары.\n', 1.08),
	(120861, 'Класен Р./Рам Р. - Дутра Силва Р./Лоренци П.', NULL, 'ФОРА1 по сетам (+1.5)', NULL, '\n  Теннис/  Мужчины. US Open. Пары.\n', 1.11),
	(120862, 'Греция - Эстония', NULL, 'Точный счет 2:0', NULL, '\n  Футбол/  Сборные. Чемпионат мира. 2018. Отборочные матчи. Европа. Групповой этап\n', 5),
	(120863, 'Франция - Нидерланды', NULL, 'ИТБ1 (1.5)', NULL, '\n  Футбол/  Сборные. Чемпионат мира. 2018. Отборочные матчи. Европа. Групповой этап\n', 1.53),
	(120864, 'Казахстан - Черногория', NULL, 'Обе команды забьют: Да', NULL, '\n  Футбол/  Сборные. Чемпионат мира. 2018. Отборочные матчи. Европа. Групповой этап\n', 1.82),
	(120865, 'Португалия - Фарерские острова', NULL, 'Гол. 1-15 мин.: Нет', NULL, '\n  Футбол/  Сборные. Чемпионат мира. 2018. Отборочные матчи. Европа. Групповой этап\n', 1.81),
	(120866, 'Фареры (мол) - Дания (мол)', NULL, 'ТБ (3.5)', NULL, '\n  Футбол/  Чемпионат Европы 2019 (до 21 года). Отборочные матчи.\n', 2.32),
	(120867, 'Сев. Ирландия (мол) - Албания (мол)', NULL, 'ФОРА1 (0)', NULL, '\n  Футбол/  Чемпионат Европы 2019 (до 21 года). Отборочные матчи.\n', 1.8),
	(120868, 'Континен Х./Пирс Дж. - Блумберг В./Папа С.', NULL, 'П1', NULL, '\n  Теннис/  Мужчины. US Open. Пары.\n', 1.05),
	(120869, 'Марах О./Павич М. - Кирков В./Томас Д.', NULL, 'П1', NULL, '\n  Теннис/  Мужчины. US Open. Пары.\n', 1.05),
	(120870, 'Брайан Б./Брайан М. - Ебавы Р./Веселы И.', NULL, 'ФОРА1 по сетам (+1.5)', NULL, '\n  Теннис/  Мужчины. US Open. Пары.\n', 1.08),
	(120871, 'Эрбер П.-Ю./Маю Н. - Хасе Р./Мидделкоп М.', NULL, 'ФОРА1 по сетам (+1.5)', NULL, '\n  Теннис/  Мужчины. US Open. Пары.\n', 1.08),
	(120872, 'Класен Р./Рам Р. - Дутра Силва Р./Лоренци П.', NULL, 'ФОРА1 по сетам (+1.5)', NULL, '\n  Теннис/  Мужчины. US Open. Пары.\n', 1.11),
	(120873, 'Греция - Эстония', NULL, 'Точный счет 2:0', NULL, '\n  Футбол/  Сборные. Чемпионат мира. 2018. Отборочные матчи. Европа. Групповой этап\n', 5),
	(120874, 'Франция - Нидерланды', NULL, 'ИТБ1 (1.5)', NULL, '\n  Футбол/  Сборные. Чемпионат мира. 2018. Отборочные матчи. Европа. Групповой этап\n', 1.53),
	(120875, 'Казахстан - Черногория', NULL, 'Обе команды забьют: Да', NULL, '\n  Футбол/  Сборные. Чемпионат мира. 2018. Отборочные матчи. Европа. Групповой этап\n', 1.82),
	(120876, 'Португалия - Фарерские острова', NULL, 'Гол. 1-15 мин.: Нет', NULL, '\n  Футбол/  Сборные. Чемпионат мира. 2018. Отборочные матчи. Европа. Групповой этап\n', 1.81),
	(120877, 'Фареры (мол) - Дания (мол)', NULL, 'ТБ (3.5)', NULL, '\n  Футбол/  Чемпионат Европы 2019 (до 21 года). Отборочные матчи.\n', 2.32),
	(120878, 'Сев. Ирландия (мол) - Албания (мол)', NULL, 'ФОРА1 (0)', NULL, '\n  Футбол/  Чемпионат Европы 2019 (до 21 года). Отборочные матчи.\n', 1.8),
	(120879, 'УГЛ Франция - УГЛ Нидерланды', NULL, 'ТБ (7.5)', NULL, '\n  Футбол/  Чемпионат мира 2018. Отборочные матчи. Европа. Статистика.\n', 1.31),
	(120880, 'Греция - Эстония', NULL, 'П1', NULL, '\n  Футбол/  Чемпионат мира 2018. Отборочные матчи. Европа.\n', 1.43),
	(120881, 'Димитров Г. - Рублев А.', NULL, 'П1', NULL, '\n  Теннис/  Мужчины. US Open.\n', 1.12),
	(120882, 'Бердых Т. - Долгополов А.', NULL, 'ФОРА2 по геймам (6.5)', NULL, '\n  Теннис/  Мужчины. US Open.\n', 1.71),
	(120883, 'Джумхур Д. - Штебе Ц.-М.', NULL, 'П2', NULL, '\n  Теннис/  Мужчины. US Open.\n', 2.1),
	(120884, 'Троицки В. - Травалья С.', NULL, 'П1', NULL, '\n  Теннис/  Мужчины. US Open.\n', 1.8),
	(120885, 'Гаврилова Д. - Роджерс Ш.', NULL, 'П1', NULL, '\n  Теннис/  Женщины. US Open.\n', 1.26),
	(120886, 'Осака Н. - Аллертова Д.', NULL, 'ФОРА1 по геймам (-3.5)', NULL, '\n  Теннис/  Женщины. US Open.\n', 1.63),
	(120887, 'Джумхур Д. - Штебе Ц.-М.', NULL, 'Тотал по геймам больше (35.5)', NULL, '\n  Теннис/  Мужчины. US Open.\n', 1.65),
	(120888, 'Болгария - Швеция', NULL, 'ТБ (1.5)', NULL, '\n  Футбол/  Сборные. Чемпионат мира. 2018. Отборочные матчи. Европа. Групповой этап\n', 1.38),
	(120889, 'Испания - Италия', NULL, 'ТБ (1.5)', NULL, '\n  Футбол/  Сборные. Чемпионат мира. 2018. Отборочные матчи. Европа. Групповой этап\n', 1.4),
	(120890, 'Чехия - Германия', NULL, 'ТБ (1.5)', NULL, '\n  Футбол/  Сборные. Чемпионат мира. 2018. Отборочные матчи. Европа. Групповой этап\n', 1.2),
	(120891, 'Гаврилова Д. - Роджерс Ш.', NULL, 'ФОРА2 по геймам (5.5)', NULL, '\n  Теннис/  Женщины. US Open.\n', 1.7),
	(120892, 'Остапенко Е. - Кирстя С.', NULL, 'ФОРА2 по геймам (4.5)', NULL, '\n  Теннис/  Женщины. US Open.\n', 1.57),
	(120893, 'Франция - Нидерланды', NULL, 'ФОРА1 (-1)', NULL, '\n  Футбол/  Чемпионат мира 2018. Отборочные матчи. Европа.\n', 1.82),
	(120894, 'УГЛ Франция - УГЛ Нидерланды', NULL, 'ТБ (7.5)', NULL, '\n  Футбол/  Чемпионат мира 2018. Отборочные матчи. Европа. Статистика.\n', 1.31),
	(120895, 'Д.Джумхур - С.Штебе', NULL, 'Тотал по геймам больше (35.5)', NULL, '\n  Теннис/  Открытый чемпионат США. Мужчины. Одиночный разряд. 1/32 финала\n', 1.72),
	(120896, 'Д.Шаповалов - К.Эдмунд', NULL, 'Тотал по геймам больше (38)', NULL, '\n  Теннис/  Открытый чемпионат США. Мужчины. Одиночный разряд. 1/16 финала\n', 1.84),
	(120897, 'Кипр - Босния и Герцеговина', NULL, 'П2', NULL, '\n  Футбол/  Сборные. Чемпионат мира. 2018. Отборочные матчи. Европа. Групповой этап\n', 1.48),
	(120898, 'Франция - Нидерланды', NULL, 'ИТБ1 (1.5)', NULL, '\n  Футбол/  Сборные. Чемпионат мира. 2018. Отборочные матчи. Европа. Групповой этап\n', 1.53),
	(120899, 'Болгария - Швеция', NULL, 'ИТБ2 (1)', NULL, '\n  Футбол/  Сборные. Чемпионат мира. 2018. Отборочные матчи. Европа. Групповой этап\n', 1.39),
	(120900, 'Маннарино А. - Фратанджело Б.', NULL, 'ФОРА1 по сетам (+1.5)', NULL, '\n  Теннис/  Мужчины. US Open.\n', 1.12),
	(120901, 'Димитров Г. - Рублев А.', NULL, 'ФОРА1 по сетам (+1.5)', NULL, '\n  Теннис/  Мужчины. US Open.\n', 1.06),
	(120902, 'Монфилс Г. - Янг Д.', NULL, 'ФОРА1 по сетам (+2.5)', NULL, '\n  Теннис/  Мужчины. US Open.\n', 1.03),
	(120903, 'Надаль Р. - Даниель Т.', NULL, 'П1', NULL, '\n  Теннис/  Мужчины. US Open.\n', 1.01),
	(120904, 'Викмайер Я. - Канепи К.', NULL, 'ФОРА1 по сетам (+1.5)', NULL, '\n  Теннис/  Женщины. US Open.\n', 1.31),
	(120905, 'Троицки В. - Травалья С.', NULL, 'ФОРА2 по сетам (2.5)', NULL, '\n  Теннис/  Мужчины. US Open.\n', 1.2),
	(120906, 'Германия - Чехия', NULL, 'П1', NULL, '\n  Волейбол/  Мужчины. Чемпионат Европы. Польша. 1/4 финала.\n', 1.21),
	(120907, 'Греция - Эстония', NULL, 'ФОРА1 (-1)', NULL, '\n  Футбол/  Чемпионат мира 2018. Отборочные матчи. Европа.\n', 1.74),
	(120908, 'Люксембург - Беларусь', NULL, 'ФОРА1 (+1)', NULL, '\n  Футбол/  Чемпионат мира 2018. Отборочные матчи. Европа.\n', 1.68),
	(120909, 'Болгария - Швеция', NULL, 'Обе команды забьют: Да', NULL, '\n  Футбол/  Чемпионат мира 2018. Отборочные матчи. Европа.\n', 1.97),
	(120910, 'Франция - Нидерланды', NULL, 'ИТБ1 (1.5)', NULL, '\n  Футбол/  Чемпионат мира 2018. Отборочные матчи. Европа.\n', 1.6),
	(120911, 'УГЛ Франция - УГЛ Нидерланды', NULL, 'ИТБ2 (3.5)', NULL, '\n  Футбол/  Чемпионат мира 2018. Отборочные матчи. Европа. Статистика.\n', 1.63),
	(120912, 'Оболонь-Бровар - Гелиос', NULL, 'ТМ (3)', NULL, '\n  Футбол/  Чемпионат Украины. Первая лига.\n', 1.23),
	(120913, 'ФАС - Мунисипаль Лимено', NULL, 'ТМ (3.5)', NULL, '\n  Футбол/  Чемпионат Сальвадора.\n', 1.2),
	(120914, 'Словения (19) - Казахстан (19)', NULL, 'ТБ (3.5)', NULL, '\n  Футбол/  Товарищеские матчи. Сборные (до 19 лет).\n', 2.1),
	(120915, 'Израиль (19) - Венгрия (19)', NULL, 'П1', NULL, '\n  Футбол/  Товарищеские матчи. Сборные (до 19 лет).\n', 2.6),
	(120916, 'Чжан Шуай - Одзаки Р.', NULL, 'ФОРА1 по геймам (-2.5)', NULL, '\n  Теннис/  Женщины. US Open.\n', 1.35),
	(120917, 'Стефанс Сл. - Барти Э.', NULL, 'ФОРА1 по сетам (+1.5)', NULL, '\n  Теннис/  Женщины. US Open.\n', 1.35),
	(120918, 'Т.Мариа - М.Киз', NULL, 'П2', NULL, '\n  Теннис/  Открытый чемпионат США. Женщины. Одиночный разряд. 1/32 финала\n', 1.14),
	(120919, 'О.Жабер - К.Вандевей', NULL, 'П2', NULL, '\n  Теннис/  Открытый чемпионат США. Женщины. Одиночный разряд. 1/32 финала\n', 1.22),
	(120920, 'К.Нара - С.Кузнецова', NULL, 'П2', NULL, '\n  Теннис/  Открытый чемпионат США. Женщины. Одиночный разряд. 1/32 финала\n', 1.19),
	(120921, 'Э.Свитолина - Е.Родина', NULL, 'П1', NULL, '\n  Теннис/  Открытый чемпионат США. Женщины. Одиночный разряд. 1/32 финала\n', 1.08),
	(120922, 'К.Плишкова - Н.Гиббс', NULL, 'П1', NULL, '\n  Теннис/  Открытый чемпионат США. Женщины. Одиночный разряд. 1/32 финала\n', 1.08),
	(120923, 'Кипр - Босния и Герцеговина', NULL, 'ИТБ2 (1)', NULL, '\n  Футбол/  Сборные. Чемпионат мира. 2018. Отборочные матчи. Европа. Групповой этап\n', 1.21),
	(120924, 'Бельгия - Гибралтар', NULL, 'ФОРА1 (-5)', NULL, '\n  Футбол/  Сборные. Чемпионат мира. 2018. Отборочные матчи. Европа. Групповой этап\n', 1.15),
	(120925, 'Франция - Нидерланды', NULL, 'ИТБ2 (1)', NULL, '\n  Футбол/  Сборные. Чемпионат мира. 2018. Отборочные матчи. Европа. Групповой этап\n', 2.76),
	(120926, 'Греция - Эстония', NULL, 'ИТБ1 (1)', NULL, '\n  Футбол/  Сборные. Чемпионат мира. 2018. Отборочные матчи. Европа. Групповой этап\n', 1.28),
	(120927, 'Касаткина Д. - Макхейл К.', NULL, 'Тотал по геймам больше (19.5)', NULL, '\n  Теннис/  Женщины. US Open.\n', 1.59),
	(120928, 'Остапенко Е. - Кирстя С.', NULL, 'П1', NULL, '\n  Теннис/  Женщины. US Open.\n', 1.57),
	(120929, 'Монфилс Г. - Янг Д.', NULL, 'ФОРА1 по сетам (-1.5)', NULL, '\n  Теннис/  Мужчины. US Open.\n', 1.51),
	(120930, 'Джумхур Д. - Штебе Ц.-М.', NULL, 'Тотал по геймам больше (34.5)', NULL, '\n  Теннис/  Мужчины. US Open.\n', 1.52),
	(120931, 'Федерер Р. - Южный М.', NULL, 'ФОРА1 по сетам (-1.5)', NULL, '\n  Теннис/  Мужчины. US Open.\n', 1.1),
	(120932, 'Германия - Чехия', NULL, 'ФОРА1 по партиям (-2.5)', NULL, '\n  Волейбол/  Мужчины. Чемпионат Европы. Польша. 1/4 финала.\n', 2.44),
	(120933, 'Сербия - Болгария', NULL, 'ФОРА1 по партиям (-1.5)', NULL, '\n  Волейбол/  Мужчины. Чемпионат Европы. Польша. 1/4 финала.\n', 1.82),
	(120934, 'Дагестан - Газпром-Югра', NULL, 'ФОРА1 по очкам (-9.5)', NULL, '\n  Волейбол/  Кубок России. Мужчины. Махачкала.\n', 1.9),
	(120935, 'МГТУ - Кузбасс', NULL, 'ФОРА2 по партиям (-1.5)', NULL, '\n  Волейбол/  Кубок России. Мужчины. Махачкала.\n', 1.25),
	(120936, 'АСК Нижний Новгород - Зенит-Казань', NULL, 'ФОРА2 по партиям (-2.5)', NULL, '\n  Волейбол/  Кубок России. Мужчины. Санкт-Петербург.\n', 1.23),
	(120937, 'Бельгия - Гибралтар', NULL, 'ФОРА1 (-5.5)', NULL, '\n  Футбол/  Чемпионат мира 2018. Отборочные матчи. Европа.\n', 1.34),
	(120938, 'Португалия - Фареры', NULL, 'ФОРА1 (-3)', NULL, '\n  Футбол/  Чемпионат мира 2018. Отборочные матчи. Европа.\n', 1.34),
	(120939, 'Кипр - Босн. и Герц.', NULL, 'П2', NULL, '\n  Футбол/  Чемпионат мира 2018. Отборочные матчи. Европа.\n', 1.49),
	(120940, 'Франция - Нидерланды', NULL, 'П1', NULL, '\n  Футбол/  Чемпионат мира 2018. Отборочные матчи. Европа.\n', 1.55),
	(120941, 'Кипр - Босн. и Герц.', NULL, 'П2', NULL, '\n  Футбол/  Чемпионат мира 2018. Отборочные матчи. Европа.\n', 1.49),
	(120942, 'Германия - Чехия', NULL, 'П1', NULL, '\n  Волейбол/  Мужчины. Чемпионат Европы. Польша. 1/4 финала.\n', 1.21),
	(120943, 'Сербия - Болгария', NULL, 'П1', NULL, '\n  Волейбол/  Мужчины. Чемпионат Европы. Польша. 1/4 финала.\n', 1.4),
	(120944, 'Бельгия - Италия', NULL, 'ФОРА1 по партиям (+2.5)', NULL, '\n  Волейбол/  Мужчины. Чемпионат Европы. Польша. 1/4 финала.\n', 1.26),
	(120945, 'Россия - Словения', NULL, 'ФОРА2 по партиям (1.5)', NULL, '\n  Волейбол/  Мужчины. Чемпионат Европы. Польша. 1/4 финала.\n', 2.28),
	(120946, 'Димитров Г. - Рублев А.', NULL, 'ФОРА1 по сетам (-1.5)', NULL, '\n  Теннис/  Мужчины. US Open.\n', 1.35),
	(120947, 'Маннарино А. - Фратанджело Б.', NULL, 'ФОРА1 по сетам (-1.5)', NULL, '\n  Теннис/  Мужчины. US Open.\n', 1.43),
	(120948, 'А.Долгополов - Т.Бердых', NULL, 'П2', NULL, '\n  Теннис/  Открытый чемпионат США. Мужчины. Одиночный разряд. 1/32 финала\n', 1.24),
	(120949, 'Р.Надаль - Т.Даниэль', NULL, 'Точный счет 3:0', NULL, '\n  Теннис/  Открытый чемпионат США. Мужчины. Одиночный разряд. 1/32 финала\n', 1.24),
	(120950, 'Р.Баутиста-Агут - Д.Браун', NULL, 'Тотал по геймам больше (31.5)', NULL, '\n  Теннис/  Открытый чемпионат США. Мужчины. Одиночный разряд. 1/32 финала\n', 1.75),
	(120951, 'Маннарино А. - Фратанджело Б.', NULL, 'ФОРА1 по геймам (-4.5)', NULL, '\n  Теннис/  Мужчины. US Open.\n', 1.43),
	(120952, 'Каррено-Буста П. - Маю Н.', NULL, 'ФОРА1 по геймам (-4.5)', NULL, '\n  Теннис/  Мужчины. US Open.\n', 1.64),
	(120953, 'Касаткина Д. - Макхейл К.', NULL, 'Тотал по геймам больше (19.5)', NULL, '\n  Теннис/  Женщины. US Open.\n', 1.59),
	(120954, 'Джумхур Д. - Штебе Ц.-М.', NULL, 'П1', NULL, '\n  Теннис/  Мужчины. US Open.\n', 1.73),
	(120955, 'Викмайер Я. - Канепи К.', NULL, 'П1', NULL, '\n  Теннис/  Женщины. US Open.\n', 1.75),
	(120956, 'Никулеску М. - Богдан А.', NULL, 'П1', NULL, '\n  Теннис/  Женщины. US Open.\n', 1.63),
	(120957, 'Бельгия - Гибралтар', NULL, 'ТМ (8)', NULL, '\n  Футбол/  Сборные. Чемпионат мира. 2018. Отборочные матчи. Европа. Групповой этап\n', 1.51),
	(120958, 'Швейцария - Андорра', NULL, 'ФОРА1 (-2.5)', NULL, '\n  Футбол/  Сборные. Чемпионат мира. 2018. Отборочные матчи. Европа. Групповой этап\n', 1.36),
	(120959, 'Португалия - Фарерские острова', NULL, 'ФОРА1 (-2.5)', NULL, '\n  Футбол/  Сборные. Чемпионат мира. 2018. Отборочные матчи. Европа. Групповой этап\n', 1.22),
	(120960, 'Португалия - Фареры', NULL, '1-й тайм ТБ (1.5)', NULL, '\n  Футбол/  Чемпионат мира 2018. Отборочные матчи. Европа.\n', 1.5),
	(120961, 'Швейцария - Андорра', NULL, 'ТМ (5)', NULL, '\n  Футбол/  Чемпионат мира 2018. Отборочные матчи. Европа.\n', 1.45),
	(120962, 'Аревало М. - Мена Ф.', NULL, 'П1', NULL, '\n  Теннис/  Турнир ATP. Кито. Эквадор. Clay.\n', 1.57),
	(120963, 'Эстрелья В. - Эскобар Г.', NULL, 'П1', NULL, '\n  Теннис/  Турнир ATP. Кито. Эквадор. Clay.\n', 1.42),
	(120964, 'Остапенко Е. - Кирстя С.', NULL, 'П1', NULL, '\n  Теннис/  Женщины. US Open.\n', 1.57),
	(120965, 'УГЛ Франция - УГЛ Нидерланды', NULL, 'ТБ (7.5)', NULL, '\n  Футбол/  Чемпионат мира 2018. Отборочные матчи. Европа. Статистика.\n', 1.31),
	(120966, 'ЖК Кипр - ЖК Босн. и Герц.', NULL, 'ИТБ1 (1.5)', NULL, '\n  Футбол/  Чемпионат мира 2018. Отборочные матчи. Европа. Статистика.\n', 1.39),
	(120967, 'Франция - Нидерланды', NULL, 'ФОРА1 (0)', NULL, '\n  Футбол/  Чемпионат мира 2018. Отборочные матчи. Европа.\n', 1.2),
	(120968, 'Греция - Эстония', NULL, 'П1', NULL, '\n  Футбол/  Чемпионат мира 2018. Отборочные матчи. Европа.\n', 1.43),
	(120969, 'Болгария - Швеция', NULL, 'ФОРА2 (0)', NULL, '\n  Футбол/  Чемпионат мира 2018. Отборочные матчи. Европа.\n', 1.4),
	(120970, 'Димитров Г. - Рублев А.', NULL, 'ФОРА1 по сетам (-1.5)', NULL, '\n  Теннис/  Мужчины. US Open.\n', 1.35),
	(120971, 'Джумхур Д. - Штебе Ц.-М.', NULL, 'П1', NULL, '\n  Теннис/  Мужчины. US Open.\n', 1.73),
	(120972, 'Германия - Чехия', NULL, 'ФОРА1 по партиям (-1.5)', NULL, '\n  Волейбол/  Мужчины. Чемпионат Европы. Польша. 1/4 финала.\n', 1.44),
	(120973, 'Россия - Словения', NULL, 'ФОРА2 по партиям (2.5)', NULL, '\n  Волейбол/  Мужчины. Чемпионат Европы. Польша. 1/4 финала.\n', 1.41),
	(120974, 'Бельгия - Италия', NULL, 'П2', NULL, '\n  Волейбол/  Мужчины. Чемпионат Европы. Польша. 1/4 финала.\n', 1.53),
	(120975, 'Франция - Нидерланды', NULL, 'ИТБ1 (1.5)', NULL, '\n  Футбол/  Чемпионат мира 2018. Отборочные матчи. Европа.\n', 1.6),
	(120976, 'Болгария - Швеция', NULL, 'ФОРА2 (0)', NULL, '\n  Футбол/  Чемпионат мира 2018. Отборочные матчи. Европа.\n', 1.4),
	(120977, 'Елена Остапенко - Дарья Касаткина', NULL, 'П2', '2017-09-02', 'Теннис/ Открытый чемпионат США. Женщины. Одиночный разряд. 3-ий круг. ', 2.296);
/*!40000 ALTER TABLE `IVENTS` ENABLE KEYS */;

-- Дамп структуры для таблица bma_data.QUESTIONS
CREATE TABLE IF NOT EXISTS `QUESTIONS` (
  `ID` bigint(255) NOT NULL AUTO_INCREMENT,
  `question` varchar(2000) NOT NULL,
  `answer` varchar(5000) DEFAULT NULL,
  PRIMARY KEY (`ID`)
) ENGINE=InnoDB AUTO_INCREMENT=11 DEFAULT CHARSET=utf8;

-- Дамп данных таблицы bma_data.QUESTIONS: ~10 rows (приблизительно)
/*!40000 ALTER TABLE `QUESTIONS` DISABLE KEYS */;
INSERT INTO `QUESTIONS` (`ID`, `question`, `answer`) VALUES
	(1, 'Как выбрать букмекера?', 'Подробное <a>описание и рейтинг букмекеров</a> - составлено на основе оценки по четырем основным показателям: надежность, \r\nлиния, удобству работы и бонусы. Все баллы детализированы в описаниях. Только разрешенные в РФ сайты букмекерских контор.'),
	(2, 'Как зарегистрироваться?', '<center>Пример регистрации в <a>1xBET</a> по номеру телефона.</center>\r\n<br>\r\n1) Переходим на сайт <a>1xBET</a>, в правом верхнем угла кнопка "регистрация".<br><br>\r\n2) В появившемся окошке выбираем "по номеру телефона" и указываем свой номер мобильного телефона, и жмем "Зарегистрироваться".<br><br>\r\n<img src="bootstrap/img/registration/Screenshot_1.jpg" width="50%" alt="Форма регистрации по номеру телефона">  \r\n<br><br>\r\n3) Данные с вашим логином и паролем отправлены SMS сообщением:<br><br>\r\nИнформацию для регистрации в конкретной букмекерской конторе Вы сможете найти в подробном <a>описании букмекеров</a>  '),
	(3, 'Как пополнить счет с банковской карты?', '<center>На примере поплнения счета в <a>1xBET</a>.</center>\r\n<br>\r\n1) Для того, чтобы пополнить счёт с помощью банковской карты Вам необходимо зайти на\r\nстраницу пополнения счёта нажав на кнопку «Пополнить» в верхней правой части страницы.\r\n<br><br>\r\n2) В зависимости от типа Вашей карты выберите нужную иконку.\r\n<br><br>\r\n3) Укажите сумму, и email. \r\n<br><br>\r\n<img src="bootstrap/img/bankCard/Screenshot_1.jpg" width="35%" alt="Упс, картинка временно недоступна, приносим свои извинения">\r\n<br><br>\r\n4) Далее Вы будете перенаправлены на платёжную страницу, где Вам нужно\r\nбудет заполнить данные с карты. \r\n<br><br>\r\n<img src="bootstrap/img/bankCard/Screenshot_2.jpg" width="50%" alt="Упс, картинка временно недоступна, приносим свои извинения">\r\n<br><br>\r\n5) Жмем, "Pay Now". Вскоре Ваш счёт будет пополнен.\r\n\r\n'),
	(4, 'Как пополнить счет с интернет кошелька?', '<center>На примере поплнения счета в <a>1xBET</a>.</center>\r\n<br>\r\n1) Для того, чтобы пополнить счёт с кошелька Qiwi, Вам необходимо зайти на страницу\r\nпополнения счёта, нажав на кнопку «Пополнить» в верхней правой части страницы.\r\n<br><br>\r\n2) Выбрать иконку Qiwi, ввести желаемую сумму пополнения, номер телефона и нажать\r\n«Пополнить».\r\n<br><br>\r\n<img src="bootstrap/img/qiwi/Screenshot_1.jpg" width="35%" alt="Упс, картинка временно недоступна, приносим свои извинения">\r\n<br><br>\r\n3) Подтвердить платёж.\r\n<br><br>\r\n<img src="bootstrap/img/qiwi/Screenshot_2.jpg" width="35%" alt="Упс, картинка временно недоступна, приносим свои извинения">\r\n<br><br>\r\n4) Далее Вы будете перенаправлены на сайт Qiwi, где нужно будет подтвердить оплату кодом,\r\nкоторый придёт на телефон, привязанный к Вашему кошельку. Вскоре Ваш счёт будет пополнен.\r\n<br><br>\r\n<img src="bootstrap/img/qiwi/Screenshot_3.jpg" width="50%" height = "30%" alt="Упс, картинка временно недоступна, приносим свои извинения">\r\n\r\n'),
	(5, 'Как пополнить счет мобильным платежём?', '<center>На примере поплнения счета в <a>1xBET</a>.</center>\r\n<br>\r\n1) Для того, чтобы пополнить счёт с помощью мобильного телефона, Вам необходимо зайти\r\nна страницу пополнения счёта, нажав на кнопку «Пополнить» в верхней правой части страницы.\r\n<br><br>\r\n2) Далее, в зависимости от Вашего мобильного оператора, нужно выбрать иконку.\r\n<br><br>\r\n<img src="bootstrap/img/mobile/Screenshot_1.jpg" width="50%" alt="Упс, картинка временно недоступна, приносим свои извинения">\r\n<br><br>\r\n3) Ввести желаемую сумму пополнения, номер телефона и нажать «Подтвердить»\r\n<br><br>\r\n<img src="bootstrap/img/mobile/Screenshot_2.jpg" width="50%" alt="Упс, картинка временно недоступна, приносим свои извинения">\r\n<br><br>\r\n4) На ваш номер телефона поступит сообщение, где нужно будет подтвердить списание\r\nсредств со счёта мобильного. Вскоре ваш счет будет пополнен.\r\n<br><br>\r\n<img src="bootstrap/img/mobile/Screenshot_3.jpg" width="50%" alt="Упс, картинка временно недоступна, приносим свои извинения">\r\n'),
	(6, 'Как сделать ставку?', '<center>На примере ставки в <a>1xBET</a>.</center>\r\n<br>\r\n1) Чтобы сделать ставку, Вам необходимо зайти\r\nна главную страницу 1xBET, войти в свой аккаунт. Далее 4 простых шага:<br><br>\r\n- Выбираем в меню слева интересующий вид спорта и чемпионат.<br> \r\n- Выбираем отдельное событие, например Манчестер Юнайтед - Лестер.<br> - Выбираем на что ставим.<br>\r\n- Слева Можно увидеть информацию по ставке. Вводим там сумму и нажимаем кнопку "Сделать ставку".\r\n<br><br>\r\n<img src="bootstrap/img/bet/Screenshot_1.jpg" width="100%" alt="Упс, картинка временно недоступна, приносим свои извинения">\r\n<br><br>\r\n3) Видим следующее сообщение с информацией о Вашей ставке. \r\n<br><br>\r\n<img src="bootstrap/img/bet/Screenshot_2.jpg" width="35%" alt="Упс, картинка временно недоступна, приносим свои извинения">\r\n<br><br>\r\n '),
	(7, 'Как узнать результат ставки?', '<center>На примере в <a>1xBET</a>.</center>\r\n<br>\r\n1) Чтобы узнать результат, Вам необходимо зайти\r\nна главную страницу 1xBET, войти в свой аккаунт. Далее в верху справа выбираем личный кабинет и история ставок.\r\nПосле окончания матча, там будет отображаться результат вашей ставки. \r\n<br><br>\r\n<img src="bootstrap/img/betResult/Screenshot_1.jpg" width="100%" alt="Упс, картинка временно недоступна, приносим свои извинения">\r\n<br><br>\r\n'),
	(8, 'Как снять деньги?', '<center>На примере вывода на карту в <a>1xBET</a>.</center>\r\n<br>\r\n1) Для того, чтобы вывести деньги на банковскую карту Вам необходимо войти в свой аккаунт на\r\n<a>1xBET</a>. Вверху слева выбираем личный кабинет и вывести со счета. Далее выбираем свою карту и заполняем данные на форме. \r\n<br><br>\r\n<img src="bootstrap/img/out/Screenshot_1.jpg" width="100%" alt="Упс, картинка временно недоступна, приносим свои извинения">\r\n<br><br>\r\n2) Жмем "Подтвердить". Вскоре Ваши деньги придут на Вашу карту. '),
	(9, 'Основные термины, используемые букмекерскими конторами.', '<ul>\r\n<li><b>Ставка</b> – деньги, с помощью которых вы заключаете пари на какое-либо событие, на которое букмекерской конторой выставлен коэффициент.</li>\r\n<li><b>Коэффициент</b> – числовое измерение вероятности наступления события, его выставляют букмекеры. Как правило, он бывает дробным и десятичным – этот вид более привычный и понятный нам.</li>\r\n<li><b>Исход</b> – результат события, который рассчитан букмекерской конторой.</li>\r\n<li><b>Выигрыш</b> – та сумма, которая начисляется на ваш счет в букмекерской конторе в случае, если ваша ставка оказалась верной, т.е. событие, на которое вы заключили пари,  произошло.</li>\r\n<li><b>Проигрыш</b> – та сумма, которую вы теряете  если  ваша ставка оказалась неверной, т.е. событие, на которое вы заключили пари,  не произошло.</li>\r\n<li><b>Ординар</b> – одиночная ставка, т.е. ставка на одно событие.  В случае выигрыша, ставка рассчитывается как произведение суммы вашей ставки на предложенный коэффициент. \r\nНапример, вы поставили 2 доллара на событие, оцененное букмекером коэффициентом 1,9. В случае выигрыша, сумма, на которую пополнится ваш счет будет 3,8 доллара, \r\nчистая прибыль 3,8 – 2 (сумма ставки)= 1,8 доллара.</li>\r\n<li><b>Экспресс</b> –  комбинирование одиночных ставок – ординаров на исходы нескольких событий. Для экспресса  можно выбрать любые события, которые не зависят друг от друга. \r\nКоэффициент по экспрессу будет равен произведению коэффициентов на те события, которые вы выбрали. Для выигрыша по экспрессу необходимо чтобы все входящие в него события были не проиграны \r\n(т.е. если по какому-то событию будет возврат с коэффициентом 1, то это будет считаться выигрышем). Если хотя бы 1 из событий, объединенных в экспресс, проиграет, то весь экспресс \r\nсчитается проигранным.</li>\r\n<li><b>Мультиставка</b> – это система ставок, состоящая из экспрессов и ординаров, которые клиент собирает в одном купоне в оптимальной для себя комбинации.\r\n<li><b>Условная ставка</b> – это ставка, состоящая из набора независимых друг от друга экспрессов или ординаров. Получить выигрыш клиент может как с одного события в условной ставке, так и со всех событий.\r\n<li><b>Антиэкспресс</b> – это противоположность экспрессу, то есть игрок собирает экспресс и получает выигрыш в том случае, если хотя бы одно событие в экспрессе проигрывает.\r\n<li><b>Лаки</b> – это специальный вид ставок, в котором игрок выбирает три и более события и может выиграть во всех возможных видах экспрессов и ординаров на эти события.\r\n<li><b>Патент</b> – это специальный вид ставок – совокупность всех возможных экспрессов из нескольких событий.\r\n<li><b>Линия букмекерской конторы</b> – это список оценок (котировок) спортивных событий. Каждому игроку важно понимать, что эти оценки выставляются на основе различных \r\nпараметров, но ни в коем случае не известно как пойдет дело в реальной встрече в реальном времени, нередки случаи когда проигрывают заведомо \r\nболее сильные и мастеровитые спортсмены.</li>\r\n<li><b>Маржа</b> букмекерской конторы – прибыль, закладываемая букмекером в предлагаемые коэффициенты. Например, William’s Hill, выставляя в футбольном\r\nматче на событие четное/нечетное количество голов  коэффициенты 1,91/1,91 в каждый коэффициент закладывает свою маржу 4,5%.</li>\r\n</ul>'),
	(10, 'Основные варианты исходов ставок и их обозначения.', '<ul>\r\n<li><b>1</b> – победа первой команды.</li>\r\n<li><b>Х</b> – ничья.</li>\r\n<li><b>2</b> – победа второй команды.</li>\r\n<li><b>1Х</b> – победа первой команды или ничья.</li>\r\n<li><b>Х2</b> – победа второй команды или ничья.</li>\r\n<li><b>12</b> – победа 1 или 2 команды, если будет ничья, то ставка проиграна.</li>\r\n<li><b>Ф1</b> – фора относится только к голам первой команды.</li>\r\n<li><b>Ф2</b> – фора относится только к голам второй команды.</li>\r\n<li><b>Тб 2,5</b> — тотал забитых голов в матче больше 2,5 голов.</li>\r\n<li><b>Тм 3</b> - тотал забитых голов в матче меньше 3 голов.</li>\r\n<li><b>Итб1 (1,5)</b> - индивидуальный тотал, означающий общее количество забитых голов первой командой больше величины, указанной в скобках (в нашем примере — больше 1,5).</li>\r\n<li><b>Итм2 (2,5)</b> — индивидуальный тотал, означающий общее количество забитых голов второй командой (в нашем примере — меньше 2,5).</li>\r\n<li><b>Расчет ставки с форой (гандикапом).</b> После обозначения форы Ф и указания на кого (1или2) идет указание того, какая фора. Она может быть со знаками «+» или «-». «+» означает, \r\nчто следующее за ним число надо прибавить к счету со стороны той команды, на которую стоит фора, «-» соответственно отнять эту фору. Например, возьмем выдуманный матч Зенит — Волга.\r\nФ1 (-1,5) – ставка на то, что 1-я команда (в данном случае, Зенит) выиграет с разницей 2 и больше мячей. Т.е. допустим, что итоговый результат  3:1, то мы от мячей первой команды (от 3) \r\nвычитаем 1,5, получаем счет 1,5:1 – по нему первая команда выигрывает, значит и ваша ставка тоже выигрывает. Аналогично счет 2:0, 3:0, 4:2 и т.д. для этой ставки нас устраивает. \r\nАналогично если бы у нас была ставка Ф2 (+1,5) , то к голам второй команды вам надо будет прибавить 1,5, если полученный результат будет верным (в  нашем примере подошел бы счет, например, 2:1), \r\nто и ваша ставка будет выигрышной. Таким образом, в данном примере, ставки Ф1(-1,5) и Ф2(+1,5) – идентичны.</li>\r\n<li><b>Азиатская фора (азиатский гандикап).</b> Фора, кратная 0,25. Принимая такую ставку, фактически букмекер принимает 2 ставки, например Ф (+1,25) разбивается на Ф (+1)и Ф (+1,5),\r\nсоответственно, на каждую из фор идет половина суммы ставки. Результатом может быть выигрыш/ проигрыш по обеим ставкам, а также можно одну ставку выиграть, а по другой получить возврат.</li>\r\n<li><b>Тотал (от английского total – общий, суммарный)</b> – общее за матч количество забитых голов, шайб и т.п.  У каждой букмекерской конторы свои правила подсчета тоталов – в некоторых \r\nсчитается только голы (шайбы и т.п.), забитые в основное время, в некоторых учитывается все, что было забито и в добавленное время. При подсчете количества голов в футбольных матчах счет \r\n0:0 считается четным.</li>\r\n</ul>');
/*!40000 ALTER TABLE `QUESTIONS` ENABLE KEYS */;

-- Дамп структуры для таблица bma_data.USERS
CREATE TABLE IF NOT EXISTS `USERS` (
  `ID` bigint(100) NOT NULL AUTO_INCREMENT,
  `LOGIN` varchar(50) NOT NULL,
  `PASSWORD` varchar(50) NOT NULL,
  PRIMARY KEY (`ID`)
) ENGINE=InnoDB AUTO_INCREMENT=2 DEFAULT CHARSET=utf8;

-- Дамп данных таблицы bma_data.USERS: ~0 rows (приблизительно)
/*!40000 ALTER TABLE `USERS` DISABLE KEYS */;
INSERT INTO `USERS` (`ID`, `LOGIN`, `PASSWORD`) VALUES
	(1, 'Admin', '123123');
/*!40000 ALTER TABLE `USERS` ENABLE KEYS */;

/*!40101 SET SQL_MODE=IFNULL(@OLD_SQL_MODE, '') */;
/*!40014 SET FOREIGN_KEY_CHECKS=IF(@OLD_FOREIGN_KEY_CHECKS IS NULL, 1, @OLD_FOREIGN_KEY_CHECKS) */;
/*!40101 SET CHARACTER_SET_CLIENT=@OLD_CHARACTER_SET_CLIENT */;
