-- --------------------------------------------------------
-- Хост:                         127.0.0.1
-- Версия сервера:               5.1.41-community - MySQL Community Server (GPL)
-- Операционная система:         Win32
-- HeidiSQL Версия:              9.4.0.5125
-- --------------------------------------------------------

/*!40101 SET @OLD_CHARACTER_SET_CLIENT=@@CHARACTER_SET_CLIENT */;
/*!40101 SET NAMES utf8 */;
/*!40014 SET @OLD_FOREIGN_KEY_CHECKS=@@FOREIGN_KEY_CHECKS, FOREIGN_KEY_CHECKS=0 */;
/*!40101 SET @OLD_SQL_MODE=@@SQL_MODE, SQL_MODE='NO_AUTO_VALUE_ON_ZERO' */;


-- Дамп структуры базы данных bma_data
CREATE DATABASE IF NOT EXISTS `bma_data` /*!40100 DEFAULT CHARACTER SET utf8 */;
USE `bma_data`;

-- Дамп структуры для таблица bma_data.bookmakers
CREATE TABLE IF NOT EXISTS `bookmakers` (
  `ID` bigint(20) NOT NULL AUTO_INCREMENT,
  `NAME` varchar(100) NOT NULL,
  `LINK` varchar(250) DEFAULT NULL,
  `IMAGE` varchar(250) DEFAULT NULL,
  `DESCRIPTION` varchar(21000) DEFAULT NULL,
  PRIMARY KEY (`ID`)
) ENGINE=InnoDB AUTO_INCREMENT=7 DEFAULT CHARSET=utf8;

-- Дамп данных таблицы bma_data.bookmakers: ~6 rows (приблизительно)
/*!40000 ALTER TABLE `bookmakers` DISABLE KEYS */;
INSERT INTO `bookmakers` (`ID`, `NAME`, `LINK`, `IMAGE`, `DESCRIPTION`) VALUES
	(1, '1xBet', 'http://refparer.xyz/L?tag=s_44335m_355c_&site=44335&ad=355', 'bootstrap/img/bkLogo/1xbet.svg', 'Описание 1хBet'),
	(2, 'БК ЛЕОН', 'https://acbttrdsdsblinks.com/aff/ln/ru/73085869', 'bootstrap/img/bkLogo/leon.png', 'Описание Пари матч'),
	(3, 'Winline', 'https://winline.ru/', 'https://winline.ru/assets/img/logo-header.png', 'Длинное тестовое описание Длинное тестовое описание Длинное тестовое описание Длинное тестовое описание Длинное тестовое описание Длинное тестовое описание ');
/*!40000 ALTER TABLE `bookmakers` ENABLE KEYS */;

-- Дамп структуры для таблица bma_data.expresses
CREATE TABLE IF NOT EXISTS `expresses` (
  `ID` bigint(255) NOT NULL AUTO_INCREMENT,
  `NAME` varchar(200) DEFAULT NULL,
  `DATE` date NOT NULL,
  `SOURCE` varchar(200) DEFAULT NULL,
  `DESCRIPTION` varchar(10000) DEFAULT NULL,
  PRIMARY KEY (`ID`)
) ENGINE=InnoDB AUTO_INCREMENT=42140 DEFAULT CHARSET=utf8;

-- Дамп данных таблицы bma_data.expresses: ~57 rows (приблизительно)
/*!40000 ALTER TABLE `expresses` DISABLE KEYS */;
INSERT INTO `expresses` (`ID`, `NAME`, `DATE`, `SOURCE`, `DESCRIPTION`) VALUES
	(44, 'MY_EXPRESS', '2017-08-21', NULL, '<br>Горожане открывают сезон домашних матчей противостоянием с неуступчивым Эвертоном. Ириски обязательно навяжут серьезное сопротивление но класс игроков Манчестер Сити и поддержка заполненных трибун помогут хозяевам одержать победу.'),
	(1694, 'MY_EXPRESS', '2017-08-22', NULL, '<br>1) Без удалённых в первом матче Плеа и Козиелло шансов у хозяев 0,а учитывая как убого Ницца обороняется против серьезного нападения и хорошую форму Наполи уверен 2 своих хозяева пропустят и сегодня.<br>\r\n2) В гостях Зенит выглядел неважно. Парни из Питера наверняка соберуться дома, чтобы показать свой лучший футбол. Утрехт же вероятнее всего попробует удерживать преимущество, в 1 мяч, которого не хватит.<br>\r\n3) Дома Авангард явный фаворит встречи. В последний раз ребята раскатали 9-3 Авангард уничтожил Динамо, не вижу причин почему бы им не повторить это сегодня.  '),
	(6719, 'MY_EXPRESS', '2017-08-23', NULL, '&#1061;&#1086;&#1095;&#1077;&#1090;&#1089;&#1103; &#1077;&#1097;&#1077; &#1080; &#1101;&#1082;&#1089;&#1087;&#1088;&#1077;&#1089;&#1089; &#1074;&#1079;&#1103;&#1090;&#1100;, &#1076;&#1091;&#1084;&#1072;&#1102; &#1073;&#1086;&#1083;&#1100;&#1096;&#1077; &#1096;&#1077;&#1089;&#1090;&#1080; &#1096;&#1072;&#1081;&#1073; &#1085;&#1077; &#1076;&#1086;&#1083;&#1078;&#1085;&#1099; &#1079;&#1072;&#1073;&#1099;&#1074;&#1072;&#1090;&#1100;, &#1085;&#1086; &#1042;&#1080;&#1090;&#1103;&#1079;&#1100; &#1085;&#1077;&#1087;&#1083;&#1086;&#1093;&#1086; &#1087;&#1086;&#1082;&#1072;&#1079;&#1072;&#1083; &#1089;&#1077;&#1073;&#1103; &#1074; &#1087;&#1088;&#1086;&#1096;&#1083;&#1086;&#1084; &#1089;&#1077;&#1079;&#1086;&#1085;&#1077;, &#1087;&#1086;&#1089;&#1084;&#1086;&#1090;&#1088;&#1080;&#1084; &#1095;&#1090;&#1086; &#1073;&#1091;&#1076;&#1077;&#1090; &#1074; &#1101;&#1090;&#1086;&#1084;. &#1062;&#1057;&#1050;&#1040; &#1087;&#1088;&#1086;&#1080;&#1075;&#1088;&#1072;&#1083; &#1087;&#1077;&#1088;&#1074;&#1091;&#1102; &#1074;&#1089;&#1090;&#1088;&#1077;&#1095;&#1091;, &#1085;&#1086; &#1101;&#1090;&#1086; &#1073;&#1099;&#1083; &#1095;&#1077;&#1084;&#1087;&#1080;&#1086;&#1085; &#1082;&#1072;&#1082; &#1085;&#1080;&#1082;&#1072;&#1082;, &#1084;&#1085;&#1086;&#1075;&#1086; &#1051;&#1086;&#1082;&#1086;&#1084;&#1086;&#1090;&#1080;&#1074;&#1091; &#1085;&#1077; &#1079;&#1072;&#1073;&#1100;&#1077;&#1096;&#1100;, &#1082;&#1086;&#1084;&#1072;&#1085;&#1076;&#1072; &#1085;&#1077;&#1087;&#1083;&#1086;&#1093;&#1086; &#1080;&#1075;&#1088;&#1072;&#1077;&#1090; &#1074; &#1086;&#1073;&#1086;&#1088;&#1086;&#1085;&#1077;,&#1085;&#1086; &#1075;&#1086;&#1089;&#1090;&#1080; &#1087;&#1086;&#1082;&#1072;&#1079;&#1099;&#1074;&#1072;&#1102;&#1090; &#1090;&#1086;&#1090;&#1072;&#1083;&#1100;&#1085;&#1099;&#1081; &#1093;&#1086;&#1082;&#1082;&#1077;&#1081;. &#1059;&#1078; &#1085;&#1077; &#1074;&#1077;&#1088;&#1080;&#1090;&#1089;&#1103;, &#1095;&#1090;&#1086; &#1057;&#1083;&#1086;&#1074;&#1072;&#1085; &#1077;&#1076;&#1077;&#1090; &#1087;&#1088;&#1086;&#1089;&#1090;&#1086; &#1090;&#1072;&#1082;,&#1075;&#1086;&#1089;&#1090;&#1080; &#1079;&#1085;&#1072;&#1102;&#1090; &#1082;&#1091;&#1076;&#1072; &#1080; &#1089; &#1082;&#1077;&#1084; &#1080;&#1084; &#1087;&#1088;&#1080;&#1076;&#1077;&#1090;&#1089;&#1103; &#1074;&#1089;&#1090;&#1088;&#1077;&#1090;&#1080;&#1090;&#1100;&#1089;&#1103;)&#1086;&#1076;&#1085;&#1091; &#1096;&#1072;&#1081;&#1073;&#1091; &#1076;&#1091;&#1084;&#1072;&#1102;&#1090; &#1086;&#1089;&#1080;&#1083;&#1080;&#1090;,&#1093;&#1086;&#1090;&#1103; &#1074;&#1087;&#1086;&#1083;&#1085;&#1077; &#1084;&#1086;&#1078;&#1077;&#1090; &#1073;&#1099;&#1090;&#1100; &#1080; &#1087;&#1086;&#1073;&#1077;&#1076;&#1072;.'),
	(30675, 'MY_EXPRESS', '2017-08-24', NULL, '<br>1) Зенит откровенно удивил в первом матче и счетом и игрой. Команды такого уровня должна играть в лиге чемпионов, а уж в \r\nлиге европы и подавно. Не выход в следущую стадию будет мега провалом как для клуба так и для именитого тренера так что побеждать обязаны.\r\n<br>2) Омск принимает у себя одну из самых слабых команд лиги. Должны побеждать в основное время без проблем.'),
	(34508, 'MY_EXPRESS', '2017-08-25', NULL, '&#1055;&#1088;&#1080;&#1074;&#1077;&#1090; &#1074;&#1089;&#1077;&#1084;. &#1050;&#1086;&#1085;&#1090;&#1080;&#1085;&#1077;&#1085;&#1090;&#1072;&#1083;&#1100;&#1085;&#1072;&#1103; &#1061;&#1086;&#1082;&#1082;&#1077;&#1080;&#1085;&#1072;&#1103; &#1051;&#1080;&#1075;&#1072;. &#1051;&#1072;&#1076;&#1072; - &#1040;&#1074;&#1090;&#1086;&#1084;&#1086;&#1073;&#1080;&#1083;&#1080;&#1089;&#1090;. &#1040;&#1074;&#1090;&#1086; &#1087;&#1086;&#1082;&#1072;&#1079;&#1099;&#1074;&#1072;&#1077;&#1090; &#1085;&#1077; &#1087;&#1083;&#1086;&#1093;&#1086;&#1081; &#1088;&#1077;&#1079;&#1091;&#1083;&#1100;&#1090;&#1072;&#1090;. &#1063;&#1090;&#1086; &#1074; &#1087;&#1088;&#1077;&#1076;&#1089;&#1077;&#1079;&#1086;&#1085;&#1082;&#1077; &#1063;&#1090;&#1086; &#1074; &#1085;&#1072;&#1095;&#1072;&#1083;&#1077; &#1050;&#1061;&#1051;. &#1054;&#1073;&#1099;&#1075;&#1088;&#1072;&#1083;&#1080; &#1052;&#1072;&#1075;&#1085;&#1080;&#1090;&#1086;&#1075;&#1086;&#1088;&#1089;&#1082; &#1089; &#1087;&#1088;&#1080;&#1083;&#1080;&#1095;&#1085;&#1099;&#1084; &#1089;&#1095;&#1105;&#1090;&#1086;&#1084; 2-5. &#1057;&#1082;&#1088;&#1086;&#1084;&#1085;&#1099;&#1081; &#1090;&#1086;&#1090;&#1072;&#1083; &#1085;&#1072;&#1076;&#1077;&#1102;&#1089;&#1100; &#1079;&#1072;&#1081;&#1076;&#1077;&#1090; &#1087;&#1088;&#1086;&#1090;&#1080;&#1074; &#1051;&#1072;&#1076;&#1099;. &#1042;&#1080;&#1090;&#1103;&#1079;&#1080; &#1074;&#1082;&#1072;&#1090;&#1080;&#1083;&#1080; &#1090;&#1088;&#1080; &#1073;&#1072;&#1085;&#1082;&#1080; &#1044;&#1080;&#1085;&#1072;&#1084;&#1086; &#1087;&#1088;&#1095;&#1077;&#1084; &#1052;&#1089;&#1082;. &#1053;&#1077; &#1086;&#1078;&#1080;&#1076;&#1072;&#1083; &#1089;&#1090;&#1086;&#1083;&#1100;&#1082;&#1086;. &#1057;&#1086;&#1086;&#1090;&#1074;&#1077;&#1090;&#1089;&#1090;&#1074;&#1077;&#1085;&#1085;&#1086; &#1090;&#1086;&#1090;&#1072;&#1083; &#1085;&#1086;&#1088;&#1084;&#1072;&#1083;&#1100;&#1085;&#1099;&#1081;. &#1048;&#1085;&#1090;&#1077;&#1088;&#1077;&#1089;&#1085;&#1086; &#1057;&#1050;&#1040; &#1088;&#1072;&#1089;&#1082;&#1072;&#1090;&#1072;&#1077;&#1090; &#1085;&#1080;&#1095;&#1077;&#1081;&#1082;&#1091; &#1089; &#1049;&#1086;&#1082;&#1077;&#1088;&#1080;&#1090;&#1086;&#1084; &#1080;&#1083;&#1080; &#1085;&#1077;&#1090;. &#1040; &#1087;&#1086; &#1076;&#1077;&#1083;&#1091; &#1101;&#1090;&#1086; &#1057;&#1050;&#1040;!'),
	(35421, 'MY_EXPRESS', '2017-08-26', NULL, '&#1050;&#1088;&#1080;&#1089;&#1090;&#1072;&#1083; &#1055;&#1101;&#1083;&#1072;&#1089; &#1085;&#1077;&#1091;&#1074;&#1077;&#1088;&#1077;&#1085;&#1085;&#1086; &#1089;&#1099;&#1075;&#1088;&#1072;&#1083; &#1087;&#1077;&#1088;&#1074;&#1099;&#1077; 2 &#1090;&#1091;&#1088;&#1072;, &#1079;&#1072;&#1090;&#1086; &#1074; &#1087;&#1086;&#1089;&#1083;&#1077;&#1076;&#1085;&#1077;&#1084; &#1084;&#1072;&#1090;&#1095;&#1077; &#1091;&#1076;&#1072;&#1083;&#1086;&#1089;&#1100; &#1088;&#1072;&#1079;&#1084;&#1103;&#1090;&#1100;&#1089;&#1103; &#1089; &#1048;&#1089;&#1087;&#1074;&#1080;&#1095; &#1058;&#1072;&#1091;&#1085; &#1074; &#1082;&#1091;&#1073;&#1082;&#1077; &#1083;&#1080;&#1075;&#1080;, &#1087;&#1086;&#1088;&#1072; &#1080; &#1057;&#1091;&#1086;&#1085;&#1089;&#1080; &#1076;&#1086;&#1084;&#1072; &#1086;&#1076;&#1086;&#1083;&#1077;&#1090;&#1100;, &#1086;&#1085;&#1080; &#1078;&#1077; &#1089;&#1090;&#1072;&#1088;&#1090;&#1086;&#1074;&#1072;&#1083;&#1080; &#1089; &#1087;&#1086;&#1088;&#1072;&#1078;&#1077;&#1085;&#1080;&#1103; &#1086;&#1090; &#1052;&#1072;&#1085;&#1095;&#1077;&#1089;&#1090;&#1077;&#1088;&#1072;(&#1082;&#1088;&#1072;&#1089;&#1085;&#1086;&#1075;&#1086;) &#1080; &#1085;&#1080;&#1095;&#1100;&#1080; &#1089; &#1057;&#1072;&#1091;&#1090;&#1075;&#1077;&#1084;&#1087;&#1090;&#1086;&#1085;&#1086;&#1084;.\r\n&#1044;&#1100;&#1103;&#1074;&#1086;&#1083;&#1099; &#1086;&#1073;&#1103;&#1079;&#1072;&#1090;&#1077;&#1083;&#1100;&#1085;&#1086; &#1079;&#1072;&#1073;&#1100;&#1102;&#1090; &#1076;&#1086;&#1084;&#1072; &#1051;&#1077;&#1089;&#1090;&#1077;&#1088;&#1091; &#1080; &#1087;&#1086;&#1089;&#1090;&#1072;&#1088;&#1072;&#1102;&#1090;&#1089;&#1103; &#1087;&#1086;&#1074;&#1090;&#1086;&#1088;&#1080;&#1090;&#1100; &#1088;&#1077;&#1079;&#1091;&#1083;&#1100;&#1090;&#1072;&#1090; &#1087;&#1088;&#1086;&#1096;&#1083;&#1099;&#1093; &#1090;&#1091;&#1088;&#1086;&#1074;. &#1054;&#1076;&#1085;&#1072;&#1082;&#1086; &#1087;&#1086;&#1088;&#1072; &#1073;&#1099; &#1080; &#1087;&#1088;&#1086;&#1087;&#1091;&#1089;&#1090;&#1080;&#1090;&#1100; &#1093;&#1086;&#1090;&#1100; &#1086;&#1076;&#1080;&#1085; &#1075;&#1086;&#1083;. &#1059; &#1051;&#1077;&#1089;&#1090;&#1077;&#1088;&#1072; &#1077;&#1089;&#1090;&#1100; &#1084;&#1085;&#1086;&#1075;&#1086; &#1087;&#1088;&#1080;&#1095;&#1080;&#1085; &#1087;&#1086; &#1082;&#1086;&#1090;&#1086;&#1088;&#1099;&#1084; &#1074;&#1086;&#1088;&#1086;&#1090;&#1072; &#1052;&#1072;&#1085;&#1095;&#1077;&#1089;&#1090;&#1077;&#1088;&#1072; &#1085;&#1077; &#1086;&#1089;&#1090;&#1072;&#1085;&#1091;&#1090;&#1089;&#1103; &#1089;&#1091;&#1093;&#1080;&#1084;&#1080;. '),
	(37146, 'MY_EXPRESS', '2017-08-27', NULL, '&#1056;&#1077;&#1072;&#1083; &#1087;&#1086; &#1087;&#1088;&#1077;&#1078;&#1085;&#1077;&#1084;&#1091; &#1085;&#1072;&#1093;&#1086;&#1076;&#1080;&#1090;&#1089;&#1103; &#1074; &#1086;&#1090;&#1083;&#1080;&#1095;&#1085;&#1086;&#1081; &#1092;&#1086;&#1088;&#1084;&#1077;, &#1074; &#1090;&#1086; &#1074;&#1088;&#1077;&#1084;&#1103; &#1082;&#1072;&#1082; &#1042;&#1072;&#1083;&#1077;&#1085;&#1089;&#1080;&#1103; &#1079;&#1072;&#1082;&#1086;&#1085;&#1095;&#1080;&#1083;&#1072; &#1087;&#1088;&#1086;&#1096;&#1083;&#1099;&#1081; &#1089;&#1077;&#1079;&#1086;&#1085; &#1085;&#1072; 12 &#1084;&#1077;&#1089;&#1090;&#1077; &#1080; &#1074;&#1088;&#1103;&#1076; &#1083;&#1080; &#1089;&#1086;&#1089;&#1090;&#1072;&#1074;&#1080;&#1090; &#1082;&#1086;&#1085;&#1082;&#1091;&#1088;&#1077;&#1085;&#1094;&#1080;&#1102; &#1052;&#1072;&#1076;&#1088;&#1080;&#1076;&#1091; &#1085;&#1072; &#1041;&#1077;&#1088;&#1085;&#1072;&#1073;&#1077;&#1091;. \r\n&#1051;&#1080;&#1074;&#1077;&#1088;&#1087;&#1091;&#1083;&#1100; &#1085;&#1077; &#1090;&#1072;&#1082; &#1093;&#1086;&#1088;&#1086;&#1096; &#1074; &#1086;&#1073;&#1086;&#1088;&#1086;&#1085;&#1077;, &#1040;&#1088;&#1089;&#1077;&#1085;&#1072;&#1083; &#1074; &#1101;&#1090;&#1086;&#1084; &#1087;&#1086;&#1082;&#1072;&#1079;&#1072;&#1090;&#1077;&#1083;&#1077; &#1077;&#1097;&#1077; &#1083;&#1091;&#1095;&#1096;&#1077;, &#1091;&#1074;&#1077;&#1088;&#1077;&#1085; &#1082;&#1086;&#1084;&#1072;&#1085;&#1076;&#1099; &#1086;&#1073;&#1103;&#1079;&#1072;&#1090;&#1077;&#1083;&#1100;&#1085;&#1086; &#1086;&#1073;&#1084;&#1077;&#1085;&#1103;&#1102;&#1090;&#1089;&#1103; &#1075;&#1086;&#1083;&#1072;&#1084;&#1080;.'),
	(39211, 'MY_EXPRESS', '2017-08-29', NULL, 'Локомотив принимает Витязь. Локо должен брать три очка, как ни крути соперник удобный.  Хорошо отыграли против ЦСКА и выиграли Слован Бр. \r\n<br>Нефтехимик принимает Ладу. Хозяева хорошо проводят домашние матчи и думаю сегодня ничего не помешает им не проиграть хотя бы в основное время. Всем удачи!\r\n'),
	(40268, 'MY_EXPRESS', '2017-08-30', NULL, 'Всем привет, предлагаем вам такой ординар на сегодня. Предположительно Барыс будет атаковать, Торпедо же точно просто так не сдаcтся. Игра будет плотной и учитывая кондиции команд, которые пока что не в лучшей форме, вероятность большого количества бросков по воротам не большая. Всем удачи.'),
	(41368, 'MY_EXPRESS', '2017-09-01', NULL, 'Всем привет, сегодня теннис, все просто: Радваньска классом выше Путинцевой, поэтому должна побеждать, в теннисе, где все зависит от 1 спортсмена, редко что-то может помешать заведомо сильнейшему сопернику.<br> Макарова сейчас в превосходной форме, надо брать, тем более стаким хорошим коэффициентом.   '),
	(41705, 'MY_EXPRESS', '2017-09-02', NULL, 'У Даши будет шанс победить на харде и коэффициент очень хороший. Болеем за своих!) '),
	(42090, 'MY_EXPRESS', '2017-09-06', NULL, '1. Похоже на то, что Балтика преодолела небольшой кризис и начинает снова набирать очки. Луч с большой долей вероятности ей в этом поможет<br>2. Динамо Рига - СКА. СКА несомненный фаворит данного матча. Как по составу, так и по статистике.'),
	(42091, 'MY_EXPRESS', '2017-09-07', NULL, '1. Штруфф такую небольшую фору должен пробить, у немца более классная подача и он в принципе один из фаворитов на победу в этом турнире. Игнатик в личных встречах уступал с форами и больше чем четыре гейма. <br>2. Стефано Циципас один из наиболее перспективных талантов в данный момент. Пока он не вышел на уровень АТР турниров, но на челленджерах показывает качественный теннис. Алдин Сеткич так и не смог ничего добиться в своей карьере.'),
	(42092, NULL, '2017-09-07', 'https://vprognoze.ru', 'Алькоркон - Культурал Леонеса: домашняя статистика не может радовать болельщиков хозяев: много нулевых ничей и, в основном, победы в 1 мяч. Леонеса - крепкая команда, в гостях дают бою хозяевам. Так что, думаю, что если Алькорон выиграет, то максимум в 1 мяч. Беру фору 2 +1.5Крузейро-РС - Сан-Жозе-РС: соперники стоят друг друга: мало забивают, в гостях играют не хорошо, но(!) дома дела обстоят лучше. Недавний матч показал, что и родные стены не помогли Сан-Жозе-РС обыграть сегодняшних хозяев. Я думаю, что Крузейро-РС сегодня будут играть дома лучше, чем это делали их соперники. Так что здесь 1Х, но так как кф маленький на это собитие, то возьму фору 1 +0Виборг - Ольборг: Ольборг каждый год пытается попасть в еврокубки и через чемпионат, и через кубок. Так как в чемпионате есть более сильные соперники, то легче им выйти в Европу через кубок. Поэтому, скорее всего, они не отдадут матч более слабому сопернику. Но так как футбол - вещь непредсказуемая, то возьму фору 2 +0 (мало ли что).Аль-Кувейт - Аль-Кадсия: соперники равные, определённого фаворита в данном матче нет. Думаю, голов тут будет не тьма, а так как Аль-Кувейт всё-таки чемпион страны, то, думаю, что суперкубок возьмут именно они. Здесь фора 1 +0. Если кто хочет возьмите, 1Х+ТМ(4.5)Лландудно - Престатин Таун: Лландудно выиграл 2 из 4 последних домашних матчей. Гости смотрятся хуже: с соперниками сильнее они не проиграли 1 из 2 последних гостевых матчей. Но забивают обе команды изрядно. Думаю, что здесь ТБ(2.5). Если кто хочет, возьмите 1Х+ТБ(2.5)'),
	(42093, NULL, '2017-09-07', 'https://vprognoze.ru', '1)женеыа лозанна по мне тут хозяева фавориты матча гости вообще плохо играют на выезде а женева одеа из лучших команд швейцарии думаю в основное выйграют хозяева по личкам в 4 из 5 игр выйгрывали женева дома.2)исландия чемпионат результативный взял забивные команды считаю что вполне могут пробить три гола в 4 из 5 матчах по личкам тотал пробивался.3)киль одна из лучших команд германии по гандболу в их победе я не сомневаюсь гости в ужасной форме в гостях но сами вполне умеют забивать в атаке в личках тотал больше постоянно пробивается.4)крайинович конечно фаворит но его соперник сейчас на ходу в лучшей своей форме 5 из 5 матчей выйграл на этом покрытии думаю бой вполне навяжет да и личка одна была между ними там три сета сыграли.5)вецлар конечно выйграет тут несомненно но команда любит сушить игры и мало забивать их соперники вообще в гостях мало забивают две лички между ними и оба на тотал меньше.'),
	(42094, NULL, '2017-09-08', 'https://vprognoze.ru', 'Ну хз, вчера хоккей зашел как бэ, продолжаю просто ставить по логике. Благо уже четверг и скоро возвращение АПЛВ Хоккее просто пользуюсь банальными клише, Время на восстановление/ Кол.Матчей на выезде-дома к ряду(почти пункт 1/ Бюджет-ожидание/ СтатистикаТипо, АкБарс 5-ый по зарплатной ведомости в КХЛ, в Татарстане хорошо вливают деньги в свои спортивные программы, два поражения к ряду, жопу рвать придетсяКороче дилетантство-0-Есть такие понятия, как "звоночек", когда что то идет не так.У Арсенала во всю пушки гремят в этом понятииКогда от вас уходит человек, который 7 лет был в системе клуба. Которому давали шанс играть постоянно, даже когда он был как инвалид на поле просто. Он уходит с большим желанием свалить, репостит записи "Венгер Аут", а на интервью заявляет «Мы подходим к матчу против «Манчестер Сити» в хорошей форме. На прошлой неделе мы разгромили «Арсенал» со счетом 4:0» (нет смысла сомневаться что слова его, ибо даже Каррагер ретвитил с отсылкой на его слова, но само интервью не искал). Тогда у вас не проблема, у вас провалПотеря Окслейда это катастрофа для Канониров и огромное приобретение для Ливерпуля. Этот парень за последнее время показывал фантастический уровень игры, а физическая форма которую он набрал, позавидовали бы многие культуристы Арсенал разваливается на наших глазах и сейчас можно смело ставить на то, что это последний сезон для Венгера. Он обладал поддержкой своего состава (не смотря на крыс вроде Ван Перси), это был ключевой фактор. Но в этом плане пошли проблемы, ибо уже рядовые парни уходят. Санчес и Озил тому подтверждение. Раньше обычно звездные парни сваливали за длинным долларом, сейчас у клуба в финансовом плане явно нет проблем - но тенденция продолжается. Я не видел матч ЛФК-Арсенал. Я признаться вообще ни один матч третьего круга не смотрел, другие дела были. Но это же просто офигеть Меня не удивляет факт разгрома, оборона Арсенала вполне ожидаема. Меня удивляет победа в сухую, ибо потенциал в атаке, как я уже говорил, реально один из сильнейших. Где были голы - хз. Вряд ли буду пересматривать этот матч. Я все так же думаю, что место в ЛЧ канониры должны получить без труда, но что будет с клубов в конце сезона. Я бы на месте руководителей уже начал присматриваться к Нагильсману и Сампаоли (ибо есть вероятность, что Аргентина пойдет лесом а не на ЧМ, и тогда мужик будет свободен). Арсенал уже не работает на рынке как раньше, не скупает приличную молодежь. При этом с трудом набирает звезд. Чем они начали заниматься? Проблемы грядут. Почему они не вступили в погоню за Россом Баркли, отличная позиционная замена Озилу. Почему приходит ЗАЩИТНИК ШАЛЬКЕ КОЛАШИНЕЦ (ЧТО БЫ ВЫ ПОНИМАЛИ, ДЫРЯВЕЙ КОМАНДУ НАЙТИ СЛОЖНЕЕ), И ИГРАЕТ ЛУЧШЕ ВСЕХ ОБОРОНИТЕЛЬНЫХ ИГРОКОВ КОТОРЫЕ БЫЛИ В КЛУБЕ. В обшем, ай донт андестенд.К слову, Шпоры закрыли проблемный правый фланг, приобретен Серж Орье, и мне кажется это хорошая альтернатива Уокеру, клуб поработал, я рад за них, грамотные действия. Теперь из-за проблемных флангов Шпоры страдать не будут, другое дело что 4 очка они уже потеряли из-за этого. Еще пришел Хуан Фойт из Аргентины, но я пока хз кто такой, смотреть надоВБА и Соунси подписали в аренды Крыховяка и Санчеша соответственно. Да как вы твою мать вообще это делаете киборги, как они заманили их я не представляю. Но усиления просто потрясные. Уровень растет, это радуетСауты купили защитника из Лацио, Уэсли Хутдт, хз кто такой, но 16кк внушают уважение отданные за него, зона и правда проблемная.И трансферное окно след. сезона АПЛ закроется к началу сезона, что не может не радовать. Это баланс, это отлично. Будет намного проще анализировать уже действующий с самого начала ростер. '),
	(42095, NULL, '2017-09-07', 'https://vprognoze.ru', '1. Кинг на грунте очень сильный, у него есть точная подача, так что дляОти будет очень трудно. Оти в последнее время потерял стабильность, много проигрывает, да и подача у него летит через раз, так что я думаю, что Кинг должен побеждать.2. Гомес-Эррера играет на домашнем турнире, и это для него дополнительная мотивация. На этом турнире уже проходил очень сильных игроков, а Муте вчера не играл, а мучился, так как получил травму, и чудом прошел в этот раунд. Здесь однозначная победа Гомеса.'),
	(42096, NULL, '2017-09-07', 'https://vprognoze.ru', 'Доброго всем дня, дорогие подписчики и любители осторожных ставок.Сегодня особенно скудный день, единственное, что мне стало интересным, так это Исландия первый дивизион.1. Лидер первенства Кефлавик принимает одного из аутсайдеров Гротту, предположу, что тб 2 здесь залетит еще в первом тайме.В феврале этого года Кефлавик вынес Гротту 5:0 в кубке.2. Фрем принимает Селфосс, второй матч из этой же лиги.Фрем дома 7 из 9 матчей дома верх, Селфосс в гостях все 9 игр верх.Удачи!'),
	(42097, NULL, '2017-09-08', 'https://vprognoze.ru', 'Экспресс. Теннис. Открытый чемпионат США. Женщины. Киз - Вандевеге Уильямс - Стивенс. Всем привет. Небольшой двойник на женский теннис. Тут мне кажется сенсации не будет. Фавориты пройдут как правило дальше. Вандевеге конечно с великими планами на этот турнир, но если смотреть трезво на ситуацию, то Киз на две бошки сильнее. Вандевеге ещё с Радваньской не дала надежда против действительно сильных соперниц. Ну а во второй паре, если Стивенс выиграет, то это будет сенсация, уильямс проиграла уимблдон, вряд-ли отдаст кому-то домашний чемпионат.'),
	(42098, NULL, '2017-09-07', 'https://vprognoze.ru', 'Ставка ради проверки компьютерной технологии:). Играть сегодня все равно толком и нечего. Пока имея в текущем месяце нулевой баланс решил рискнуть и в обоих случаях сыграть в относительно слабых и малоизвестных лигах коими являются и первый дивизион Исландии и чемпионат Уэльса на фаворитов линии. И главное и те и другие фавориты играют дома, что вдвойне важно. Проходимость данного экспресса конечно де не высока, но как часто бывает в особо борзых случаях - это то как раз и пройдёт. Всем удачи и интересного вечера!'),
	(42099, NULL, '2017-09-07', 'https://vprognoze.ru', 'В реале поставил чуть больше фору за меньший коэф, но на этом сайте не нашёл.Что касается первой встречи то сербам надо решать задачи быть как можно выше и для этого возможно придётся считать мячи. Сербия объективно сильнее.Во второй встрече мотивация обеих сборных абсолютно равная. Силы примерно равны с некоторым преимуществом Латвии. Но Турция играет дома, что выравнивает силы.'),
	(42100, NULL, '2017-09-08', 'https://vprognoze.ru', 'И вот нашел еще три матча, где ожидаю ОЗ! Каждую из этих котировок можно пробовать ординарами, вероятность прохода каждой по отдельности считаю достаточно высокой.1. Хобро - Сеннериюск. Хобро находится в потрясающей форме и не зря занимают сейчас 2-ю строчку, их соперник находится на 6-й позиции. Хобро выиграл 3 последних матча всухую, Сеннериюск сыграл 2 результативные ничьи 2-2,1-1 и один раз проинрал Копенгагену 3-2. Команды результативные и ОЗ здесь должно проходить.2. Лилль начал за здравие, но потом притормозил, Бордо верен себе очень боеспособный коллектив хоть дома, хоть на выезде, особо расписывать нечего, мой прогноз на матч 1-1, поэтому ставлю ОЗ.3. Дерби-Каунти против Халла. Ожидаю в этом матче обмен забитыми мячами и пробития ТБ 2.5, так как обе команды забивать умеют и играют в атаку, а в обороне у обоих коллективов есть определенные проблемы.Моя ставка ОЗ!Всем нам успехов в прогнозах!'),
	(42101, NULL, '2017-09-07', 'https://vprognoze.ru', 'Мельцер младший это теннисист довольно неплохой, он побеждал в своей карьере многих более опытных и более грозных чем аргентинца. Мена вообще не имеет ни подачи но приема, по этому ставка будет на фору фаворита в четыре гейма как минимум.Робредо такую фору должен пробивать без проблем, в таком матче испанец должен побеждать и в то что игра закончится двумя тайбрейками я не верю, а поражен хотя бы в одном Робедо - это тоже не так вероятно. Немец и ростом ниже, по этому страдает подача и в розыгрышах ему не хватает техники и хорошего бекхэнда.'),
	(42102, NULL, '2017-09-07', 'https://vprognoze.ru', 'Осталось мне последних два прогноза на сегодня1)хозяева идут фаворитами матча но у гостей спад в игре на выезде оно и понятно почему хозяеыа фавориты гости цже вот 4 матча подряд не могут забить гол не многовато ли для такого забивного чемпионата?по историям личных встреч гости всегда дают бой хозяевам на их поле матчи получаются тяжелыми ддя хозяев можно суазать неудобные соперники для них гости по личкам в 4 из 5 матчах оз залеталл.2)финляндия сама по себе результаьивный чемпионат да и команды встречаются такие же хозяева конечно на данный момент в плохой форме но команда дома отчаянно борится и стабильно забивают гости на выезде в порядке находятся лишь одна игра из 5 проиграна стабильно забивают а в личках они уже друг друга изучили и знают все слабые стороны друг другу в 4 из 5 матчах между собой оз проходил поэтому беру свою излюбленную ставку оз.3)рискнул я взять на победу хозяев тут считаю что хозяева находятся в лучшей форме дома сильны показывают хорлшую игру гости на выезде ужасно играют не заюивают совсем с атакой проблемы у них 4 подряд игры проигрывают в личках сыграли две игры на поле и в обоих матчах хозяева выйграли.4)вчера балтимор выйграли их в упорной борьбе но янкиз в атаке хорош и даже на выезде умудряются больше 5 ранов зарабатывать считаю что тут будет победа за янкиз сегодня они своего не упустят так как матчи у них чередуются победами сегодня очередь янкиз а когда янкиз выйгрывает то тотал пробивает всегда свой.'),
	(42103, NULL, '2017-09-08', 'https://vprognoze.ru', 'Всем привет!Ставка на футбол чемпионат Германии и России.1-Гамбург-Лейпциг.Лейпциг очень хорошо провели прошлый сезон,закончив сезон на втором месте,да последняя игра против Фрайбурга победа 4-1.2-Ростов-Арсенал.Смотрел игру Ростова против Зенита в гостях,смотрелись неплохо.3-Анжи-Краснодар.Краснодар победил дома Динамо М 2-0,по уровни игры динамо будет по сильнее Анжи.Всем побед.'),
	(42104, NULL, '2017-09-07', 'https://vprognoze.ru', 'Робредо это один из лучших грунтовиков мира, у которого великолепная карьера была и уже подходит к концу. Ян уже далеко не перспективных и не талант которых кто-то будет бояться, ему 27 лет и за эти годы в теннисе он всего 80 тыс. призовых заработал.Мельцер это стабильный представитель турниров серии Челленджер, который уже долгое время играет на них, Мена никогда не был игроком такого высокого уровня, личных встреч не было, но все говорит в пользу первого.'),
	(42105, NULL, '2017-09-07', 'https://vprognoze.ru', 'всем привет любителям спорта!      экспресс на 3 события:1-Тунис - Камерун ,на мой взгляд здесь тотал уж больно занижен,131 очко вполне по зубам обеим командам,тем более по статистике тотал 130.5 был всегда пробит!очные встречи:03.08.15 Тунис - Камерун 83:64 (25:12, 18:20, 25:14, 15:18)15.08.09 Тунис - Камерун 83:68 (22:13, 18:18, 16:19, 27:18)10.08.09 Камерун - Тунис 66:68 (21:21, 11:18, 15:8, 19:21)2-Латвия - Турция,встречаются две сильные сборные,у Латвии дела получше складываются 3-победы,1-поражениеу Турции дела похуже 2-победы,2-пораженияздесь беру фору +9,5 по таким соображениям:1-Турция играет у себя дома, при своих болельщиках и победа им не обходима!2-очные встречи за все время ни разу Латвия не выигрывала у Турции в 10 и более очков!3-Теннис, Надаль Р. - Дель Потро Х.М.вот так,все уже ждали ,что будет матч Надаль против Федерера и вот тебе на,еще один подарок от Дель Потро!здесь будет как минимум 4 сета,а вообще думаю все 5,Дель Потро просто так матч этот не отдаст! да и в очных встречах ,не так все хорошо получается у Надаля против Дель Потро:за последние 8 лет очные встречи: 6-побед у Надаля5-побед у Дель Потровсем удачи!  голосуем за/против и спасибо за внимание!'),
	(42106, NULL, '2017-09-07', 'https://vprognoze.ru', 'Гандбол. Чемпионат России. Женщины. начало в 17.00. Лада - Динамо-Синара ф.1.-12.5 кеф.1.87.И ТАК СНОВА ГАНДБОЛ.Учитывая что состав Волгоградской синары состоит из молодых девчонок а Тольяти сыграет в полную силу думаю что и тотал тут мы увидим пробитый.Гандбол. Чемпионат России. Женщины.начало в 19.00.Ростов-Дон - Ставрополье-СКФУ тб.59.5 кеф.1.8.Тут на мой взгляд лишь два правильных исхода либо решиться и сыграть тут плюсовую фору тем более дают аж 21 мяч или тб.что Я и возьму.Баскетбол. Мужчины. Чемпионат Европы 2017. Финляндия-Израиль-Румыния-Турция.начало в 17.15.Бельгия - Сербия Индивидуальный тотал ИТ1 (69.5) Бол - кеф.1.93 .Сербам нужна просто победа и когда они наберут обороты явно сдадут и тут бельгийцы свои 70 очей корнечгно же возьмут.'),
	(42107, NULL, '2017-09-07', 'https://vprognoze.ru', 'Рискну на такой вот экспресс.Бельгия играет с Сербией.Сейчас Россия переместилась на первое местоо в группе и Сербы знают об этом и настрой у одногоо из фаворитов турнира  будет очень запредельным.Сербы играть умеют и в нужные моменты выстреливают,трех очковые тоже в поряде,должны крошить среднюю Бельги.Венгрия играет с Испанией,ну тут класс команд как небо и земля,одни Газоли чего стоят,думаю покуражаться сегодня парни из Испании перед плей оффом.Всем Удачи.'),
	(42108, NULL, '2017-09-07', 'https://vprognoze.ru', 'и так сегодня стартует фины чемпионат я считаю что тройничек более имение проходнойпотому команды собранны и есть чему показать на поле ...у фин много голов в чемпионате летит поэтому и команды много атакуют и часто забивают голы лапы и не жданчики...поэтому можно попробывать взять такие експрессы и поставить так как команды много играют на атаки а так я буду смотреть болеть и у фин '),
	(42109, NULL, '2017-09-12', 'https://vprognoze.ru', 'Ну что мне сказать,я хочу отыграть свой проигрыш в более 1000 VRUR и вот скоро у нас будет всеми долгожданная Лига Чемпионов,я собрал такой себе экспрессик где лучше конечно же брать все одинарами,но чтобы дать еще другие более уверенные прогнозы потом,я рискну все в одном экспрессе,считай я ставил на всех главных фаворитов рассмотрим более понятнееБенфика отлично играет как у себя так и дома,что касается нашей команды"ЦСКА" то у них игра не особо складывается конечно бывают хорошие провалы в защите,при таком сильном нападение как у Бенфики она просто посыпется и одержат хозяева победкуМан.Юнайтед хорошо удивили в АПЛ,я думаю что и первый свой матч должны не плохо выиграть против Базеля одержать победу в два мяча ничего сложного для них нетуСелтик крепкая команда и понимает что такое Лига Чемпионов потому-что часто играла в группе с Барселоной,но ПСЖ прикупили Неймара и команда как будто заново родилась,и готовы снова побеждать,думаю так же первая победа в пару мячейЧелси и Реал Мадрид,им попались очень слабые соперники такие как Карабах и Апоэл,я думаю что тут разгром сразу должен быть,чтобы зарекомендовать себя по голам,думаю возможны варианты что буду считать по голам,ибо очки будут у кого-то одинаковые'),
	(42110, NULL, '2017-09-07', 'https://vprognoze.ru', 'Очень рискованный экспресс. 1) Никто не знает, с каким настроем выйдет Испания на этот матч. То, что они возьмут верх над венграми сомнений нет, будут ли рвать и метать вот в чем вопрос, или же они мыслями уже в плей-офф? Рискнем и возьмем такую довольно не большую фору. Все зависит от настроя испанцев.2) Глядя на статистику матчей, проведенных этими командами, сделал такой вывод, что в четвертой четверти возьмет верх команда Сербии. Этот матч один из тех, что решит положение в группе. Вряд ли сербы к концу матча отдадут инициативу в руки бельгийцев, даже если будут крупно побеждать.'),
	(42111, NULL, '2017-09-07', 'https://vprognoze.ru', 'Беру еще один экспресс на сегодня из трех матчей баскетбола Евробаскет. В матчах беру общий тотал больше 144 очков. В матче Венгрия - Испания фаворит встречи Испания и я думаю они выиграют с большой форой. Следующий матч между командами Черногория против Румынии. Румыния всем проигрывает в турнирной таблице. Думаю они и сегодня проиграют и они смогут набросать в корзину больше 60 очей. Бельгия против Сербии. Бельгийцы в матчах против Сербов еще не выигрывали. Думаю они сегодня будут бороться за очки и набросают за 60.'),
	(42112, NULL, '2017-09-07', 'https://vprognoze.ru', 'Решил собрать такой экспресс.1) Очень интересная ситуация сложилась в группе. Латвия здесь 100% будет играть на победу, ведь решается, кто займет 1-4 места в группе. Никто не хочет выходить на таких крепких соперников, как Испания или Хорватия. Да и по игре и по составу Латвия куда более предпочтительнее.2) Домашний турнир для братьев. Думается мне, что в матче будет более 2 сетов, и братья победят в матче. 2-1 счет по партиям. Для большей надежности берем ставку, что выиграют хотя бы один сет.'),
	(42113, NULL, '2017-09-07', 'https://vprognoze.ru', 'Заиграем на Исландском Чемпионате 1го дивизиона:Берем три матча в виде пресса.Фрамм-Селфосс,здесь обсуждать особо нечего Фрамм показывает результативность в серийных своих матчах на уровне не менее трех мячей. Кеблавик-Гроутта:здесь также серия из матчей,где пробивается тотал от 2х мячей и выше.Филкир-Троттур,здесь преимущество у хозяев,неплохая статистика по результативности,причем в обоих таймах.Думаю два мяча здесь увидем.Всем удачной охоты!'),
	(42114, NULL, '2017-09-07', 'https://vprognoze.ru', 'Иду дальше я не останавливаясь все 8 прогнозов дам на сегодня.1)альбасете эта одна из тех команд которые любят м умеют атаковать только по флангам поэтому в матчах у них стабильно набираются угловые были две лички между ними которые показывают данную стату и там альбасете пробивали 9 угловых и 5 угловых.2)осасуна дома хорошо играют в каждом матче забивают стабильно но в защите у команды имеются явно проблемы и в 3 из 5 матчах дома команда пропускала альбасете в гостях в ужасной форме просто уже на протяжении 5 матчей подряд команда не знает вкус голов но это кубок и надо будет прерывать данную серию в личках в трех из пяти матчей оз проходил считаю что есть шансы и сегодня это увидеть нам.3)описывал уже ниже по жтим парам жду победы второй пары но в двух сетах это пары которые не любят играть в три сета кто проигрывает первый сет тот второй и отдает тоже поэтому считаю тотал тут завышен так как в двух личных встречах было два сета и тм проходил сегодня есть большие шансы увидеть тм.4)не верю я че то совсем сегодня в братьев браунов два брата лопеса тоже находятся в прекрасной форме на этом турнире всех закрываюи в двух сетах не отдав ни одногт сета первая же пара не так уж и стабильна чтобы считать их фаворитами матча они отдавали сет на этом туррире уже не в одной игие считаю что вторая пара более сильна на данный момент и в упорной борьбе есть большие шансы за больший кэф забрать победу в личках пока чередуют победы в последней выйграли брайаны сегодня жду победу братьев испанцев.)'),
	(42115, NULL, '2017-09-07', 'https://vprognoze.ru', 'Футбол.Чемпионат России 2-й Дивизион зона Центр.Арарат Москва - Рязань.Непонятно откуда взявшаяся недавно образовавшаяся команда Московский АРАРАТ захватив лидерство с первого тура ни кого близко не подпускает к верхней строчке,команда пока не имеет поражений и довольно добротно играют особенно это касается своего поля,команда в принципе уже успела завоевать уважение болельщиков не только своих но и многие уже присматриваются,Рязань идёт следом тобишь на второй позиции думаю едут в Москву с опаской быть битыми новичками Дивизиона.Теннис.Континен Х./Пирс Дж. - Ройер Ж.-Ж./Текау Х.Полуфинал в парном разряде,молодёжь против сыгранных ветеранов большого тенниса!!! Молодёжь совсем недавно уже обыгрывали этих ветеринаров думаю и сегодня они это сделают о чём пишут и говорят многие специалисты в мире большого тенниса,но я решил в прессе перестраховатся и предполагаю что если Пирсы и сдадут игру то уж ни как не в сухую.'),
	(42116, NULL, '2017-09-09', 'https://vprognoze.ru', 'И вот еще такой тройничок поставлю сегодня!1. Эксельсиор - Витесс. Обе команды достойны друг друга, но Витесс выглядит чуть предпочтительней по игре в первую очередь. Хотелось взять здесь ОЗ, но что-то меня останавливает, поэтому предпочел взять фору(0) на гостей.2. Фулхэм - Кардиф сити. Фулхэм не очень удачно стартовал, но добавляет, и дома должен забивать любому сопернику. Кардиф сити неожиданно возглавляет таблицу и показывает достаточно зрелую игру, З/П 10-2. Фулхэм 4 матча к ряду играет на ОЗ нет, поэтому ОЗ здесь весьма вероятно. Но я не пойму катировки букмекеров на этот матч, где фаворитом идет Фулхэм, для меня все далеко не так однозначно...Мое мнение Кардиф, как минимум один забить должен, но я так же не вижу причин почему он не сможет сделать это дважды и попробую поймать здесь индивидуальный тотал гостей ИТБ2(1) за весьма хороший кэф 1.8., в худшем случае думается будет расход.Всем нам успехов в прогнозах!3. Астон-Вилла дома играет неплохо, и как минимум один забить должна, а этому сопернику должна забить больше. Брентфорд играет как по мне так в романтический футбол, много забивая и пропуская не меньше. Последнюю игру обе выдали на ТМ2.5, что особенно для Брентфорда нехарактерно, поэтому здесь ТБ2.5,конечно, с моей точки зрения.'),
	(42117, NULL, '2017-09-07', 'https://vprognoze.ru', 'Все исходы наугад, получается, в свете недавней Франции 0-0.Кефлафик безоговорочный лидер, встречается с одним из аутсайдеров, в прошлой личке всего 0-1 на выезде выиграл.Филкир, идущий на втором месте, принимает соседа с третьей строчки. Не думаю, что может проиграть в два мяча. Вообще ничья выгорат.Кубок Испании пожалуй самый опасный, как показал Райо Вальекано сегодня ночью, но не думаю, что такое может повторяться бесконечно.Интер дома проигрывал Ильвесу, но всего 0-1 и 1-2.Лландидно удачно стартовал, надеюсь не даст шансов отчебучить нечто вернувшемуся в ПЛ новичку Престатину'),
	(42118, NULL, '2017-09-07', 'https://vprognoze.ru', 'Матчи которые проводятся для проформы. И сербы и испанцы должны сегодня побеждать своих соперников на классе. Думаю обе команды должны сегодня настрелять под 90 очков, так сказать для создания благоприятного эмоционального фона в предверии игр на вылет. Оборона Венгрии и Бельгии ничем хорошим не отметились. Поэтому мастерам из сборных Греции и Сербии труда их обыграть не составит.'),
	(42119, NULL, '2017-09-07', 'https://vprognoze.ru', 'Прем дальше1)по этому матчу описывал ниже две местные американки тут вижу как минимум борьбу до конца матча обе с подачей равные соперницы жду плотную борьбу даже можно ожидать тай брейк в рдном из сетов обе лички прошли на тб.2)вторые парники хорошо прибавили в игре первые почему то идут фаворитами за счет чего сам не понимаю считаю что тут равные соперники как по мне отдаю предпочтение вторым так как еще ни разу не проиграли из 5 последних игр да и в личках идет чередование побед в предыдущей игре выйграла первая пара сегодня жду победу вторых.3)ковалик конечно и вынес де схеппера но блин он такой нестабильный игрок у басср есть ысе шансы если не выйграть то навязать борьбу в матче в личках не встречались еще на этом покрытии но жду от местного борьбы и плотного одного сета хотя бы.4)латвия на мой взгляд очень результативную игру показывают за 80 сиабильно бросают турки на выезде играюи всегда открыто так как в защите мало что получается играли бы дома тогда бы не рискнул брать тб а тут латвия задаст темп думаю фора плюс на турков тоже смотрится тут была одна игра между ними и 160 очков набрали в том матче думаю турки не смогут сегодня засушить.'),
	(42120, NULL, '2017-09-07', 'https://vprognoze.ru', 'ФИНЛЯНДИЯ: Высшая лига Ропс против Кеми. Хозяева поля неплохо играли в прошлый месяц, 3 из 5 побед,  на данный момент у команды 31 очко, и от попадания в еврокубки отстает всего на 7 очков от 3-го места. Ропс является больше домашней командой, дома значительно меньше проигрывает.УЭЛЬС: Премьер-лигаВторой матч, Лландидно принимает Престатин Таун. Хозяева довольно крепкие середняки Премьер-Лиги. Отличный старт сезоны,  показала максимум, 3 из 3 побед. Гости, одержали всего одну победу, против новичка лиги (1:0), если в целом посмотреть на "картину", то Престатин Таун сложно играть в гостя,  идет поражение за поражением. Ну и состав у Лландидно намного крепче, должны обыграть у себя дом.Всем удачи'),
	(42121, NULL, '2017-09-07', 'https://vprognoze.ru', 'Исландия.1. Кеблавит и Гроутта. Лидер первого дивизиона встречает одного из аутсайдеров.Есть только один исход-победа хозяев.Гроутта проиграла на выезде 6 игр подряд и не таким сильным как Кеблавик. Учитывая статус гостей а так же одни из худших показателей забито/пропущено,ожидаю поражение Гроутты.2. Лэйкнир и Рейкьявик.Принципиальная игра старых соперников.Здесь отталкиваюсь от нынешней игровой форы,фактора своего поля и лучших показателей забито/пропущено а по всем этим параметрам,Лейкнир выглядит интереснее.Жмем "Нравится",если согласны с прогнозом. Здравая критика приветствуется.'),
	(42122, NULL, '2017-09-07', 'https://vprognoze.ru', 'Ну что ж друзья мои,линия для Мойши сегодня очень скудная,поэтому слепил прогноз из того что нашел.1.Итак,Румыния играет у себя дома,матч не имеет никакого значения для Черногории,они остаются на третьем месте и громить румынов нет никакого смысла,надо беречь силы и готовиться к плей офф,поэтому считаю что Румыния фору в 20 очков удержит.На месте Черногории,я бы вообще слил эту игру за коф. очень вкусный.2.Турция играла дважды с Латвией и такую фору удерживали,считаю что сегодня дома они дадут бой при своих многотысячных болельщиках и снова не проиграют больше чем в 10 очков.'),
	(42123, NULL, '2017-09-07', 'https://vprognoze.ru', 'Двойник на парные полуфиналы,вполне реален на проход,братья Брайны принимают Лопесов),здесь не вижу за счёт чего данный тотал может не сыграть.обе пары давным давно играют вместе,обе сыгранны очень давно,высокий уровень,рискну предположить здесь и вовсе три сета,всё таки это полуфинал,где без борьбы ни кто сдаваться не будет.Ройер и Текау более уверенно шли к этому полуфиналу,да и в личках в этом году уже дважды обыгрывали Континена и Пирса.'),
	(42124, NULL, '2017-09-07', 'https://vprognoze.ru', 'dobri vecher udachi vsem!segodnia xachu poigrat na malinkie koeficienti.1.viborg protiv olborga vstrechaiutca na kubak danii eti kamandi davolna xarasho znaiut drug druga mejdu saboi igrali 25 matche i vsego 1 raz zakonchilsa match bez galov i vixadia at etogo dumaiu sevodnia daljni uvidit gol stavliu total bolshe 0,52.islandia 1 divizion kamanda idiot na 2 meste i na 1 acko apirijait keblavik katori segodnia igraiut s autcaiderami i skarei vsego viigraiut etat mach po etamu filkir doljen pobidit tem bole xaziaeva doma atlichna igraiut 20-miach zabiti i vsego 4 prapushen no postraxuius i postavliu 1X.3.kubok espanii osasuna protiv albasete tut ani vsem izvestnie kamandi igraiut mejdu saboi u nix statistika takava 25 matchax vsego 1  raz bolshe 4,5 michei dumaiu shto budet ne mnogo golav vsem udachi.'),
	(42125, NULL, '2017-09-07', 'https://vprognoze.ru', 'Футбол.Чемпионат Узбекистана. Машъал - Навбахор.Команды находятся по соседству в турнирной таблице но у хозяев сегодняшняя игра в запасе,дома хозяева выглядят намного лучше и львинную долю очков заработали на домашней площадке,думаю как минимум не приграют.Чемпионат Финляндии.Ювяскюля - Лахти.Последнее место и вторая строчка чемпионата,Лахти чтобы сохранить второе место сегодня надо выигрывать'),
	(42126, NULL, '2017-09-07', 'https://vprognoze.ru', 'Всем привет! Решил собрать экспресс из 2 событий которые на мой взгляд вполне проходимы. В первом поединке считаю что гости не проиграют с разницей больше 1 мяча новичку чемпионата так как команда в первом поединке данного турнира одержала победу над очень не простьым соперником со счётом 3-0. Во втором поединке считаю что гости как минимум не проиграют данному сопернику так как команда находится в очень хорошей форме, и последние 5 встреч вообще не проигрывает одержав 4 победы. Думаю что стоит взять данные исходы в экспресс за вполне приличный коэффициент. Всем удачи..'),
	(42127, NULL, '2017-09-09', 'https://vprognoze.ru', 'Остановлюсь на таком раскладе!Очень опасный экспресс с одной стороны, но я заметил, что если ставишь то что кажется тебе жб проигрываешь в 90% случаев, а в этом прессе все неоднозначно, но объяснимо  1. Вольфсбург воскрес после прошлого сезона и показывает достаточно добротную игру, хотя и не без огрех в обороне. Ганновер вернувшийся в Бундеслигу показывает пока отличный результат, и не пропускает два матча к ряду выигрывая 1-0. Мой прогноз здесь результативная ничья: 1-1, а ставка ОЗ.2. Фрайбург явно не в форме, и вряд ли сможет противостоять Дортмундской Боруссии которая явно на ходу, и пока нет предпосылок для ее остановки. Как минимум 2 мяча Боруссия должна отгрузить, а дальше будем посмотреть. Мой прогноз тут разгром Фрайбурга 0-3, 1-4 и т.п.3. Валенсия неплохо начала сезон и на Месталье будет давить Атлетико, который кстати будет без Гризмана. В исход здесь лезть бесполезно, а вот в то что обе команды смогут огрчить друг друга я верю.Всем нам успехов в прогнозах!'),
	(42128, NULL, '2017-09-08', 'https://vprognoze.ru', 'всем доброго времени суток.и так небольшой пресс но максимально проходим. я так думаю...ска конечно фаворит встречи и обязаны выиграть в чем я не сомневаюсь .но тем не менее просто возьму тотал так как выглядит пресс увереннее. северсталь с неба звезд не хватают но могут упереться. прогруз идет в пользу гостей это нам на руку.франция 1 лигагости без сомнения фавориты . кэф говорит сам за себя. но минусовую фору не полезу так как псж на выезде.в этом матче на псж загрузили уже порядка 5ста тыщ евро.удачи.удачи'),
	(42129, NULL, '2017-09-08', 'https://vprognoze.ru', 'Пробую заиграть вот такой пресс, пока кэфы еще не просели.1) Манс Сити примет у себя набравший ход Ливерпуль. Обе команды в обороне играют посредственно, обе команды атакующие! Ливерпуль может слить какому нибудь борнмуту, но на сильных соперников всегда настраивается как надо. А сити свой гол для болельщиков обязаны класть!2) Андерсон очень хорош, не вижу что ему тут может помешать. Таких подованов как он могут обыгрывать.а) либо такие же подованы ростом под 3 метраб) либо топы (Джокер, Федя, Надаль и т.п.). Буста ни к А ни к Б.3) Удивлен увидеть здесь Дель Потро, после победы над великим Роджером у него вероятно будет спад и Надаль его накажет. Удачи!'),
	(42130, NULL, '2017-09-07', 'https://vprognoze.ru', 'Всем привет ! Попробуем кое-какие наработки на кэфах по 4-ём букмекерским канторам . Почти каждый день будет мини-пресс из прогнозов на тотал 2,5 c с хорошими кэфами.И так сегодня работал только всего с одним комплектом прогнозов по Сити . Там как обычно было 5 игр .По самым маленьким (+) выскочила 2 игры .Берём по плюсу проход где поменьше кэф.Это Алькоркон - Леонеса . Дальше смотрим разрывы , и сегодня есть одна такая игра , берём всегда маленький кэф.проход.Это Интер Турку - Ильвес . Но сегодня маленько не нравится что она идёт самой первой по списку в комплекте .Но ничего , пока будем брать и её ,а там посмотрим брать её или не брать.Игр со второго комплекта Валуй сегодня нет , т.к там сегодня всего 3 игры . А выбору поддаются когда 4-8 .Удачи нам !'),
	(42131, NULL, '2017-09-07', 'https://vprognoze.ru', 'Всем привет. Рассмотрю экспресс.1) Баскетбол. Бельгия против Сербии. Бельгия имеет 3 поражения и 1 победу. Сербия наоборот имеет 3 победы и 1 поражение. Считаю, что Бельгия захочет победить и подняться выше, этим и воспользуются Сербы и одержат победу. Думаю с форой в -11.5 очков справятся.2) Баскетбол.  Венгрия против Испании. Испанцы лидеры группы с 4 победами из 4 встреч. Венгры имеют 2 победы и 2 поражения. Испанцы в классе лучше Венгров. И думаю с форой в -20 очков справятся.'),
	(42132, NULL, '2017-09-07', 'https://vprognoze.ru', 'Прогноз 4 на сегодня1)встречаются лидер чемпионата против аутсайдера лидер в любом случае гол должен забивать играя на своем поле но вот в гол гостей я тоже верю команда хоть и проиграла свои последние 5 матчей но атакующий потенциал есть у команды в крайнем матче получилось забить а лидеру забить на кураже мотивации будет больше да и в личках команды на поле хозяев чередуют оз в крайнем матче не забивали сегодня жду голы с обеих сторон.2)чикаго очень слабая команда а кливленд лучшая команда на выезде стабильно забивают 5 ранов как минимум в личках на поле хозяев гости забивали 5 ранов в 4 из 5 игр.3)ропс тут фавориты дома хороши много забивают гости же наоборот слабо проводят встречи на выезде в защите явно наблюдаются пробелы много пропускают между собой на поле хозяев в 3 из 4 матчей тотал больше двух пробивался.4)киз как по мне предпочтительнее выглядит в этом матче вандервеге сдает немного совсем мне не нравится ее игра в последнее время хоть и соперницы выйграли все свои игры на этом турнире я считаю что киз должна дальше тут проходить были две лички и киз во всех двух выйграла.'),
	(42133, NULL, '2017-09-07', 'https://vprognoze.ru', 'Попробую заиграть таким вот образом баскетбол. Сербы очень сильный состав собрали на этот турнир. Но элементарно не везет. Россиянам проиграли ведя всю игру. В концовке проиграли. Правда потом подсобрались и выиграли 2 игры подряд. Довольно уверенно. В последней игре вообще разгром был с Англичанами. Выиграли в -14 очков. Сегодня что то подобное должно быть с Венграми.Венгров не стал бы недооценивать. У них очень боевой состав. Видел их игру недавную с Россиянами. Оставили не плохое впечатление.'),
	(42134, NULL, '2017-09-07', 'https://vprognoze.ru', 'Всем привет еще раз)Я сегодня разошелся и даю много ставок, хотя и говорят что день не ставочн6ый. Чтож, посмотрим)Экспресс1. Футбол. Кубок Испании. Алькоркон - ЛеонесаАлькоркон дома играет вполне неплохо. Удачно я б сказал. И забивает и мало пропускает. Учитывая, что команда далеко прошла в прошлом году в кубке и форма сейчас у нее хорошая выгодно поставить на них 1х.2. Футбол.Кубок Испании. Осасуна - Альбасете.Ставка 1.5Больше. Поясню. Осасуна вообще без гола не уходит, а тут и соперник вполне позволяющий забить. Могут вполне два забить. В тоже время Альбасете тоже может отличиться. Валуйная ставка выходит.3. Финляндия. Футбол.Ну не вижу я подавляющего преимущества хозяев. По таблице даже Ильвес выше и по всем стат. показателям. Уже если гости и проиграет то думаю минимально. Ф2 + 1.5Всем удачи'),
	(42135, NULL, '2017-09-08', 'https://vprognoze.ru', '1) Леганес отлично стартовал в Ла Лиге. Одержал хоть и скромные победы, но главное выйграли. Здесь они играют дома, побеждать обязаны,тем более против Хетафе.2) Матчи с участием Амкара всегда проходят в напряженном борьбе. Много не забивают и мало пропускают. Плюс ЦСКА слегка будет играть экономно перед стартом ЛЧ. Проблемы с игрой у армейцев имеются. Поэтому ожидаю,что первый тайм закончится 0-0.3) В этом году ПСЖ забивает как минимум 3 мяча. Плюс в 5 последних матчах с Мецом четырежды тб3 прошёл на ура!4) Ожидаю,что в этом матче мы увидим минимум 2 мяча. Команды неплохо начали чемпионат. Плюс в личных встречах тб2 проходит без проблем.Всем удачи!!!'),
	(42136, NULL, '2017-09-08', 'https://vprognoze.ru', 'Амкар-ЦСКА. Все же в этом матче решил взять еще и ТМ, Амкар постарается сыграть от обороны и будет уповать на контратаки, ЦСКА будет играть первым номером, но много мячей ждать не стоит. Пусть Амкар на последнем месте, но команда завтра даст бой, в принципе и очные игры выходили на ТМ, так что шансы считаю велики.Витебск-Неман. Неман тут без особых вопросов должен победить, команда провела ряд классных матчей в ЛЧ, Витебск же преследует совсем другие цели и думаю что вариантов у хозяев особо не будет.Металлург-Могилёв. У Металлурга есть одна очень классная пятерка по меркам чемпионата Беларуси, думаю что на ней в этом сезоне все будет держатся, в принципе Жлобин стал сильнее чем в прошлом году и соперников уровня Могилёва должны обыгрывать. Могилёв молодая команда, но все же команда по уровню не сопоставима Металлургу, тем более в гостях'),
	(42137, NULL, '2017-09-08', 'https://vprognoze.ru', 'Вот такой тройничок собрал на тур РФПЛ!1. Амкар - ЦСКА. Армейцы мощнее, выше классом, и должны обыгрывать Амкар и кэф 1.75 от буков выглядит как подарок, но...Меня смущают несколько моментов:а)ЦСКА через три дня играть с Бенфикой в ЛЧ, что куда важнее сейчас, хотя и очки в чемпе никто не отменял;б)В тренерский штаб Амкара вернулся Вадим Евсеев, мы все помним прошлогодний Амкар с его неуступчивой оборонительной игрой, вот тогда в штабе был Вадик, а когда его не стало мы увидели по началу чемпа. Этот фактор безусловно в эмоциональном плане подстегнет Амкар, тем более отступать сейчас ему тупа некуда;в)кэф, который дали букмекеры, ну уж очень он большой на победу ЦСКА, для этого матча должен был быть в районе 1,47-1,53.Вывод в исход лезть нехочу, но вот тотал мне кажется более перспективным здесь. Оборона у Амкара, я думаю, прибавит, а вот креатива в атаке, как не было,так и взяться ему неоткуда, а ЦСКА попытается забить и засушить, как то так мне видится сюжет этого матча. Моя ставка ТМ 2.5.2. Ростов - Арсенал. Ростов организованый и тактически обученный коллектив, который дома играет на победу. Арсенал в атаке немногое может, и поэтому потеря Мевли вряд ли сильно скажется именно с этим соперником. Также мы все помним гостевой матч Ростова в прошлом чемпе, когда Арсеналу кровь из носу нужны были очки, а Ростов претендовал на Лигу Европы...но это не доказано. Мой прогноз 2-1 или 1-0, в пользу Ростова, так как 0-0,0-0, два последних у Ростова, пора забивать.3. Динамо - Зенит. Здесь конечно нужно брать чистую П2, второй осечки подряд, как с Ростовом, Манчини не допустит, но в прессе перестрахуюсь  Всем нам успехов в прогнозах!'),
	(42138, NULL, '2017-09-07', 'https://vprognoze.ru', 'Сливаем банк дальше,скудная линия сегодня на ставки.1)лада на данный момент не впечатляет меня своей игрой очень слабую форму имеют гости наоборот хоть и проигрыают но борьбу всегда навязывают в каждой игре лада не думаю что такие явные фавориты матча чтобы разбирать соперников с такой большой форой за 5 личек такая фора ни разу не пробивалась на площадке хозяев.2)команды конечно малорезультативны в плане голов с другим  командами но защита обеих клубов удручающая абсолютно нет защиты между собой была одна личка и там забили аж 5 голов на пару думаю сегодня увидеть резудьтативную веселую игру между ними.3)оба клуба не в форме слабо провожят свои игры но хозяева по сравнению с гостями дома играют более менее лучше нежели гости на выезде да и по личкам три игры на поле хозяев гостям ни разу не удалось выйграть так что хозяева являются неудобным соперником для гостей да и вообще любая серия когда либо заканчивается но надеюсь не сегодня.'),
	(42139, NULL, '2017-09-07', 'https://vprognoze.ru', '1.Гости дебютант лиги и как полагается ,старт не впечатляет.Одна победа над таким же дебютантом.Два проигрыша над середниками турнира. У хозяев состав всё же сильнее и фактор своего поля должен сыграть в их пользу.2.Ропс одна из домашних команд чемпионата.Очень редко проигрывает и чаще всё же побеждает.В гостях у них не такой уж и грозный соперник и не претендует быть в тройке лидеров,как хозяева.Амбиции домашнее поле всё же должны сыграть роль в матче .Всем удачи.');
/*!40000 ALTER TABLE `expresses` ENABLE KEYS */;

-- Дамп структуры для таблица bma_data.express_ivent
CREATE TABLE IF NOT EXISTS `express_ivent` (
  `ID` bigint(255) NOT NULL AUTO_INCREMENT,
  `IVENTS_ID` bigint(255) NOT NULL,
  `EXPRESSES_ID` bigint(255) NOT NULL,
  PRIMARY KEY (`ID`),
  KEY `FK_express_ivent_ivents` (`IVENTS_ID`),
  KEY `FK_express_ivent_expresses` (`EXPRESSES_ID`),
  CONSTRAINT `FK_express_ivent_expresses` FOREIGN KEY (`EXPRESSES_ID`) REFERENCES `expresses` (`ID`) ON DELETE CASCADE ON UPDATE CASCADE,
  CONSTRAINT `FK_express_ivent_ivents` FOREIGN KEY (`IVENTS_ID`) REFERENCES `ivents` (`ID`) ON DELETE CASCADE ON UPDATE CASCADE
) ENGINE=InnoDB AUTO_INCREMENT=122232 DEFAULT CHARSET=utf8;

-- Дамп данных таблицы bma_data.express_ivent: ~161 rows (приблизительно)
/*!40000 ALTER TABLE `express_ivent` DISABLE KEYS */;
INSERT INTO `express_ivent` (`ID`, `IVENTS_ID`, `EXPRESSES_ID`) VALUES
	(42, 35, 44),
	(4992, 4985, 1694),
	(5113, 5106, 1694),
	(5241, 5234, 1694),
	(19163, 19156, 6719),
	(19292, 19285, 6719),
	(19293, 19286, 6719),
	(88993, 88986, 30675),
	(88994, 88987, 30675),
	(100365, 100358, 34508),
	(100366, 100359, 34508),
	(100367, 100360, 34508),
	(102984, 102977, 35421),
	(102985, 102978, 35421),
	(108013, 108006, 37146),
	(108014, 108007, 37146),
	(113814, 113807, 39211),
	(113815, 113808, 39211),
	(116912, 116905, 40268),
	(120024, 120017, 41368),
	(120025, 120018, 41368),
	(120984, 120977, 41705),
	(122093, 122086, 42090),
	(122094, 122087, 42090),
	(122095, 122088, 42091),
	(122096, 122089, 42091),
	(122097, 122090, 42092),
	(122098, 122091, 42092),
	(122099, 122092, 42092),
	(122100, 122093, 42092),
	(122101, 122094, 42092),
	(122102, 122095, 42093),
	(122103, 122096, 42093),
	(122104, 122097, 42093),
	(122105, 122098, 42093),
	(122106, 122099, 42093),
	(122107, 122100, 42094),
	(122108, 122101, 42094),
	(122109, 122102, 42094),
	(122110, 122103, 42095),
	(122111, 122104, 42095),
	(122112, 122105, 42096),
	(122113, 122106, 42096),
	(122114, 122107, 42097),
	(122115, 122108, 42097),
	(122116, 122109, 42098),
	(122117, 122110, 42098),
	(122118, 122111, 42099),
	(122119, 122112, 42099),
	(122120, 122113, 42100),
	(122121, 122114, 42100),
	(122122, 122115, 42100),
	(122123, 122116, 42101),
	(122124, 122117, 42101),
	(122125, 122118, 42102),
	(122126, 122119, 42102),
	(122127, 122120, 42102),
	(122128, 122121, 42102),
	(122129, 122122, 42103),
	(122130, 122123, 42103),
	(122131, 122124, 42103),
	(122132, 122125, 42104),
	(122133, 122126, 42104),
	(122134, 122127, 42105),
	(122135, 122128, 42105),
	(122136, 122129, 42105),
	(122137, 122130, 42106),
	(122138, 122131, 42106),
	(122139, 122132, 42106),
	(122140, 122133, 42106),
	(122141, 122134, 42107),
	(122142, 122135, 42107),
	(122143, 122136, 42108),
	(122144, 122137, 42108),
	(122145, 122138, 42108),
	(122146, 122139, 42109),
	(122147, 122140, 42109),
	(122148, 122141, 42109),
	(122149, 122142, 42109),
	(122150, 122143, 42109),
	(122151, 122144, 42110),
	(122152, 122145, 42110),
	(122153, 122146, 42111),
	(122154, 122147, 42111),
	(122155, 122148, 42111),
	(122156, 122149, 42112),
	(122157, 122150, 42112),
	(122158, 122151, 42113),
	(122159, 122152, 42113),
	(122160, 122153, 42113),
	(122161, 122154, 42114),
	(122162, 122155, 42114),
	(122163, 122156, 42114),
	(122164, 122157, 42114),
	(122165, 122158, 42115),
	(122166, 122159, 42115),
	(122167, 122160, 42116),
	(122168, 122161, 42116),
	(122169, 122162, 42116),
	(122170, 122163, 42117),
	(122171, 122164, 42117),
	(122172, 122165, 42117),
	(122173, 122166, 42117),
	(122174, 122167, 42117),
	(122175, 122168, 42118),
	(122176, 122169, 42118),
	(122177, 122170, 42119),
	(122178, 122171, 42119),
	(122179, 122172, 42119),
	(122180, 122173, 42119),
	(122181, 122174, 42120),
	(122182, 122175, 42120),
	(122183, 122176, 42121),
	(122184, 122177, 42121),
	(122185, 122178, 42122),
	(122186, 122179, 42122),
	(122187, 122180, 42123),
	(122188, 122181, 42123),
	(122189, 122182, 42124),
	(122190, 122183, 42124),
	(122191, 122184, 42124),
	(122192, 122185, 42125),
	(122193, 122186, 42125),
	(122194, 122187, 42126),
	(122195, 122188, 42126),
	(122196, 122189, 42127),
	(122197, 122190, 42127),
	(122198, 122191, 42127),
	(122199, 122192, 42128),
	(122200, 122193, 42128),
	(122201, 122194, 42129),
	(122202, 122195, 42129),
	(122203, 122196, 42129),
	(122204, 122197, 42130),
	(122205, 122198, 42130),
	(122206, 122199, 42131),
	(122207, 122200, 42131),
	(122208, 122201, 42132),
	(122209, 122202, 42132),
	(122210, 122203, 42132),
	(122211, 122204, 42132),
	(122212, 122205, 42133),
	(122213, 122206, 42133),
	(122214, 122207, 42134),
	(122215, 122208, 42134),
	(122216, 122209, 42134),
	(122217, 122210, 42135),
	(122218, 122211, 42135),
	(122219, 122212, 42135),
	(122220, 122213, 42135),
	(122221, 122214, 42136),
	(122222, 122215, 42136),
	(122223, 122216, 42136),
	(122224, 122217, 42137),
	(122225, 122218, 42137),
	(122226, 122219, 42137),
	(122227, 122220, 42138),
	(122228, 122221, 42138),
	(122229, 122222, 42138),
	(122230, 122223, 42139),
	(122231, 122224, 42139);
/*!40000 ALTER TABLE `express_ivent` ENABLE KEYS */;

-- Дамп структуры для таблица bma_data.ivents
CREATE TABLE IF NOT EXISTS `ivents` (
  `ID` bigint(255) NOT NULL AUTO_INCREMENT,
  `NAME` varchar(2000) NOT NULL,
  `DESCRIPTION` varchar(2000) DEFAULT NULL,
  `BET` varchar(1000) NOT NULL,
  `DATE` date DEFAULT NULL,
  `COMPETITION` varchar(2000) DEFAULT NULL,
  `COEFFICIENT` double DEFAULT NULL,
  PRIMARY KEY (`ID`)
) ENGINE=InnoDB AUTO_INCREMENT=122225 DEFAULT CHARSET=utf8;

-- Дамп данных таблицы bma_data.ivents: ~259 rows (приблизительно)
/*!40000 ALTER TABLE `ivents` DISABLE KEYS */;
INSERT INTO `ivents` (`ID`, `NAME`, `DESCRIPTION`, `BET`, `DATE`, `COMPETITION`, `COEFFICIENT`) VALUES
	(35, '&#1052;&#1072;&#1085;&#1095;&#1077;&#1089;&#1090;&#1077;&#1088; &#1057;&#1080;&#1090;&#1080; - &#1069;&#1074;&#1077;&#1088;&#1090;&#1086;&#1085;', NULL, '&#1060;&#1054;&#1056;&#1040;(2) +2', '2017-08-21', '&#1060;&#1091;&#1090;&#1073;&#1086;&#1083;, &#1040;&#1085;&#1075;&#1083;&#1080;&#1103;. &#1055;&#1088;&#1077;&#1084;&#1100;&#1077;&#1088; &#1051;&#1080;&#1075;&#1072;', 1.55),
	(4985, '&#1053;&#1080;&#1094;&#1094;&#1072; - &#1053;&#1072;&#1087;&#1086;&#1083;&#1080;', NULL, '&#1048;&#1058;&#1041;2 (1.5)', '2017-08-22', '&#1060;&#1091;&#1090;&#1073;&#1086;&#1083;. &#1051;&#1080;&#1075;&#1072; &#1063;&#1077;&#1084;&#1087;&#1080;&#1086;&#1085;&#1086;&#1074; &#1059;&#1045;&#1060;&#1040;. &#1055;&#1083;&#1077;&#1081;-&#1086;&#1092;&#1092;. &#1054;&#1090;&#1074;&#1077;&#1090;&#1085;&#1099;&#1077; &#1084;&#1072;&#1090;&#1095;&#1080;.', 1.7),
	(5106, '&#1047;&#1077;&#1085;&#1080;&#1090; - &#1059;&#1090;&#1088;&#1077;&#1093;&#1090;', NULL, '&#1055;1', '2017-08-22', '&#1060;&#1091;&#1090;&#1073;&#1086;&#1083;. &#1051;&#1080;&#1075;&#1072; &#1045;&#1074;&#1088;&#1086;&#1087;&#1099; &#1059;&#1045;&#1060;&#1040;. &#1055;&#1083;&#1077;&#1081;-&#1086;&#1092;&#1092;. &#1054;&#1090;&#1074;&#1077;&#1090;&#1085;&#1099;&#1077; &#1084;&#1072;&#1090;&#1095;&#1080;.', 1.33),
	(5234, '&#1040;&#1074;&#1072;&#1085;&#1075;&#1072;&#1088;&#1076; - &#1044;&#1080;&#1085;&#1072;&#1084;&#1086; &#1056;&#1080;&#1075;&#1072;', NULL, '&#1055;1', '2017-08-22', '&#1061;&#1086;&#1082;&#1082;&#1077;&#1081;/ &#1050;&#1061;&#1051;. &#1056;&#1077;&#1075;&#1091;&#1083;&#1103;&#1088;&#1085;&#1099;&#1081; &#1095;&#1077;&#1084;&#1087;&#1080;&#1086;&#1085;&#1072;&#1090;.', 1.46),
	(19156, ' &#1044;&#1080;&#1085;&#1072;&#1084;&#1086; &#1052;&#1089;&#1082; - &#1042;&#1080;&#1090;&#1103;&#1079;&#1100;	', NULL, '&#1058;&#1052; (6.5)', '2017-08-23', '&#1061;&#1086;&#1082;&#1082;&#1077;&#1081;/ &#1050;&#1061;&#1051;. &#1056;&#1077;&#1075;&#1091;&#1083;&#1103;&#1088;&#1085;&#1099;&#1081; &#1095;&#1077;&#1084;&#1087;&#1080;&#1086;&#1085;&#1072;&#1090;.', 1.27),
	(19285, '&#1051;&#1086;&#1082;&#1086;&#1084;&#1086;&#1090;&#1080;&#1074; - &#1062;&#1057;&#1050;&#1040;', NULL, '&#1048;&#1058;&#1041;2 (1.5)', '2017-08-23', '&#1061;&#1086;&#1082;&#1082;&#1077;&#1081;/ &#1050;&#1061;&#1051;. &#1056;&#1077;&#1075;&#1091;&#1083;&#1103;&#1088;&#1085;&#1099;&#1081; &#1095;&#1077;&#1084;&#1087;&#1080;&#1086;&#1085;&#1072;&#1090;.', 1.4),
	(19286, '&#1057;&#1050;&#1040; - &#1057;&#1083;&#1086;&#1074;&#1072;&#1085; &#1041;&#1088;', NULL, '&#1048;&#1058;&#1041;2 (0.5)', '2017-08-23', '&#1061;&#1086;&#1082;&#1082;&#1077;&#1081;/ &#1050;&#1061;&#1051;. &#1056;&#1077;&#1075;&#1091;&#1083;&#1103;&#1088;&#1085;&#1099;&#1081; &#1095;&#1077;&#1084;&#1087;&#1080;&#1086;&#1085;&#1072;&#1090;.', 1.22),
	(88986, '&#1047;&#1077;&#1085;&#1080;&#1090; - &#1059;&#1090;&#1088;&#1077;&#1093;&#1090;', NULL, '&#1055;1', '2017-08-24', '&#1060;&#1091;&#1090;&#1073;&#1086;&#1083;. &#1051;&#1080;&#1075;&#1072; &#1045;&#1074;&#1088;&#1086;&#1087;&#1099; &#1059;&#1045;&#1060;&#1040;. &#1055;&#1083;&#1077;&#1081;-&#1086;&#1092;&#1092;. &#1054;&#1090;&#1074;&#1077;&#1090;&#1085;&#1099;&#1077; &#1084;&#1072;&#1090;&#1095;&#1080;.', 1.35),
	(88987, '&#1040;&#1074;&#1072;&#1085;&#1075;&#1072;&#1088;&#1076; - &#1057;&#1077;&#1074;&#1077;&#1088;&#1089;&#1090;&#1072;&#1083;&#1100;', NULL, '&#1055;1', '2017-08-24', '&#1061;&#1086;&#1082;&#1082;&#1077;&#1081;/ &#1050;&#1061;&#1051;. &#1056;&#1077;&#1075;&#1091;&#1083;&#1103;&#1088;&#1085;&#1099;&#1081; &#1095;&#1077;&#1084;&#1087;&#1080;&#1086;&#1085;&#1072;&#1090;.', 1.47),
	(100358, '&#1051;&#1072;&#1076;&#1072; - &#1040;&#1074;&#1090;&#1086;&#1084;&#1086;&#1073;&#1080;&#1083;&#1080;&#1089;&#1090;', NULL, '&#1055;1', '2017-08-24', '&#1061;&#1086;&#1082;&#1082;&#1077;&#1081;/ &#1050;&#1061;&#1051;. &#1056;&#1077;&#1075;&#1091;&#1083;&#1103;&#1088;&#1085;&#1099;&#1081; &#1095;&#1077;&#1084;&#1087;&#1080;&#1086;&#1085;&#1072;&#1090;.', 1.36),
	(100359, '&#1044;&#1080;&#1085;&#1072;&#1084;&#1086;-&#1052;&#1080;&#1085;&#1089;&#1082; - &#1042;&#1080;&#1090;&#1103;&#1079;&#1100;', NULL, '&#1055;1', '2017-08-24', '&#1061;&#1086;&#1082;&#1082;&#1077;&#1081;/ &#1050;&#1061;&#1051;. &#1056;&#1077;&#1075;&#1091;&#1083;&#1103;&#1088;&#1085;&#1099;&#1081; &#1095;&#1077;&#1084;&#1087;&#1080;&#1086;&#1085;&#1072;&#1090;.', 1.37),
	(100360, '&#1057;&#1050;&#1040; - &#1049;&#1086;&#1082;&#1077;&#1088;&#1080;&#1090;', NULL, '&#1048;&#1058;&#1041;1 (1.5)', '2017-08-24', '&#1061;&#1086;&#1082;&#1082;&#1077;&#1081;/ &#1050;&#1061;&#1051;. &#1056;&#1077;&#1075;&#1091;&#1083;&#1103;&#1088;&#1085;&#1099;&#1081; &#1095;&#1077;&#1084;&#1087;&#1080;&#1086;&#1085;&#1072;&#1090;.', 1.09),
	(102977, '&#1050;&#1088;&#1080;&#1089;&#1090;&#1072;&#1083; &#1055;&#1101;&#1083;&#1072;&#1089; - &#1057;&#1091;&#1086;&#1085;&#1089;&#1080; &#1057;&#1080;&#1090;&#1080;', NULL, '&#1055;1', '2017-08-25', '&#1060;&#1091;&#1090;&#1073;&#1086;&#1083;, &#1040;&#1085;&#1075;&#1083;&#1080;&#1103;. &#1055;&#1088;&#1077;&#1084;&#1100;&#1077;&#1088; &#1051;&#1080;&#1075;&#1072;', 1.96),
	(102978, '&#1052;&#1072;&#1085;&#1095;&#1077;&#1089;&#1090;&#1077;&#1088; &#1070;&#1085;&#1072;&#1081;&#1090;&#1077;&#1076; - &#1051;&#1077;&#1089;&#1090;&#1077;&#1088; &#1057;&#1080;&#1090;&#1080;', NULL, '&#1054;&#1073;&#1077; &#1082;&#1086;&#1084;&#1072;&#1085;&#1076;&#1099; &#1079;&#1072;&#1073;&#1100;&#1102;&#1090;:&#1044;&#1072;', '2017-08-25', '&#1060;&#1091;&#1090;&#1073;&#1086;&#1083;, &#1040;&#1085;&#1075;&#1083;&#1080;&#1103;. &#1055;&#1088;&#1077;&#1084;&#1100;&#1077;&#1088; &#1051;&#1080;&#1075;&#1072;', 2.09),
	(108006, '&#1056;&#1077;&#1072;&#1083; &#1052;&#1072;&#1076;&#1088;&#1080;&#1076; - &#1042;&#1072;&#1083;&#1077;&#1085;&#1089;&#1080;&#1103;', NULL, '&#1060;&#1054;&#1056;&#1040;(1) -2', '2017-08-27', '&#1060;&#1091;&#1090;&#1073;&#1086;&#1083; &#1048;&#1089;&#1087;&#1072;&#1085;&#1080;&#1103;/ &#1055;&#1088;&#1080;&#1084;&#1077;&#1088;&#1072; &#1076;&#1080;&#1074;&#1080;&#1079;&#1080;&#1086;&#1085;', 1.62),
	(108007, '&#1051;&#1080;&#1074;&#1077;&#1088;&#1087;&#1091;&#1083;&#1100; - &#1040;&#1088;&#1089;&#1077;&#1085;&#1072;&#1083;', NULL, '&#1054;&#1073;&#1077; &#1082;&#1086;&#1084;&#1072;&#1085;&#1076;&#1099; &#1079;&#1072;&#1073;&#1100;&#1102;&#1090;: &#1044;&#1072;', '2017-08-27', '&#1060;&#1091;&#1090;&#1073;&#1086;&#1083;, &#1040;&#1085;&#1075;&#1083;&#1080;&#1103;. &#1055;&#1088;&#1077;&#1084;&#1100;&#1077;&#1088; &#1051;&#1080;&#1075;&#1072;', 1.44),
	(113807, '&#1051;&#1086;&#1082;&#1086;&#1084;&#1086;&#1090;&#1080;&#1074; - &#1042;&#1080;&#1090;&#1103;&#1079;&#1100;', NULL, '&#1055;1', '2017-08-29', 'Хоккей/ КХЛ. Регулярный чемпионат.', 1.33),
	(113808, '&#1053;&#1077;&#1092;&#1090;&#1077;&#1093;&#1080;&#1084;&#1080;&#1082; - &#1051;&#1072;&#1076;&#1072;', NULL, 'Двойной шанс X1', '2017-08-29', ' Хоккей/ КХЛ. Регулярный чемпионат.', 1.26),
	(116905, '&#1041;&#1072;&#1088;&#1099;&#1089; (&#1073;&#1088;) - &#1058;&#1086;&#1088;&#1087;&#1077;&#1076;&#1086; &#1053;&#1053; (&#1073;&#1088;)', NULL, '&#1058;&#1052; (61.5)', '2017-08-30', 'Хоккей/ КХЛ. Регулярный чемпионат. Броски в створ ворот.', 1.8),
	(120017, ' &#1040;.&#1056;&#1072;&#1076;&#1074;&#1072;&#1085;&#1100;&#1089;&#1082;&#1072; - &#1070;.&#1055;&#1091;&#1090;&#1080;&#1085;&#1094;&#1077;&#1074;&#1072;', NULL, '&#1055;1', '2017-08-31', 'Теннис/ Открытый чемпионат США. Женщины. Одиночный разряд. 1/16 финала', 1.22),
	(120018, '&#1045;.&#1052;&#1072;&#1082;&#1072;&#1088;&#1086;&#1074;&#1072; - &#1050;.&#1057;&#1091;&#1072;&#1088;&#1077;&#1089;-&#1053;&#1072;&#1074;&#1072;&#1088;&#1088;&#1086;', NULL, '&#1055;1', '2017-08-31', 'Теннис/ Открытый чемпионат США. Женщины. Одиночный разряд. 1/16 финала', 1.65),
	(120977, 'Елена Остапенко - Дарья Касаткина', NULL, 'П2', '2017-09-02', 'Теннис/ Открытый чемпионат США. Женщины. Одиночный разряд. 3-ий круг. ', 2.296),
	(122086, 'Балтика - Луч-Энергия', NULL, 'П1', '2017-09-06', 'Футбол/ Россия. ФНЛ', 1.41),
	(122087, 'Динамо Рига - СКА', NULL, 'П2', '2017-09-06', 'Хоккей / КХЛ', 1.33),
	(122088, 'Штруфф Я.-Л. - Игнатик В.', NULL, 'ФОРА1 по геймам (-3.5)', '2017-09-07', 'Теннис/ Турнир ATP. Генуя. Италия. Clay.', 1.56),
	(122089, 'Циципас С. - Сеткич А.', NULL, 'ФОРА1 по сетам (-1.5)', '2017-09-07', 'Теннис/ Турнир ATP. Генуя. Италия. Clay.', 1.72),
	(122090, 'Алькоркон - Культурал Леонеса', NULL, 'ФОРА2 (1.5)', NULL, '\n  Футбол/  Испания. Kубок. 2-й раунд\n', 1.21),
	(122091, 'Крузейро-РС - Сан-Жозе-РС', NULL, 'ФОРА1 (0)', NULL, '\n  Футбол/  Бразилия. Кубок Гаушу. Групповой этап\n', 1.55),
	(122092, 'Виборг - Ольборг', NULL, 'ФОРА2 (0)', NULL, '\n  Футбол/  Дания. Кубок. 2-й раунд\n', 1.66),
	(122093, 'Аль-Кувейт - Аль-Кадсия', NULL, 'ФОРА1 (0)', NULL, '\n  Футбол/  Кувейт. Супер Кубок. Кувейт\n', 1.55),
	(122094, 'Лландудно - Престатин Таун', NULL, 'ТБ (2.5)', NULL, '\n  Футбол/  Уэльс. Премьер-лига\n', 1.59),
	(122095, 'Женева - Лозанна', NULL, 'П1 в матче', NULL, '\n  Хоккей/  Чемпионат Швейцарии. NLA.\n', 1.61),
	(122096, 'Лейкнир - Рейкьявик', NULL, 'ТБ (2.5)', NULL, '\n  Футбол/  Чемпионат Исландии. 1-й дивизион.\n', 1.64),
	(122097, 'ТХВ Киль - Ганновер-Бургдорф', NULL, 'ТБ (55.5)', NULL, '\n  Гандбол/  Чемпионат Германии. Мужчины.\n', 1.65),
	(122098, 'Краинович Ф. - Карбальес Баэна Р.', NULL, 'Тотал по геймам больше (21.5)', NULL, '\n  Теннис/  Турнир ATP. Севилья. Испания. Clay.\n', 1.68),
	(122099, 'Вецлар - Хюттенберг', NULL, 'ТМ (55.5)', NULL, '\n  Гандбол/  Чемпионат Германии. Мужчины.\n', 1.69),
	(122100, 'Автомобилист - Амур', NULL, 'ИТБ2 (1)', NULL, '\n  Хоккей/  КХЛ. Регулярный чемпионат.\n', 1.3),
	(122101, 'Югра - Ак Барс', NULL, 'ИТБ2 (2)', NULL, '\n  Хоккей/  КХЛ. Регулярный чемпионат.\n', 1.47),
	(122102, 'ЦСКА - Динамо Мск', NULL, 'ИТБ2 (1)', NULL, '\n  Хоккей/  КХЛ. Регулярный чемпионат.\n', 1.54),
	(122103, 'Кинг К. - Оти М.', NULL, 'П1', NULL, '\n  Теннис/  Мужчины. Турнир ITF. Торонто. Канада. Clay.\n', 1.54),
	(122104, 'Муте К. - Гомес-Эррера К.', NULL, 'П2', NULL, '\n  Теннис/  Турнир ATP. Севилья. Испания. Clay.\n', 2.08),
	(122105, 'Кефлавик - Гроутта', NULL, 'ТБ (2)', NULL, '\n  Футбол/  Чемпионат Исландии. 1-й дивизион.\n', 1.18),
	(122106, 'Фрам - Селфосс', NULL, 'ТБ (2)', NULL, '\n  Футбол/  Чемпионат Исландии. 1-й дивизион.\n', 1.24),
	(122107, 'Киз М. - Вандевеге К.', NULL, 'П1', NULL, '\n  Теннис/  Женщины. US Open.\n', 1.68),
	(122108, 'Уильямс В. - Стивенс Сл.', NULL, 'П1', NULL, '\n  Теннис/  Женщины. US Open.\n', 1.64),
	(122109, 'Филкир - Троттур Рейкьявик', NULL, 'П1', NULL, '\n  Футбол/  Чемпионат Исландии. 1-й дивизион.\n', 1.87),
	(122110, 'Лландидно Таун ФК - Престатин Таун', NULL, 'П1', NULL, '\n  Футбол/  Чемпионат Уэльса.\n', 1.68),
	(122111, 'Бельгия - Сербия', NULL, 'ФОРА2 (-9.5)', NULL, '\n  Баскетбол/  Мужчины. Чемпионат Европы 2017. Финляндия-Израиль-Румыния-Турция.\n', 1.49),
	(122112, 'Латвия - Турция', NULL, 'ФОРА2 (9.5)', NULL, '\n  Баскетбол/  Мужчины. Чемпионат Европы 2017. Финляндия-Израиль-Румыния-Турция.\n', 1.46),
	(122113, 'Хобро - Сённерйюск', NULL, 'Обе команды забьют: Да', NULL, '\n  Футбол/  Чемпионат Дании. Высшая лига.\n', 1.69),
	(122114, 'Лилль - Бордо', NULL, 'Обе команды забьют: Да', NULL, '\n  Футбол/  Чемпионат Франции. Лига 1.\n', 1.82),
	(122115, 'Дерби - Халл', NULL, 'Обе команды забьют: Да', NULL, '\n  Футбол/  Чемпионат Англии. Чемпион-лига.\n', 1.84),
	(122116, 'Мельцер Г. - Мена Ф.', NULL, 'ФОРА1 по геймам (-3.5)', NULL, '\n  Теннис/  Турнир ATP. Богота. Колумбия. Clay.\n', 1.54),
	(122117, 'Робредо Т. - Ян Е.', NULL, 'ФОРА1 по геймам (-2.5)', NULL, '\n  Теннис/  Турнир ATP. Алфен-ан-ден-Рейн. Нидерланды. Clay.\n', 1.8),
	(122118, 'Филкир - Троттур Рейкьявик', NULL, 'Обе команды забьют: Да', NULL, '\n  Футбол/  Чемпионат Исландии. 1-й дивизион.\n', 1.61),
	(122119, 'Ювяскюля - Лахти', NULL, 'Обе команды забьют: Да', NULL, '\n  Футбол/  Чемпионат Финляндии.\n', 1.79),
	(122120, 'Параду - Оран', NULL, 'П1', NULL, '\n  Футбол/  Чемпионат Алжира.\n', 2.1),
	(122121, 'Балтимор - Н.Й. Янкиз', NULL, 'ИТБ2 (3.5)', NULL, '\n  Бейсбол/  MLB. Регулярный чемпионат.\n', 1.59),
	(122122, 'Гамбург - РБ Лейпциг', NULL, 'Двойной шанс X2', NULL, '\n  Футбол/  Германия. Бундеслига\n', 1.24),
	(122123, 'Ростов - Арсенал Тула', NULL, 'ФОРА1 (0)', NULL, '\n  Футбол/  Россия. Премьер-лига\n', 1.13),
	(122124, 'Анжи - Краснодар', NULL, 'Двойной шанс X2', NULL, '\n  Футбол/  Россия. Премьер-лига\n', 1.22),
	(122125, 'Т.Робредо - Д.Ян', NULL, 'Точный счет 2:0', NULL, '\n  Теннис/  Челленджер тур ATP. Алфен-ан-ден-Рейн, Нидерланды. Одиночный разряд. 1/8 финала\n', 2.31),
	(122126, 'Ф.Мена - Г.Мельцер', NULL, 'Точный счет 0:2', NULL, '\n  Теннис/  Челленджер тур ATP. Богота, Колумбия. Одиночный разряд. 1/8 финала\n', 1.73),
	(122127, 'Тунис - Камерун', NULL, 'ТБ (130.5)', NULL, '\n  Баскетбол/  Мужчины. Чемпионат Африки. Сенегал-Тунис.\n', 1.56),
	(122128, 'Латвия - Турция', NULL, 'ФОРА2 (9.5)', NULL, '\n  Баскетбол/  Мужчины. Чемпионат Европы 2017. Финляндия-Израиль-Румыния-Турция.\n', 1.47),
	(122129, 'Надаль Р. - Дель Потро Х.М.', NULL, 'Тотал по геймам больше (37.5)', NULL, '\n  Теннис/  Мужчины. US Open.\n', 1.71),
	(122130, 'Лада - Динамо-Синара', NULL, 'ТБ (53.5)', NULL, '\n  Гандбол/  Чемпионат России. Женщины.\n', 1.8),
	(122131, 'Ростов-Дон - Ставрополье-СКФУ', NULL, 'ТБ (59.5)', NULL, '\n  Гандбол/  Чемпионат России. Женщины.\n', 1.78),
	(122132, 'Бельгия - Сербия', NULL, 'ИТБ1 (69.5)', NULL, '\n  Баскетбол/  Мужчины. Чемпионат Европы 2017. Финляндия-Израиль-Румыния-Турция.\n', 1.93),
	(122133, 'Венгрия - Испания', NULL, 'ТМ (155.5)', NULL, '\n  Баскетбол/  Мужчины. Чемпионат Европы 2017. Финляндия-Израиль-Румыния-Турция.\n', 1.59),
	(122134, 'Бельгия - Сербия', NULL, 'ИТБ2 (82.5)', NULL, '\n  Баскетбол/  Мужчины. Чемпионат Европы 2017. Финляндия-Израиль-Румыния-Турция.\n', 1.87),
	(122135, 'Венгрия - Испания', NULL, 'ИТБ2 (87.5)', NULL, '\n  Баскетбол/  Мужчины. Чемпионат Европы 2017. Финляндия-Израиль-Румыния-Турция.\n', 1.87),
	(122136, 'Интер Турку - Ильвес Тампере', NULL, 'Двойной шанс X2', NULL, '\n  Футбол/  Финляндия. Вейккауслига\n', 1.52),
	(122137, 'Ювяскюля - Лахти', NULL, 'П2', NULL, '\n  Футбол/  Финляндия. Вейккауслига\n', 1.58),
	(122138, 'РованиемиПС - ПС Кеми', NULL, 'ТБ (2.5)', NULL, '\n  Футбол/  Финляндия. Вейккауслига\n', 1.82),
	(122139, 'Бенфика - ЦСКА М', NULL, 'П1', NULL, '\n  Футбол/  Лига Чемпионов УЕФА. Групповой этап.\n', 1.72),
	(122140, 'Манчестер Юн - Базель', NULL, 'ФОРА1 (-1.5)', NULL, '\n  Футбол/  Лига Чемпионов УЕФА. Групповой этап.\n', 1.58),
	(122141, 'Селтик - ПСЖ', NULL, 'ФОРА2 (-1.5)', NULL, '\n  Футбол/  Лига Чемпионов УЕФА. Групповой этап.\n', 1.7),
	(122142, 'Челси - Карабах', NULL, 'ФОРА1 (-2.5)', NULL, '\n  Футбол/  Лига Чемпионов УЕФА. Групповой этап.\n', 2),
	(122143, 'Реал М - АПОЭЛ', NULL, 'ФОРА1 (-2.5)', NULL, '\n  Футбол/  Лига Чемпионов УЕФА. Групповой этап.\n', 1.43),
	(122144, 'Венгрия - Испания', NULL, 'ФОРА2 (-17.5)', NULL, '\n  Баскетбол/  Мужчины. Чемпионат Европы 2017. Финляндия-Израиль-Румыния-Турция.\n', 1.46),
	(122145, 'Бельгия - Сербия', NULL, '4-я четверть П2', NULL, '\n  Баскетбол/  Мужчины. Чемпионат Европы 2017. Финляндия-Израиль-Румыния-Турция.\n', 1.47),
	(122146, 'Венгрия - Испания', NULL, 'ТБ (143.5)', NULL, '\n  Баскетбол/  Чемпионат Европы. Мужчины. 2017. Финальный турнир. Групповой этап. Румыния\n', 1.22),
	(122147, 'Черногория - Румыния', NULL, 'ТБ (143)', NULL, '\n  Баскетбол/  Чемпионат Европы. Мужчины. 2017. Финальный турнир. Групповой этап. Румыния\n', 1.24),
	(122148, 'Бельгия - Сербия', NULL, 'ТБ (144)', NULL, '\n  Баскетбол/  Чемпионат Европы. Мужчины. 2017. Финальный турнир. Групповой этап. Турция\n', 1.22),
	(122149, 'Латвия - Турция', NULL, 'П1 с ОТ', NULL, '\n  Баскетбол/  Мужчины. Чемпионат Европы 2017. Финляндия-Израиль-Румыния-Турция.\n', 1.51),
	(122150, 'Брайан Б./Брайан М. - Лопес Ф./Лопес М.', NULL, 'ФОРА1 по сетам (+1.5)', NULL, '\n  Теннис/  Мужчины. US Open. Пары.\n', 1.24),
	(122151, 'Фрам - Селфосс', NULL, 'ТБ (2)', NULL, '\n  Футбол/  Чемпионат Исландии. 1-й дивизион.\n', 1.29),
	(122152, 'Кефлавик - Гроутта', NULL, 'ТБ (2)', NULL, '\n  Футбол/  Чемпионат Исландии. 1-й дивизион.\n', 1.18),
	(122153, 'Филкир - Троттур Рейкьявик', NULL, 'ТБ (1.5)', NULL, '\n  Футбол/  Чемпионат Исландии. 1-й дивизион.\n', 1.22),
	(122154, 'УГЛ Осасуна - УГЛ Альбасете', NULL, 'ИТБ2 (3.5)', NULL, '\n  Футбол/  Кубок Испании. Статистика.\n', 1.71),
	(122155, 'Осасуна - Альбасете', NULL, 'Обе команды забьют: Да', NULL, '\n  Футбол/  Кубок Испании. 2-й раунд.\n', 2.14),
	(122156, 'Континен Х./Пирс Дж. - Ройер Ж.-Ж./Текау Х.', NULL, 'Тотал по геймам меньше (26.5)', NULL, '\n  Теннис/  Мужчины. US Open. Пары.\n', 1.68),
	(122157, 'Брайан Б./Брайан М. - Лопес Ф./Лопес М.', NULL, 'П2', NULL, '\n  Теннис/  Мужчины. US Open. Пары.\n', 2.65),
	(122158, 'Арарат Москва - Рязань', NULL, 'Двойной шанс 1X', NULL, '\n  Футбол/  Чемпионат России. 2-й дивизион. Центр.\n', 1.21),
	(122159, 'Континен Х./Пирс Дж. - Ройер Ж.-Ж./Текау Х.', NULL, 'ФОРА1 по сетам (+1.5)', NULL, '\n  Теннис/  Мужчины. US Open. Пары.\n', 1.34),
	(122160, 'Эксельсиор - Витесс', NULL, 'ФОРА2 (0)', NULL, '\n  Футбол/  Чемпионат Нидерландов.\n', 1.6),
	(122161, 'Фулхэм - Кардифф Сити', NULL, 'ИТБ2 (1)', NULL, '\n  Футбол/  Чемпионат Англии. Чемпион-лига.\n', 1.8),
	(122162, 'Астон Вилла - Брентфорд', NULL, 'ТБ (2.5)', NULL, '\n  Футбол/  Чемпионат Англии. Чемпион-лига.\n', 1.77),
	(122163, 'Кефлавик - Гроутта', NULL, 'П1', NULL, '\n  Футбол/  Чемпионат Исландии. 1-й дивизион.\n', 1.2),
	(122164, 'Филкир - Троттур Рейкьявик', NULL, 'ФОРА1 (+1.5)', NULL, '\n  Футбол/  Чемпионат Исландии. 1-й дивизион.\n', 1.05),
	(122165, 'Алькоркон - Леонеса', NULL, 'ФОРА1 (+1.5)', NULL, '\n  Футбол/  Кубок Испании. 2-й раунд.\n', 1.07),
	(122166, 'Интер Турку - Ильвес', NULL, 'ФОРА1 (+1.5)', NULL, '\n  Футбол/  Чемпионат Финляндии.\n', 1.1),
	(122167, 'Лландидно Таун ФК - Престатин Таун', NULL, 'ФОРА1 (+1.5)', NULL, '\n  Футбол/  Чемпионат Уэльса.\n', 1.04),
	(122168, 'Бельгия - Сербия', NULL, 'ИТБ2 (82.5)', NULL, '\n  Баскетбол/  Мужчины. Чемпионат Европы 2017. Финляндия-Израиль-Румыния-Турция.\n', 1.87),
	(122169, 'Венгрия - Испания', NULL, 'ИТБ2 (86.5)', NULL, '\n  Баскетбол/  Мужчины. Чемпионат Европы 2017. Финляндия-Израиль-Румыния-Турция.\n', 1.82),
	(122170, 'Киз М. - Вандевеге К.', NULL, 'Тотал по геймам больше (20.5)', NULL, '\n  Теннис/  Женщины. US Open.\n', 1.6),
	(122171, 'Континен Х./Пирс Дж. - Ройер Ж.-Ж./Текау Х.', NULL, 'П2', NULL, '\n  Теннис/  Мужчины. US Open. Пары.\n', 2.2),
	(122172, 'Ковалик Ж. - Бассо А.', NULL, 'Тотал по геймам больше (20.5)', NULL, '\n  Теннис/  Турнир ATP. Генуя. Италия. Clay.\n', 1.75),
	(122173, 'Латвия - Турция', NULL, 'ТБ (152.5)', NULL, '\n  Баскетбол/  Мужчины. Чемпионат Европы 2017. Финляндия-Израиль-Румыния-Турция.\n', 1.63),
	(122174, 'РоПС - Кеми', NULL, 'П1', NULL, '\n  Футбол/  Чемпионат Финляндии.\n', 1.78),
	(122175, 'Лландидно Таун ФК - Престатин Таун', NULL, 'П1', NULL, '\n  Футбол/  Чемпионат Уэльса.\n', 1.82),
	(122176, 'Кеблавик - Гроутта', NULL, 'П1', NULL, '\n  Футбол/  Исландия. 1-й дивизион\n', 1.2),
	(122177, 'Лэйкнир Рейкьявик - ИР Рейкьявик', NULL, 'ФОРА1 (0)', NULL, '\n  Футбол/  Исландия. 1-й дивизион\n', 1.48),
	(122178, 'Черногория - Румыния', NULL, 'ФОРА2 (+20.5)', NULL, '\n  Баскетбол/  Чемпионат Европы. Мужчины. 2017. Финальный турнир. Групповой этап. Румыния\n', 1.35),
	(122179, 'Латвия - Турция', NULL, 'ФОРА2 (+10.5)', NULL, '\n  Баскетбол/  Чемпионат Европы. Мужчины. 2017. Финальный турнир. Групповой этап. Турция\n', 1.34),
	(122180, 'Брайан Б./Брайан М. - Лопес Ф./Лопес М.', NULL, 'Тотал по геймам больше (23.5)', NULL, '\n  Теннис/  Мужчины. US Open. Пары.\n', 2.15),
	(122181, 'Континен Х./Пирс Дж. - Ройер Ж.-Ж./Текау Х.', NULL, 'П2', NULL, '\n  Теннис/  Мужчины. US Open. Пары.\n', 2.2),
	(122182, 'Виборг - Ольборг', NULL, 'ТБ (0.5)', NULL, '\n  Футбол/  Дания. Кубок. 2-й раунд\n', 1.03),
	(122183, 'Филкир - Тротюр Рейкьявик', NULL, 'Двойной шанс 1X', NULL, '\n  Футбол/  Исландия. 1-й дивизион\n', 1.19),
	(122184, 'Осасуна - Альбасете', NULL, 'ТМ (4.5)', NULL, '\n  Футбол/  Испания. Kубок. 2-й раунд\n', 1.06),
	(122185, 'Машъал - Навбахор', NULL, 'Двойной шанс 1X', NULL, '\n  Футбол/  Узбекистан. ПФЛ\n', 1.24),
	(122186, 'Ювяскюля - Лахти', NULL, 'ФОРА2 (0)', NULL, '\n  Футбол/  Финляндия. Вейккауслига\n', 1.21),
	(122187, 'Параду - Оран', NULL, 'ФОРА2 (1)', NULL, '\n  Футбол/  Чемпионат Алжира.\n', 1.3),
	(122188, 'Хуссейн Дей - УСМ Алжир', NULL, 'Двойной шанс X2', NULL, '\n  Футбол/  Чемпионат Алжира.\n', 1.32),
	(122189, 'Вольфсбург - Ганновер 96', NULL, 'Обе команды забьют: Да', NULL, '\n  Футбол/  Чемпионат Германии. Бундеслига.\n', 1.82),
	(122190, 'Фрайбург - Боруссия Д', NULL, 'ИТБ2 (2)', NULL, '\n  Футбол/  Чемпионат Германии. Бундеслига.\n', 1.75),
	(122191, 'Валенсия - Атлетико М', NULL, 'Обе команды забьют: Да', NULL, '\n  Футбол/  Чемпионат Испании. Примера дивизион.\n', 1.83),
	(122192, 'Северсталь - СКА', NULL, 'ИТБ2 (1.5)', NULL, '\n  Хоккей/  КХЛ. Регулярный чемпионат.\n', 1.14),
	(122193, 'Мец - ПСЖ', NULL, 'П2', NULL, '\n  Футбол/  Чемпионат Франции. Лига 1.\n', 1.11),
	(122194, 'Манчестер Сити - Ливерпуль', NULL, 'Обе команды забьют: Да', NULL, '\n  Футбол/  Чемпионат Англии. Премьер-лига.\n', 1.49),
	(122195, 'Андерсон К. - Каррено-Буста П.', NULL, 'П1', NULL, '\n  Теннис/  Мужчины. US Open.\n', 1.43),
	(122196, 'Надаль Р. - Дель Потро Х.М.', NULL, 'П1', NULL, '\n  Теннис/  Мужчины. US Open.\n', 1.36),
	(122197, 'Алькоркон - Культурал Леонеса', NULL, 'ТМ (2.5)', NULL, '\n  Футбол/  Испания. Kубок. 2-й раунд\n', 1.53),
	(122198, 'Интер Турку - Ильвес Тампере', NULL, 'ТМ (2.5)', NULL, '\n  Футбол/  Финляндия. Вейккауслига\n', 1.75),
	(122199, 'Бельгия - Сербия', NULL, 'ФОРА2 (-11.5)', NULL, '\n  Баскетбол/  Чемпионат Европы. Мужчины. 2017. Финальный турнир. Групповой этап. Турция\n', 1.62),
	(122200, 'Венгрия - Испания', NULL, 'ФОРА2 (-20)', NULL, '\n  Баскетбол/  Чемпионат Европы. Мужчины. 2017. Финальный турнир. Групповой этап. Румыния\n', 1.6),
	(122201, 'Кефлавик - Гроутта', NULL, 'Обе команды забьют: Да', NULL, '\n  Футбол/  Чемпионат Исландии. 1-й дивизион.\n', 1.85),
	(122202, 'Чикаго В.С. - Кливленд', NULL, 'ИТБ2 (4.5)', NULL, '\n  Бейсбол/  MLB. Регулярный чемпионат.\n', 1.76),
	(122203, 'РоПС - Кеми', NULL, 'ТБ (2.5)', NULL, '\n  Футбол/  Чемпионат Финляндии.\n', 1.78),
	(122204, 'Киз М. - Вандевеге К.', NULL, 'П1', NULL, '\n  Теннис/  Женщины. US Open.\n', 1.68),
	(122205, 'Бельгия - Сербия', NULL, 'ФОРА2 (-13.5)', NULL, '\n  Баскетбол/  Мужчины. Чемпионат Европы 2017. Финляндия-Израиль-Румыния-Турция.\n', 1.95),
	(122206, 'Венгрия - Испания', NULL, 'ИТБ1 (65.5)', NULL, '\n  Баскетбол/  Мужчины. Чемпионат Европы 2017. Финляндия-Израиль-Румыния-Турция.\n', 1.95),
	(122207, 'Алькоркон - Леонеса', NULL, 'Двойной шанс 1X', NULL, '\n  Футбол/  Кубок Испании. 2-й раунд.\n', 1.28),
	(122208, 'Осасуна - Альбасете', NULL, 'ТБ (1.5)', NULL, '\n  Футбол/  Кубок Испании. 2-й раунд.\n', 1.41),
	(122209, 'Интер Турку - Ильвес', NULL, 'ФОРА2 (1.5)', NULL, '\n  Футбол/  Чемпионат Финляндии.\n', 1.19),
	(122210, 'Леганес - Хетафе', NULL, 'ФОРА1 (0)', NULL, '\n  Футбол/  Чемпионат Испании. Примера дивизион.\n', 1.47),
	(122211, 'Амкар - ЦСКА М', NULL, '1-й тайм ТМ (1)', NULL, '\n  Футбол/  Чемпионат России. Премьер-лига.\n', 1.59),
	(122212, 'Мец - ПСЖ', NULL, 'ТБ (3)', NULL, '\n  Футбол/  Чемпионат Франции. Лига 1.\n', 1.41),
	(122213, 'Гамбург - Лейпциг', NULL, 'ТБ (2)', NULL, '\n  Футбол/  Чемпионат Германии. Бундеслига.\n', 1.43),
	(122214, 'Амкар - ЦСКА М', NULL, 'ТМ (2.5)', NULL, '\n  Футбол/  Чемпионат России. Премьер-лига.\n', 1.54),
	(122215, 'Витебск - Неман', NULL, 'П2', NULL, '\n  Хоккей/  Чемпионат Беларуси. Экстралига.\n', 1.07),
	(122216, 'Металлург Жл - Могилёв', NULL, 'П1', NULL, '\n  Хоккей/  Чемпионат Беларуси. Экстралига.\n', 1.13),
	(122217, 'Амкар - ЦСКА М', NULL, 'ТМ (2.5)', NULL, '\n  Футбол/  Чемпионат России. Премьер-лига.\n', 1.54),
	(122218, 'ФК Ростов - Арсенал Тула', NULL, 'П1', NULL, '\n  Футбол/  Чемпионат России. Премьер-лига.\n', 1.57),
	(122219, 'Динамо М - Зенит', NULL, 'ФОРА2 (0)', NULL, '\n  Футбол/  Чемпионат России. Премьер-лига.\n', 1.3),
	(122220, 'Лада - Динамо-Синара', NULL, 'ФОРА2 (12.5)', NULL, '\n  Гандбол/  Чемпионат России. Женщины.\n', 1.89),
	(122221, 'Пенанг ФА - Сайм Дэрби', NULL, 'ТБ (3.5)', NULL, '\n  Футбол/  Товарищеские матчи.\n', 2.2),
	(122222, 'Шейх Рассел - Мохаммедан Дакка', NULL, 'П1', NULL, '\n  Футбол/  Чемпионат Бангладеш.\n', 2.37),
	(122223, 'Лландидно Таун ФК - Престатин Таун', NULL, 'П1', NULL, '\n  Футбол/  Чемпионат Уэльса.\n', 1.82),
	(122224, 'РоПС - Кеми', NULL, 'П1', NULL, '\n  Футбол/  Чемпионат Финляндии.\n', 1.78);
/*!40000 ALTER TABLE `ivents` ENABLE KEYS */;

-- Дамп структуры для таблица bma_data.questions
CREATE TABLE IF NOT EXISTS `questions` (
  `ID` bigint(255) NOT NULL AUTO_INCREMENT,
  `question` varchar(2000) NOT NULL,
  `answer` varchar(5000) DEFAULT NULL,
  PRIMARY KEY (`ID`)
) ENGINE=InnoDB AUTO_INCREMENT=11 DEFAULT CHARSET=utf8;

-- Дамп данных таблицы bma_data.questions: ~16 rows (приблизительно)
/*!40000 ALTER TABLE `questions` DISABLE KEYS */;
INSERT INTO `questions` (`ID`, `question`, `answer`) VALUES
	(1, 'Как выбрать букмекера?', 'Подробное <a href="#">описание и рейтинг букмекеров</a> - составлено на основе оценки по четырем основным показателям: надежность, \r\nлиния, удобству работы и бонусы. Все баллы детализированы в описаниях. Только разрешенные в РФ сайты букмекерских контор.'),
	(2, 'Как зарегистрироваться?', '<center>Пример регистрации в <a rel="nofollow" target="_blank" href="http://refparer.xyz/L?tag=s_44335m_355c_&site=44335&ad=355">1xBET</a> по номеру телефона.</center>\r\n<br>\r\n1) Переходим на сайт <a rel="nofollow" target="_blank" href="http://refparer.xyz/L?tag=s_44335m_355c_&site=44335&ad=355">1xBET</a>, в правом верхнем угла кнопка "регистрация".<br><br>\r\n2) В появившемся окошке выбираем "по номеру телефона" и указываем свой номер мобильного телефона, и жмем "Зарегистрироваться".<br><br>\r\n<img src="bootstrap/img/registration/registration-by-phone.jpg" width="50%" alt="Форма регистрации по номеру телефона">  \r\n<br><br>\r\n3) Данные с вашим логином и паролем отправлены SMS сообщением:<br><br>\r\nИнформацию для регистрации в конкретной букмекерской конторе Вы сможете найти в подробном <a href="#">описании букмекеров</a>  '),
	(3, 'Как пополнить счет с банковской карты?', '<center>На примере поплнения счета в <a rel="nofollow" target="_blank" href="http://refparer.xyz/L?tag=s_44335m_355c_&site=44335&ad=355">1xBET</a>.</center>\r\n<br>\r\n1) Для того, чтобы пополнить счёт с помощью банковской карты Вам необходимо зайти на\r\nстраницу пополнения счёта нажав на кнопку «Пополнить» в верхней правой части страницы.\r\n<br><br>\r\n2) В зависимости от типа Вашей карты выберите нужную иконку.\r\n<br><br>\r\n3) Укажите сумму, и email. \r\n<br><br>\r\n<img src="bootstrap/img/bankCard/card-form.jpg" width="35%" alt="Форма для заполнения суммы пополнения и email">\r\n<br><br>\r\n4) Далее Вы будете перенаправлены на платёжную страницу, где Вам нужно\r\nбудет заполнить данные с карты. \r\n<br><br>\r\n<img src="bootstrap/img/bankCard/card-data.jpg" width="50%" alt="Форма для заполнения данных карты">\r\n<br><br>\r\n5) Жмем, "Pay Now". Вскоре Ваш счёт будет пополнен.\r\n\r\n'),
	(4, 'Как пополнить счет с интернет кошелька?', '<center>На примере поплнения счета в <a rel="nofollow" target="_blank" href="http://refparer.xyz/L?tag=s_44335m_355c_&site=44335&ad=355">1xBET</a>.</center>\r\n<br>\r\n1) Для того, чтобы пополнить счёт с кошелька Qiwi, Вам необходимо зайти на страницу\r\nпополнения счёта, нажав на кнопку «Пополнить» в верхней правой части страницы.\r\n<br><br>\r\n2) Выбрать иконку Qiwi, ввести желаемую сумму пополнения, номер телефона и нажать\r\n«Пополнить».\r\n<br><br>\r\n<img src="bootstrap/img/qiwi/qiwi-form.jpg" width="35%" alt="QIWI форма для заполнения суммы пополнения и номера телефона">\r\n<br><br>\r\n3) Подтвердить платёж.\r\n<br><br>\r\n<img src="bootstrap/img/qiwi/qiwi-amount-confirm.jpg" width="35%" alt="Подтверждение суммы платежа">\r\n<br><br>\r\n4) Далее Вы будете перенаправлены на сайт Qiwi, где нужно будет подтвердить оплату кодом,\r\nкоторый придёт на телефон, привязанный к Вашему кошельку. Вскоре Ваш счёт будет пополнен.\r\n<br><br>\r\n<img src="bootstrap/img/qiwi/qiwi-confirm-by-phone.jpg" width="50%" height = "30%" alt="Подтверждение транзакции кодом из SMS">\r\n\r\n'),
	(5, 'Как пополнить счет мобильным платежём?', '<center>На примере поплнения счета в <a rel="nofollow" target="_blank" href="http://refparer.xyz/L?tag=s_44335m_355c_&site=44335&ad=355">1xBET</a>.</center>\r\n<br>\r\n1) Для того, чтобы пополнить счёт с помощью мобильного телефона, Вам необходимо зайти\r\nна страницу пополнения счёта, нажав на кнопку «Пополнить» в верхней правой части страницы.\r\n<br><br>\r\n2) Далее, в зависимости от Вашего мобильного оператора, нужно выбрать иконку.\r\n<br><br>\r\n<img src="bootstrap/img/mobile/operator-select.jpg" width="50%" alt="Выбор оператора">\r\n<br><br>\r\n3) Ввести желаемую сумму пополнения, номер телефона и нажать «Подтвердить»\r\n<br><br>\r\n<img src="bootstrap/img/mobile/operator-form.jpg" width="50%" alt="Форма для заполнения суммы пополнения и номера телефона">\r\n<br><br>\r\n4) На ваш номер телефона поступит сообщение, где нужно будет подтвердить списание\r\nсредств со счёта мобильного. Вскоре ваш счет будет пополнен.\r\n<br><br>\r\n<img src="bootstrap/img/mobile/SMS.jpg" width="65%" alt="Подтверждение транзакции по SMS">\r\n'),
	(6, 'Как сделать ставку?', '<center>На примере ставки в <a rel="nofollow" target="_blank" href="http://refparer.xyz/L?tag=s_44335m_355c_&site=44335&ad=355">1xBET</a>.</center>\r\n<br>\r\n1) Чтобы сделать ставку, Вам необходимо зайти\r\nна главную страницу <a rel="nofollow" target="_blank" href="http://refparer.xyz/L?tag=s_44335m_355c_&site=44335&ad=355">1xBET</a>, войти в свой аккаунт. Далее 4 простых шага:<br><br>\r\n- Выбираем в меню слева интересующий вид спорта и чемпионат.<br> \r\n- Выбираем отдельное событие, например Манчестер Юнайтед - Лестер.<br> - Выбираем на что ставим.<br>\r\n- Справа можно увидеть информацию по ставке. Вводим там сумму и нажимаем кнопку "Сделать ставку".\r\n<br><br>\r\n<img src="bootstrap/img/bet/bet.jpg" width="100%" alt="Создание и подтверждение ставки">\r\n<br><br>\r\n3) Видим следующее сообщение с информацией о Вашей ставке. \r\n<br><br>\r\n<img src="bootstrap/img/bet/bet-info.jpg" width="35%" alt="Купон с информацией о сделанной ставке">\r\n<br><br>\r\n '),
	(7, 'Как узнать результат ставки?', '<center>На примере в <a rel="nofollow" target="_blank" href="http://refparer.xyz/L?tag=s_44335m_355c_&site=44335&ad=355">1xBET</a>.</center>\r\n<br>\r\n1) Чтобы узнать результат, Вам необходимо зайти\r\nна главную страницу <a rel="nofollow" target="_blank" href="http://refparer.xyz/L?tag=s_44335m_355c_&site=44335&ad=355">1xBET</a>, войти в свой аккаунт. Далее в верху справа выбираем личный кабинет и история ставок.\r\nПосле окончания события, там будет отображаться результат вашей ставки. \r\n<br><br>\r\n<img src="bootstrap/img/betResult/bet-result.jpg" width="100%" alt="Исход ставки">\r\n<br><br>\r\n'),
	(8, 'Как снять деньги?', '<center>На примере вывода на карту в <a rel="nofollow" target="_blank" href="http://refparer.xyz/L?tag=s_44335m_355c_&site=44335&ad=355">1xBET</a>.</center>\r\n<br>\r\n1) Для того, чтобы вывести деньги на банковскую карту Вам необходимо войти в свой аккаунт на <a rel="nofollow" target="_blank" href="http://refparer.xyz/L?tag=s_44335m_355c_&site=44335&ad=355">1xBET</a>. Вверху слева выбираем личный кабинет и вывести со счета. Далее выбираем свою карту и заполняем данные на форме. \r\n<br><br>\r\n<img src="bootstrap/img/out/card-form.jpg" width="100%" alt="Форма вывода средств на карту">\r\n<br><br>\r\n2) Жмем "Подтвердить". Вскоре Ваши деньги придут на Вашу карту. '),
	(9, 'Основные термины, используемые букмекерскими конторами.', '<ul>\r\n<li><b>Ставка</b> – деньги, с помощью которых вы заключаете пари на какое-либо событие, на которое букмекерской конторой выставлен коэффициент.</li>\r\n<li><b>Коэффициент</b> – числовое измерение вероятности наступления события, его выставляют букмекеры. Как правило, он бывает дробным и десятичным – этот вид более привычный и понятный нам.</li>\r\n<li><b>Исход</b> – результат события, который рассчитан букмекерской конторой.</li>\r\n<li><b>Выигрыш</b> – та сумма, которая начисляется на ваш счет в букмекерской конторе в случае, если ваша ставка оказалась верной, т.е. событие, на которое вы заключили пари,  произошло.</li>\r\n<li><b>Проигрыш</b> – та сумма, которую вы теряете  если  ваша ставка оказалась неверной, т.е. событие, на которое вы заключили пари,  не произошло.</li>\r\n<li><b>Ординар</b> – одиночная ставка, т.е. ставка на одно событие.  В случае выигрыша, ставка рассчитывается как произведение суммы вашей ставки на предложенный коэффициент. \r\nНапример, вы поставили 2 доллара на событие, оцененное букмекером коэффициентом 1,9. В случае выигрыша, сумма, на которую пополнится ваш счет будет 3,8 доллара, \r\nчистая прибыль 3,8 – 2 (сумма ставки)= 1,8 доллара.</li>\r\n<li><b>Экспресс</b> –  комбинирование одиночных ставок – ординаров на исходы нескольких событий. Для экспресса  можно выбрать любые события, которые не зависят друг от друга. \r\nКоэффициент по экспрессу будет равен произведению коэффициентов на те события, которые вы выбрали. Для выигрыша по экспрессу необходимо чтобы все входящие в него события были не проиграны \r\n(т.е. если по какому-то событию будет возврат с коэффициентом 1, то это будет считаться выигрышем). Если хотя бы 1 из событий, объединенных в экспресс, проиграет, то весь экспресс \r\nсчитается проигранным.</li>\r\n<li><b>Мультиставка</b> – это система ставок, состоящая из экспрессов и ординаров, которые клиент собирает в одном купоне в оптимальной для себя комбинации.\r\n<li><b>Условная ставка</b> – это ставка, состоящая из набора независимых друг от друга экспрессов или ординаров. Получить выигрыш клиент может как с одного события в условной ставке, так и со всех событий.\r\n<li><b>Антиэкспресс</b> – это противоположность экспрессу, то есть игрок собирает экспресс и получает выигрыш в том случае, если хотя бы одно событие в экспрессе проигрывает.\r\n<li><b>Лаки</b> – это специальный вид ставок, в котором игрок выбирает три и более события и может выиграть во всех возможных видах экспрессов и ординаров на эти события.\r\n<li><b>Патент</b> – это специальный вид ставок – совокупность всех возможных экспрессов из нескольких событий.\r\n<li><b>Линия букмекерской конторы</b> – это список оценок (котировок) спортивных событий. Каждому игроку важно понимать, что эти оценки выставляются на основе различных \r\nпараметров, но ни в коем случае не известно как пойдет дело в реальной встрече в реальном времени, нередки случаи когда проигрывают заведомо \r\nболее сильные и мастеровитые спортсмены.</li>\r\n<li><b>Маржа</b> букмекерской конторы – прибыль, закладываемая букмекером в предлагаемые коэффициенты. Например, William’s Hill, выставляя в футбольном\r\nматче на событие четное/нечетное количество голов  коэффициенты 1,91/1,91 в каждый коэффициент закладывает свою маржу 4,5%.</li>\r\n</ul>'),
	(10, 'Основные варианты исходов ставок и их обозначения.', '<ul>\r\n<li><b>1</b> – победа первой команды.</li>\r\n<li><b>Х</b> – ничья.</li>\r\n<li><b>2</b> – победа второй команды.</li>\r\n<li><b>1Х</b> – победа первой команды или ничья.</li>\r\n<li><b>Х2</b> – победа второй команды или ничья.</li>\r\n<li><b>12</b> – победа 1 или 2 команды, если будет ничья, то ставка проиграна.</li>\r\n<li><b>Ф1</b> – фора относится только к голам первой команды.</li>\r\n<li><b>Ф2</b> – фора относится только к голам второй команды.</li>\r\n<li><b>Тб 2,5</b> — тотал забитых голов в матче больше 2,5 голов.</li>\r\n<li><b>Тм 3</b> - тотал забитых голов в матче меньше 3 голов.</li>\r\n<li><b>Итб1 (1,5)</b> - индивидуальный тотал, означающий общее количество забитых голов первой командой больше величины, указанной в скобках (в нашем примере — больше 1,5).</li>\r\n<li><b>Итм2 (2,5)</b> — индивидуальный тотал, означающий общее количество забитых голов второй командой (в нашем примере — меньше 2,5).</li>\r\n<li><b>Расчет ставки с форой (гандикапом).</b> После обозначения форы Ф и указания на кого (1или2) идет указание того, какая фора. Она может быть со знаками «+» или «-». «+» означает, \r\nчто следующее за ним число надо прибавить к счету со стороны той команды, на которую стоит фора, «-» соответственно отнять эту фору. Например, возьмем выдуманный матч Зенит — Волга.\r\nФ1 (-1,5) – ставка на то, что 1-я команда (в данном случае, Зенит) выиграет с разницей 2 и больше мячей. Т.е. допустим, что итоговый результат  3:1, то мы от мячей первой команды (от 3) \r\nвычитаем 1,5, получаем счет 1,5:1 – по нему первая команда выигрывает, значит и ваша ставка тоже выигрывает. Аналогично счет 2:0, 3:0, 4:2 и т.д. для этой ставки нас устраивает. \r\nАналогично если бы у нас была ставка Ф2 (+1,5) , то к голам второй команды вам надо будет прибавить 1,5, если полученный результат будет верным (в  нашем примере подошел бы счет, например, 2:1), \r\nто и ваша ставка будет выигрышной. Таким образом, в данном примере, ставки Ф1(-1,5) и Ф2(+1,5) – идентичны.</li>\r\n<li><b>Азиатская фора (азиатский гандикап).</b> Фора, кратная 0,25. Принимая такую ставку, фактически букмекер принимает 2 ставки, например Ф (+1,25) разбивается на Ф (+1)и Ф (+1,5),\r\nсоответственно, на каждую из фор идет половина суммы ставки. Результатом может быть выигрыш/ проигрыш по обеим ставкам, а также можно одну ставку выиграть, а по другой получить возврат.</li>\r\n<li><b>Тотал (от английского total – общий, суммарный)</b> – общее за матч количество забитых голов, шайб и т.п.  У каждой букмекерской конторы свои правила подсчета тоталов – в некоторых \r\nсчитается только голы (шайбы и т.п.), забитые в основное время, в некоторых учитывается все, что было забито и в добавленное время. При подсчете количества голов в футбольных матчах счет \r\n0:0 считается четным.</li>\r\n</ul>');
/*!40000 ALTER TABLE `questions` ENABLE KEYS */;

-- Дамп структуры для таблица bma_data.users
CREATE TABLE IF NOT EXISTS `users` (
  `ID` bigint(100) NOT NULL AUTO_INCREMENT,
  `LOGIN` varchar(50) NOT NULL,
  `PASSWORD` varchar(50) NOT NULL,
  PRIMARY KEY (`ID`)
) ENGINE=InnoDB AUTO_INCREMENT=2 DEFAULT CHARSET=utf8;

-- Дамп данных таблицы bma_data.users: ~1 rows (приблизительно)
/*!40000 ALTER TABLE `users` DISABLE KEYS */;
INSERT INTO `users` (`ID`, `LOGIN`, `PASSWORD`) VALUES
	(1, 'Admin', '123123');
/*!40000 ALTER TABLE `users` ENABLE KEYS */;

/*!40101 SET SQL_MODE=IFNULL(@OLD_SQL_MODE, '') */;
/*!40014 SET FOREIGN_KEY_CHECKS=IF(@OLD_FOREIGN_KEY_CHECKS IS NULL, 1, @OLD_FOREIGN_KEY_CHECKS) */;
/*!40101 SET CHARACTER_SET_CLIENT=@OLD_CHARACTER_SET_CLIENT */;
