-- --------------------------------------------------------
-- Хост:                         18.220.86.224
-- Версия сервера:               5.7.19 - MySQL Community Server (GPL)
-- Операционная система:         Linux
-- HeidiSQL Версия:              9.4.0.5125
-- --------------------------------------------------------

/*!40101 SET @OLD_CHARACTER_SET_CLIENT=@@CHARACTER_SET_CLIENT */;
/*!40101 SET NAMES utf8 */;
/*!50503 SET NAMES utf8mb4 */;
/*!40014 SET @OLD_FOREIGN_KEY_CHECKS=@@FOREIGN_KEY_CHECKS, FOREIGN_KEY_CHECKS=0 */;
/*!40101 SET @OLD_SQL_MODE=@@SQL_MODE, SQL_MODE='NO_AUTO_VALUE_ON_ZERO' */;


-- Дамп структуры базы данных bma_data
CREATE DATABASE IF NOT EXISTS `bma_data` /*!40100 DEFAULT CHARACTER SET utf8 */;
USE `bma_data`;

-- Дамп структуры для таблица bma_data.BOOKMAKERS
CREATE TABLE IF NOT EXISTS `BOOKMAKERS` (
  `ID` bigint(20) NOT NULL AUTO_INCREMENT,
  `NAME` varchar(100) NOT NULL,
  `LINK` varchar(250) DEFAULT NULL,
  `IMAGE` varchar(250) DEFAULT NULL,
  PRIMARY KEY (`ID`)
) ENGINE=InnoDB AUTO_INCREMENT=8 DEFAULT CHARSET=utf8;

-- Дамп данных таблицы bma_data.BOOKMAKERS: ~6 rows (приблизительно)
/*!40000 ALTER TABLE `BOOKMAKERS` DISABLE KEYS */;
INSERT INTO `BOOKMAKERS` (`ID`, `NAME`, `LINK`, `IMAGE`) VALUES
	(1, '1xBET', 'https://www.1xbet.com/', 'https://www.1xbet.com/xbet/img/logo.png'),
	(2, 'PariMatch', 'https://www.parimatch.com/', 'https://bookmaker-ratings.ru/wp-content/uploads/2014/12/parimatch-logo-156-1.png'),
	(3, 'Winline', 'https://winline.ru/', 'https://winline.ru/assets/img/logo-header.png'),
	(4, 'Лига Ставок', 'https://www.ligastavok.ru', 'https://bookmaker-ratings.ru/wp-content/uploads/2016/07/LigaStavok_RB.png'),
	(5, 'ФОНБЕТ', 'https://www.fonbet.ru', 'https://bookmaker-ratings.ru/wp-content/uploads/2016/12/FC3F2D60B0FB6DD747C4780868B9EC8FA50A04C74440A28442-pimgpsh_fullsize_distr.png'),
	(6, 'LEON', 'https://www.leon.ru', 'https://bookmaker-ratings.ru/wp-content/uploads/2016/10/leon_ru_dark.png');
/*!40000 ALTER TABLE `BOOKMAKERS` ENABLE KEYS */;

-- Дамп структуры для таблица bma_data.EXPRESSES
CREATE TABLE IF NOT EXISTS `EXPRESSES` (
  `ID` bigint(255) NOT NULL AUTO_INCREMENT,
  `NAME` varchar(200) DEFAULT NULL,
  `DATE` date NOT NULL,
  `SOURCE` varchar(200) DEFAULT NULL,
  `DESCRIPTION` varchar(10000) DEFAULT NULL,
  PRIMARY KEY (`ID`)
) ENGINE=InnoDB AUTO_INCREMENT=42091 DEFAULT CHARSET=utf8;

-- Дамп данных таблицы bma_data.EXPRESSES: ~60 rows (приблизительно)
/*!40000 ALTER TABLE `EXPRESSES` DISABLE KEYS */;
INSERT INTO `EXPRESSES` (`ID`, `NAME`, `DATE`, `SOURCE`, `DESCRIPTION`) VALUES
	(44, 'MY_EXPRESS', '2017-08-21', NULL, '<br>Горожане открывают сезон домашних матчей противостоянием с неуступчивым Эвертоном. Ириски обязательно навяжут серьезное сопротивление но класс игроков Манчестер Сити и поддержка заполненных трибун помогут хозяевам одержать победу.'),
	(1694, 'MY_EXPRESS', '2017-08-22', NULL, '<br>1) Без удалённых в первом матче Плеа и Козиелло шансов у хозяев 0,а учитывая как убого Ницца обороняется против серьезного нападения и хорошую форму Наполи уверен 2 своих хозяева пропустят и сегодня.<br>\r\n2) В гостях Зенит выглядел неважно. Парни из Питера наверняка соберуться дома, чтобы показать свой лучший футбол. Утрехт же вероятнее всего попробует удерживать преимущество, в 1 мяч, которого не хватит.<br>\r\n3) Дома Авангард явный фаворит встречи. В последний раз ребята раскатали 9-3 Авангард уничтожил Динамо, не вижу причин почему бы им не повторить это сегодня.  '),
	(6719, 'MY_EXPRESS', '2017-08-23', NULL, '&#1061;&#1086;&#1095;&#1077;&#1090;&#1089;&#1103; &#1077;&#1097;&#1077; &#1080; &#1101;&#1082;&#1089;&#1087;&#1088;&#1077;&#1089;&#1089; &#1074;&#1079;&#1103;&#1090;&#1100;, &#1076;&#1091;&#1084;&#1072;&#1102; &#1073;&#1086;&#1083;&#1100;&#1096;&#1077; &#1096;&#1077;&#1089;&#1090;&#1080; &#1096;&#1072;&#1081;&#1073; &#1085;&#1077; &#1076;&#1086;&#1083;&#1078;&#1085;&#1099; &#1079;&#1072;&#1073;&#1099;&#1074;&#1072;&#1090;&#1100;, &#1085;&#1086; &#1042;&#1080;&#1090;&#1103;&#1079;&#1100; &#1085;&#1077;&#1087;&#1083;&#1086;&#1093;&#1086; &#1087;&#1086;&#1082;&#1072;&#1079;&#1072;&#1083; &#1089;&#1077;&#1073;&#1103; &#1074; &#1087;&#1088;&#1086;&#1096;&#1083;&#1086;&#1084; &#1089;&#1077;&#1079;&#1086;&#1085;&#1077;, &#1087;&#1086;&#1089;&#1084;&#1086;&#1090;&#1088;&#1080;&#1084; &#1095;&#1090;&#1086; &#1073;&#1091;&#1076;&#1077;&#1090; &#1074; &#1101;&#1090;&#1086;&#1084;. &#1062;&#1057;&#1050;&#1040; &#1087;&#1088;&#1086;&#1080;&#1075;&#1088;&#1072;&#1083; &#1087;&#1077;&#1088;&#1074;&#1091;&#1102; &#1074;&#1089;&#1090;&#1088;&#1077;&#1095;&#1091;, &#1085;&#1086; &#1101;&#1090;&#1086; &#1073;&#1099;&#1083; &#1095;&#1077;&#1084;&#1087;&#1080;&#1086;&#1085; &#1082;&#1072;&#1082; &#1085;&#1080;&#1082;&#1072;&#1082;, &#1084;&#1085;&#1086;&#1075;&#1086; &#1051;&#1086;&#1082;&#1086;&#1084;&#1086;&#1090;&#1080;&#1074;&#1091; &#1085;&#1077; &#1079;&#1072;&#1073;&#1100;&#1077;&#1096;&#1100;, &#1082;&#1086;&#1084;&#1072;&#1085;&#1076;&#1072; &#1085;&#1077;&#1087;&#1083;&#1086;&#1093;&#1086; &#1080;&#1075;&#1088;&#1072;&#1077;&#1090; &#1074; &#1086;&#1073;&#1086;&#1088;&#1086;&#1085;&#1077;,&#1085;&#1086; &#1075;&#1086;&#1089;&#1090;&#1080; &#1087;&#1086;&#1082;&#1072;&#1079;&#1099;&#1074;&#1072;&#1102;&#1090; &#1090;&#1086;&#1090;&#1072;&#1083;&#1100;&#1085;&#1099;&#1081; &#1093;&#1086;&#1082;&#1082;&#1077;&#1081;. &#1059;&#1078; &#1085;&#1077; &#1074;&#1077;&#1088;&#1080;&#1090;&#1089;&#1103;, &#1095;&#1090;&#1086; &#1057;&#1083;&#1086;&#1074;&#1072;&#1085; &#1077;&#1076;&#1077;&#1090; &#1087;&#1088;&#1086;&#1089;&#1090;&#1086; &#1090;&#1072;&#1082;,&#1075;&#1086;&#1089;&#1090;&#1080; &#1079;&#1085;&#1072;&#1102;&#1090; &#1082;&#1091;&#1076;&#1072; &#1080; &#1089; &#1082;&#1077;&#1084; &#1080;&#1084; &#1087;&#1088;&#1080;&#1076;&#1077;&#1090;&#1089;&#1103; &#1074;&#1089;&#1090;&#1088;&#1077;&#1090;&#1080;&#1090;&#1100;&#1089;&#1103;)&#1086;&#1076;&#1085;&#1091; &#1096;&#1072;&#1081;&#1073;&#1091; &#1076;&#1091;&#1084;&#1072;&#1102;&#1090; &#1086;&#1089;&#1080;&#1083;&#1080;&#1090;,&#1093;&#1086;&#1090;&#1103; &#1074;&#1087;&#1086;&#1083;&#1085;&#1077; &#1084;&#1086;&#1078;&#1077;&#1090; &#1073;&#1099;&#1090;&#1100; &#1080; &#1087;&#1086;&#1073;&#1077;&#1076;&#1072;.'),
	(30675, 'MY_EXPRESS', '2017-08-24', NULL, '<br>1) Зенит откровенно удивил в первом матче и счетом и игрой. Команды такого уровня должна играть в лиге чемпионов, а уж в \r\nлиге европы и подавно. Не выход в следущую стадию будет мега провалом как для клуба так и для именитого тренера так что побеждать обязаны.\r\n<br>2) Омск принимает у себя одну из самых слабых команд лиги. Должны побеждать в основное время без проблем.'),
	(34508, 'MY_EXPRESS', '2017-08-25', NULL, '&#1055;&#1088;&#1080;&#1074;&#1077;&#1090; &#1074;&#1089;&#1077;&#1084;. &#1050;&#1086;&#1085;&#1090;&#1080;&#1085;&#1077;&#1085;&#1090;&#1072;&#1083;&#1100;&#1085;&#1072;&#1103; &#1061;&#1086;&#1082;&#1082;&#1077;&#1080;&#1085;&#1072;&#1103; &#1051;&#1080;&#1075;&#1072;. &#1051;&#1072;&#1076;&#1072; - &#1040;&#1074;&#1090;&#1086;&#1084;&#1086;&#1073;&#1080;&#1083;&#1080;&#1089;&#1090;. &#1040;&#1074;&#1090;&#1086; &#1087;&#1086;&#1082;&#1072;&#1079;&#1099;&#1074;&#1072;&#1077;&#1090; &#1085;&#1077; &#1087;&#1083;&#1086;&#1093;&#1086;&#1081; &#1088;&#1077;&#1079;&#1091;&#1083;&#1100;&#1090;&#1072;&#1090;. &#1063;&#1090;&#1086; &#1074; &#1087;&#1088;&#1077;&#1076;&#1089;&#1077;&#1079;&#1086;&#1085;&#1082;&#1077; &#1063;&#1090;&#1086; &#1074; &#1085;&#1072;&#1095;&#1072;&#1083;&#1077; &#1050;&#1061;&#1051;. &#1054;&#1073;&#1099;&#1075;&#1088;&#1072;&#1083;&#1080; &#1052;&#1072;&#1075;&#1085;&#1080;&#1090;&#1086;&#1075;&#1086;&#1088;&#1089;&#1082; &#1089; &#1087;&#1088;&#1080;&#1083;&#1080;&#1095;&#1085;&#1099;&#1084; &#1089;&#1095;&#1105;&#1090;&#1086;&#1084; 2-5. &#1057;&#1082;&#1088;&#1086;&#1084;&#1085;&#1099;&#1081; &#1090;&#1086;&#1090;&#1072;&#1083; &#1085;&#1072;&#1076;&#1077;&#1102;&#1089;&#1100; &#1079;&#1072;&#1081;&#1076;&#1077;&#1090; &#1087;&#1088;&#1086;&#1090;&#1080;&#1074; &#1051;&#1072;&#1076;&#1099;. &#1042;&#1080;&#1090;&#1103;&#1079;&#1080; &#1074;&#1082;&#1072;&#1090;&#1080;&#1083;&#1080; &#1090;&#1088;&#1080; &#1073;&#1072;&#1085;&#1082;&#1080; &#1044;&#1080;&#1085;&#1072;&#1084;&#1086; &#1087;&#1088;&#1095;&#1077;&#1084; &#1052;&#1089;&#1082;. &#1053;&#1077; &#1086;&#1078;&#1080;&#1076;&#1072;&#1083; &#1089;&#1090;&#1086;&#1083;&#1100;&#1082;&#1086;. &#1057;&#1086;&#1086;&#1090;&#1074;&#1077;&#1090;&#1089;&#1090;&#1074;&#1077;&#1085;&#1085;&#1086; &#1090;&#1086;&#1090;&#1072;&#1083; &#1085;&#1086;&#1088;&#1084;&#1072;&#1083;&#1100;&#1085;&#1099;&#1081;. &#1048;&#1085;&#1090;&#1077;&#1088;&#1077;&#1089;&#1085;&#1086; &#1057;&#1050;&#1040; &#1088;&#1072;&#1089;&#1082;&#1072;&#1090;&#1072;&#1077;&#1090; &#1085;&#1080;&#1095;&#1077;&#1081;&#1082;&#1091; &#1089; &#1049;&#1086;&#1082;&#1077;&#1088;&#1080;&#1090;&#1086;&#1084; &#1080;&#1083;&#1080; &#1085;&#1077;&#1090;. &#1040; &#1087;&#1086; &#1076;&#1077;&#1083;&#1091; &#1101;&#1090;&#1086; &#1057;&#1050;&#1040;!'),
	(35421, 'MY_EXPRESS', '2017-08-26', NULL, '&#1050;&#1088;&#1080;&#1089;&#1090;&#1072;&#1083; &#1055;&#1101;&#1083;&#1072;&#1089; &#1085;&#1077;&#1091;&#1074;&#1077;&#1088;&#1077;&#1085;&#1085;&#1086; &#1089;&#1099;&#1075;&#1088;&#1072;&#1083; &#1087;&#1077;&#1088;&#1074;&#1099;&#1077; 2 &#1090;&#1091;&#1088;&#1072;, &#1079;&#1072;&#1090;&#1086; &#1074; &#1087;&#1086;&#1089;&#1083;&#1077;&#1076;&#1085;&#1077;&#1084; &#1084;&#1072;&#1090;&#1095;&#1077; &#1091;&#1076;&#1072;&#1083;&#1086;&#1089;&#1100; &#1088;&#1072;&#1079;&#1084;&#1103;&#1090;&#1100;&#1089;&#1103; &#1089; &#1048;&#1089;&#1087;&#1074;&#1080;&#1095; &#1058;&#1072;&#1091;&#1085; &#1074; &#1082;&#1091;&#1073;&#1082;&#1077; &#1083;&#1080;&#1075;&#1080;, &#1087;&#1086;&#1088;&#1072; &#1080; &#1057;&#1091;&#1086;&#1085;&#1089;&#1080; &#1076;&#1086;&#1084;&#1072; &#1086;&#1076;&#1086;&#1083;&#1077;&#1090;&#1100;, &#1086;&#1085;&#1080; &#1078;&#1077; &#1089;&#1090;&#1072;&#1088;&#1090;&#1086;&#1074;&#1072;&#1083;&#1080; &#1089; &#1087;&#1086;&#1088;&#1072;&#1078;&#1077;&#1085;&#1080;&#1103; &#1086;&#1090; &#1052;&#1072;&#1085;&#1095;&#1077;&#1089;&#1090;&#1077;&#1088;&#1072;(&#1082;&#1088;&#1072;&#1089;&#1085;&#1086;&#1075;&#1086;) &#1080; &#1085;&#1080;&#1095;&#1100;&#1080; &#1089; &#1057;&#1072;&#1091;&#1090;&#1075;&#1077;&#1084;&#1087;&#1090;&#1086;&#1085;&#1086;&#1084;.\r\n&#1044;&#1100;&#1103;&#1074;&#1086;&#1083;&#1099; &#1086;&#1073;&#1103;&#1079;&#1072;&#1090;&#1077;&#1083;&#1100;&#1085;&#1086; &#1079;&#1072;&#1073;&#1100;&#1102;&#1090; &#1076;&#1086;&#1084;&#1072; &#1051;&#1077;&#1089;&#1090;&#1077;&#1088;&#1091; &#1080; &#1087;&#1086;&#1089;&#1090;&#1072;&#1088;&#1072;&#1102;&#1090;&#1089;&#1103; &#1087;&#1086;&#1074;&#1090;&#1086;&#1088;&#1080;&#1090;&#1100; &#1088;&#1077;&#1079;&#1091;&#1083;&#1100;&#1090;&#1072;&#1090; &#1087;&#1088;&#1086;&#1096;&#1083;&#1099;&#1093; &#1090;&#1091;&#1088;&#1086;&#1074;. &#1054;&#1076;&#1085;&#1072;&#1082;&#1086; &#1087;&#1086;&#1088;&#1072; &#1073;&#1099; &#1080; &#1087;&#1088;&#1086;&#1087;&#1091;&#1089;&#1090;&#1080;&#1090;&#1100; &#1093;&#1086;&#1090;&#1100; &#1086;&#1076;&#1080;&#1085; &#1075;&#1086;&#1083;. &#1059; &#1051;&#1077;&#1089;&#1090;&#1077;&#1088;&#1072; &#1077;&#1089;&#1090;&#1100; &#1084;&#1085;&#1086;&#1075;&#1086; &#1087;&#1088;&#1080;&#1095;&#1080;&#1085; &#1087;&#1086; &#1082;&#1086;&#1090;&#1086;&#1088;&#1099;&#1084; &#1074;&#1086;&#1088;&#1086;&#1090;&#1072; &#1052;&#1072;&#1085;&#1095;&#1077;&#1089;&#1090;&#1077;&#1088;&#1072; &#1085;&#1077; &#1086;&#1089;&#1090;&#1072;&#1085;&#1091;&#1090;&#1089;&#1103; &#1089;&#1091;&#1093;&#1080;&#1084;&#1080;. '),
	(37146, 'MY_EXPRESS', '2017-08-27', NULL, '&#1056;&#1077;&#1072;&#1083; &#1087;&#1086; &#1087;&#1088;&#1077;&#1078;&#1085;&#1077;&#1084;&#1091; &#1085;&#1072;&#1093;&#1086;&#1076;&#1080;&#1090;&#1089;&#1103; &#1074; &#1086;&#1090;&#1083;&#1080;&#1095;&#1085;&#1086;&#1081; &#1092;&#1086;&#1088;&#1084;&#1077;, &#1074; &#1090;&#1086; &#1074;&#1088;&#1077;&#1084;&#1103; &#1082;&#1072;&#1082; &#1042;&#1072;&#1083;&#1077;&#1085;&#1089;&#1080;&#1103; &#1079;&#1072;&#1082;&#1086;&#1085;&#1095;&#1080;&#1083;&#1072; &#1087;&#1088;&#1086;&#1096;&#1083;&#1099;&#1081; &#1089;&#1077;&#1079;&#1086;&#1085; &#1085;&#1072; 12 &#1084;&#1077;&#1089;&#1090;&#1077; &#1080; &#1074;&#1088;&#1103;&#1076; &#1083;&#1080; &#1089;&#1086;&#1089;&#1090;&#1072;&#1074;&#1080;&#1090; &#1082;&#1086;&#1085;&#1082;&#1091;&#1088;&#1077;&#1085;&#1094;&#1080;&#1102; &#1052;&#1072;&#1076;&#1088;&#1080;&#1076;&#1091; &#1085;&#1072; &#1041;&#1077;&#1088;&#1085;&#1072;&#1073;&#1077;&#1091;. \r\n&#1051;&#1080;&#1074;&#1077;&#1088;&#1087;&#1091;&#1083;&#1100; &#1085;&#1077; &#1090;&#1072;&#1082; &#1093;&#1086;&#1088;&#1086;&#1096; &#1074; &#1086;&#1073;&#1086;&#1088;&#1086;&#1085;&#1077;, &#1040;&#1088;&#1089;&#1077;&#1085;&#1072;&#1083; &#1074; &#1101;&#1090;&#1086;&#1084; &#1087;&#1086;&#1082;&#1072;&#1079;&#1072;&#1090;&#1077;&#1083;&#1077; &#1077;&#1097;&#1077; &#1083;&#1091;&#1095;&#1096;&#1077;, &#1091;&#1074;&#1077;&#1088;&#1077;&#1085; &#1082;&#1086;&#1084;&#1072;&#1085;&#1076;&#1099; &#1086;&#1073;&#1103;&#1079;&#1072;&#1090;&#1077;&#1083;&#1100;&#1085;&#1086; &#1086;&#1073;&#1084;&#1077;&#1085;&#1103;&#1102;&#1090;&#1089;&#1103; &#1075;&#1086;&#1083;&#1072;&#1084;&#1080;.'),
	(39211, 'MY_EXPRESS', '2017-08-29', NULL, 'Локомотив принимает Витязь. Локо должен брать три очка, как ни крути соперник удобный.  Хорошо отыграли против ЦСКА и выиграли Слован Бр. \r\n<br>Нефтехимик принимает Ладу. Хозяева хорошо проводят домашние матчи и думаю сегодня ничего не помешает им не проиграть хотя бы в основное время. Всем удачи!\r\n'),
	(40268, 'MY_EXPRESS', '2017-08-30', NULL, 'Всем привет, предлагаем вам такой ординар на сегодня. Предположительно Барыс будет атаковать, Торпедо же точно просто так не сдаcтся. Игра будет плотной и учитывая кондиции команд, которые пока что не в лучшей форме, вероятность большого количества бросков по воротам не большая. Всем удачи.'),
	(41368, 'MY_EXPRESS', '2017-09-01', NULL, 'Всем привет, сегодня теннис, все просто: Радваньска классом выше Путинцевой, поэтому должна побеждать, в теннисе, где все зависит от 1 спортсмена, редко что-то может помешать заведомо сильнейшему сопернику.<br> Макарова сейчас в превосходной форме, надо брать, тем более стаким хорошим коэффициентом.   '),
	(41705, 'MY_EXPRESS', '2017-09-02', NULL, 'У Даши будет шанс победить на харде и коэффициент очень хороший. Болеем за своих!) '),
	(42042, NULL, '2017-09-04', 'https://vprognoze.ru', 'Тройничок на теннис. Альмагро в недалеком прошлом на своем любимом грунте БИЛСЯ НА РАВНЫХ с фаворитами АТР тура, сейчас парень переживает не лучшие времена, но в этом году вроде пытается вернуть былую форму, лузов не мало, но если посмотреть кому он проигрывал на грунте удивляться нечему, сплошь одни топы или резко прибавившие теннисисты. Сейчас же оппонент не бог весть какой поэтому стоит заиграть испанца. Братья сильно подсдали за поледние 2 года, но когда они играют на родине у них запредельный настрой, а тут еще и US OPEN, самое слабое звено экспресса, но все же я в них уверен. Маррей и Суареш топ пара с выдающейся статой в этом году, они явные фавориты в матче с недавно созданной парой, в которой играет пенсионер парного разряда и посредственный одиночник.'),
	(42043, NULL, '2017-09-04', 'https://vprognoze.ru', '1- Как и ожидалось, Англия вышли победителями в матче 7-го тура на выезде против Мальты. Они выиграли со счетом 0–4, и теперь их разница мячей 14–2. Они не проиграли ни одного матча в этом групповом этапе, они имеют 5 побед и две ничьи. В настоящее время, они сидят на первом месте в таблице с 17 очками.После первых двух поражений, Словакия находится в серии из пяти побед подряд. В 7 туре они встретились со Словенией и им удалось выиграть у себя дома с минимальным счетом 1–0. Они все еще сидят на втором месте, на два очка отставая от Англии.Англия является бесспорным фаворитом в этом матче.2- Ожидаемая победа в 7-м туре позволила Шотландии подняться на 3 место в таблице. Они посетили Литву и вернулись домой с тремя очками, они выиграли со счетом 0–3. Теперь у них 11 очков, как и у Словении, но разница мячей у них лучше 12 – 10 чем у Словении.Мальта по прежнему проигрывают и 7-й тур принес им седьмое поражение. На этот раз они играли с Англией и как и ожидалось потерпели поражение со счетом 0–4. Это был 5-й матч, в котором они не смогли забить.Шотландия является явным фаворитом в этом матче. Они на 4 очка отстают от Словакии (второе место), но так как Словакия будет играть с Англией в 8-м туре, Шотландия может воспользоваться всеми преимуществами этого матча.3- 7-й тур принес Словении не только поражение, но и команда опустилась на 4-е место. Они посетили Словакию (второе место) и проиграли 1–0. Это был важный матч, и победа могла бы вывести их на второе место или третье место. Они имеют 11 очков, как и Шотландия, которая выше их, так как у их хуже разница мячей 6–4. Литва сидит с 5 очками на 5-м месте после того, как они понесли 4-е поражение подряд. Они принимали Шотландию и проиграли со счетом 0–3. Так что, в принципе, ничего не изменилось, за исключением того, что теперь у них есть еще 3 пропущенных гола и разница мячей составляет 6–14.Не все еще потеряно для Словении, так что им нужна победа, и я думаю что они смогут забить как минимум два мяча и выиграть этот матч.'),
	(42044, NULL, '2017-09-04', 'https://vprognoze.ru', 'Экспресс на отборочные матчи.Германия и Норвегия тут фоварит однозначно Немцы, и беру от них 2 гола где пробить для них будет не трудно.Сев. Ирландия против Чехии на мой взгляд что Сев. Ирландия смотриться куда уверение и будет стремиться побеждать.Словения и Латвия 2 гола за 90 с лишнем минут эти команды должны пробить,не то что фовариты турнира Франция сыграла по 0:0 за коэф 59 ))) Желаю удачи и хорошей игры.'),
	(42045, NULL, '2017-09-04', 'https://vprognoze.ru', 'Беннето и Роже-Васселин более опытные парники, более сыгранные, более умелые и знающие всяческие приемы игры именно в парном теннисе, их вряд ли чем удивишь в этой игре, а вот они могут удивить молодых пацанов и показать им мастер-класс. К тому же Рублев будет после игры с Гоффеном, и хрен его знает в каком он будет настроении.Канепи не стабильна, выиграть она вряд ли сможет здесь у Касатки, а уж два:ноль и подавно. Даша более сдержанная, более умная в теннисе, если не насрет в штаны как сегодня Брэди против Плишки, то это будет простая игра для нее, главное показывать свой теннис, свой уровень, выше не надо, но и ниже не стоит.'),
	(42046, NULL, '2017-09-04', 'https://vprognoze.ru', 'Также решил накатать вам экспресс по киберспорту,Дота2,ВеллПлей,где сыграют середняк ЛетсДУ Ит против СТФЕ экспортс,рейтинг бойцов из СТФЕ намного выше поляков,тут реально собрались хорошие,амбициозные парни с высоким ММР,поэтому тут без шансов для поляков.ЧТо касается Енви-Норс академий,ну тут и разбирать нечего,Северяне намного сильней и опытней,Должны обходить без особых проблем.Риск минимальный.Удачи'),
	(42047, NULL, '2017-09-04', 'https://vprognoze.ru', 'Гаис дома играет неплохоИз десяти встреч половина плбедЕргрюте на выездах плох и имеет только одну победу из 10 посему лумаю победа хозяев боллее вероятна и возьму П1Варберг побеждал в 3 последних личных встречах соперников Возможно это не повторится сегодняНоррбю на ходу и дома заносит много побед П1Отвидатберг и Вернаму мутные вообщеНо на двоих два мяча думаю им по силамГоу'),
	(42048, NULL, '2017-09-04', 'https://vprognoze.ru', 'Дель Потро конечно последний матч провел отлично, получалось всё, но сейчас соперник как мне кажется очень сильный. Тим - цепкий теннисист, большинство брейк-поинтов отыгрывает, ногами он будет быстрее аргентинца, может подача чуть по хуже, а так мне кажется вполне может дать бой и выиграть. Вандевеге много ошибается и на задней линии действует не лучшим образом. Шафаржова не сказать чтоб в хорошей форме, но играет неплохо, на задней стабильнее, у сетки точно не хуже. Коко в этом сезоне в США на харде уже проигрывала чешке, думаю давление болельщиков ей не поможет.Касаткина играет хорошо, мало ошибается, по месту атакует, провела уверенную неделю. Канепи конечно удивительно прошла в 1/8, но соперницы были слабенькие,  Касаткина стабильная и вариативна, думаю россиянка возьмёт верх.'),
	(42049, NULL, '2017-09-04', 'https://vprognoze.ru', 'Небольшой экспресс на фортуну. Здесь посмотрев составы выбрал пару матчей млб с фаворитами. В первом матче у Канзаса очень сильна бита+у Детройта дебютант НА ГОРКЕ. У Милуоки преимущество на горке колоссальное при паритете на бите, надежда на питчера с вменяемым ERA. Экспресс сам по себе рисковый бейсбол все таки поэтому 3% от банка. У Кабс Ариета и этим все сказано.'),
	(42050, NULL, '2017-09-04', 'https://vprognoze.ru', 'Я дал себе слово на всегда не ставить на этого русского безрукого теннисиста Кузьмина.3юю партию еле вынес,хотя вел 5-1.Четвертю также,и последнюю вел 4-0,но нет,надо же слить,надо же сыграть как школьник.Если ты прочтешь этот прогноз,федор,просто забей на карьеру спортсмена.Бродд виктор намного более ответственный и не сливщик как Федор.Как же кузьмин меня взбесил в матче с ЙОзефом.Обешло Михал хоть и сильный,но Амин даст бой,и данный тотал пробьется,не вижу чтоб Михал 3-0 закрыл игру.Удачи.'),
	(42051, NULL, '2017-09-04', 'https://vprognoze.ru', '1. Слишком явно как то ставить на домашнюю команду, и так ГАИС два матча подряд дома выиграл, часто ограничиваются одним забитым голом, скорей всего мало будет голов2. Две команды забивающие много голов и в первом тайме могут и во втором тайме, считаю забьют так и так3. Отведаберг окажет хорошее сопротивление, тем самым огродит себя от разгрома, думаю будет 2-3 мяча , но не более'),
	(42052, NULL, '2017-09-04', 'https://vprognoze.ru', 'Ну и напоследок решил закинуть низовой экспресс.По всем выкладкам мячей в этих матчей много быть не может.Не того уровня сборные.Все умеют ставить автобус,а вот исполнительское мастерство форвардов хромает.По этому россыпь голов мы вряд ли увидим.С.Ирландия на правах хозяинакак-бы должна поддавливать,но и ничья с чехами для них не смертельна.Словении как и Литве ничего не надо,по большому счёту на этом празднике жизни.А румыны и черногорцы это по мне вообще зевота и унылость.Будем посмотреть'),
	(42053, NULL, '2017-09-04', 'https://vprognoze.ru', 'Думаю тут все предельно ясно, команда из Дании должна без проблем разбираться с LDLC и Kinguin. Хоть они и вернулись сегодня с турнира, но это лёгкие очки, грех не забрать.1. За последние 5 матчей команда LDLC имеет 3 ничьи и 2 пораженияLDLC проиграли даже Spirit Academy, которые вообще никаких результатов не показывают.2. У команды kinguin, тоже все очень плохо 1 победа за 5 матчей, все остальное поражения тир 2 командам.Ну у команды North все хорошо, даже нечего расписывать, единственное что может сказать на них, это усталость. Так как они приехалии с турнира сегодня.'),
	(42054, NULL, '2017-09-04', 'https://vprognoze.ru', '1- Решил рискнуть и поставить победу гостей, ну явно гости должны выиграть, последние встречи провели с фаворитом и его соседями, на фоне их с аутсайдером должно быть по легче2- ГАИС дома выигрывал у команд с 7 ,8 и третьей строчки, думается и с соседями разберется, учитывая , что Эргрюте в гостях совсем слабенькие3- В этом матче вполне может быть много голов, но я почему то больше опираюсь на личные встречи , счета скромные (2-0, 0-1, 1-0) , считаю забьют друг другу, а там кто третий гол забьет, тот и победил'),
	(42055, NULL, '2017-09-04', 'https://vprognoze.ru', 'Решил заиграть четыре таких варианта.Вчерашние матчи навеяли.Не все золото,что блестит,как говориться.Норвежцы приличная сборная среднего уровня.Без звёзд,но с хорошо обученными игроками.Улететь в четыре от Германии?Очень сомневаюсь.Поляки,конечно после плюхи от Дании будут рвать и метать.Но не уверен в пяти мяча ,которые они положат казахам и это ещё не пропустить надо.По Англии со словаками скажу так,не известно,кто ещё сильнее на данный момент.Голы бритам очень тяжело даются.И уже Мальту дожали в последние пять минут.Ну и последний матч.Тут наверное самое тонкое.Умолотят шотландцы карликов или нет.Склоняюсь,что нет,не те мастера.'),
	(42056, NULL, '2017-09-04', 'https://vprognoze.ru', '1. Сборные в составах которых есть исполнители способные решить исход момента в свою пользу. Сейчас команды занимают первое и второе место. Мотивация с обеих сторон огромная, с голами проблем нет.2. Германия дома на классе должна забивать два гола одному из аутсайдеров группы.3. Северная Ирландия дома играет очень хорошо и очки набирает исправно. Чехи на выезде не так сильны, но голы и у тех и у других больше одного за матч.'),
	(42057, NULL, '2017-09-04', 'https://vprognoze.ru', 'Заиграю еще один двойник на отборочные матчи Чемпионата мира.Первый матч, Черногория - Румыния. Черногории очень важно сегодня одержат победу над  Румынией, что бы оставить хорошие шансы на выход из группы.Второй матч, Германия - Норвегия. Тут без шансов для Норвегии, считаю что сегодня Германия у себя дома одержит уверенную победу на норвежцами.'),
	(42058, NULL, '2017-09-04', 'https://vprognoze.ru', '1.Немцы значительно сильней Норвегии и должны выиграть у них и не особо напрягаясь - победа практически выводит их в финальную часть ЧМ.2.Поляки идут на втором месте, играют дома, где выиграли 3 матча из 3-х с общим счетом 8-4. Казахи проиграли все три выездных матча со счетом 1-11.3. Ситуация более чем комфортная для хозяев: чехам чтобы попасть в стыковые матчи надо обыграть хозяев, поэтому Сев.Ирландия может играть от обороны и стараясь поймать Чехия на контратаке.4. Словения еще имеет теоретические шансы на второе место в группе, Литва уже ничего не достигнет.5. Черногория имеет все шансы попасть в плей-офф, просто не надо дать опередить себя датчанам, а для этого необходимо набрать как можно больше очков в оставшихся матчах.'),
	(42059, NULL, '2017-09-04', 'https://vprognoze.ru', 'Всем привет. Рассмотрю экспрессик.1) Бейсбол. Лос-Анджелес Энджелз против Окленд Атлетикс. Лос-Анджелес Энджелз в Американской лиге идёт выше в турнирной таблице и в последних встречах также смотрится получше. Поэтому считаю сегодня одержат победу без проблем.2) Бейсбол. Кливленд Индианз против Чикаго Уайт Сокс. Кливленд Индианз уверенно занимает второе место в Американской лиге, а Чикаго Уайт Сокс - последнее. Здесь без проблем должны побеждать Кливленд Индианз.3) Бейсбол. Хьюстон Астрос против Сиэтл Маринерз. Хьюстон Астрос уверенно лидируют в Американской лиге, но на пятах у них идут Кливленд Индианз. Поэтому считаю, чтобы их не подпускать к себе близко, должны сегодня побеждать Хьюстон.4) Хоккей. Спартак против СКА. По очкам и по забитым и пропущенным шайбам СКА выглядит получше Спартака. Сегодня также считаю, что СКА одержит победу.'),
	(42060, NULL, '2017-09-04', 'https://vprognoze.ru', 'Кабаль и Фара смогут один раз хотя бы брейкануть своих соперников, а на своей фин и британец играют очень стабильно, по этому за них я спокоен. Думаю что фора имеет право на жизнь.Рига в обеих матчах против Локо в межсезонье пропускала больше трёх шайб, а сегодняшнего на старте регулярного чемпионата они взащите ещё далеко не идеальны, пока почти все их громят и пробивали тотал больше.Спартак не имеет такой непроходной защиты чтобы трижды не дать сопернику забросить, ведь СКА это гранд и команда которая всем легко забивает, атака это их козырь.'),
	(42061, NULL, '2017-09-04', 'https://vprognoze.ru', 'Беру экспресс из трех матчей разных чемпионатов и все матчи хозяев с Форой (0). Думаю что кто то все же не сможет одержать победу и перестраховываюсь форой. Первый матч Чемпионат Бразилии С между командами Волта Редонда против Тупи. Следующий матч Чемпионата Испании Сегунда Алькоркон против Альбасете. Алькорон начал свой турнир с первых двух ничью, думаю они сегодня не проиграют. Но ничья может быть!)) Следующий матч чемпионата Италии Серия Б Салернитана против Тернана. Салернитана тоже взял с Форой (0). Салернитана последний матч проиграла Тернана в 2002 году. Думаю сегодня этого не повториться. Хоккей меня подвел в прошлой ставке, вот заново взял эти матчи,только один уже играет между командами Модена против Виченце.'),
	(42062, NULL, '2017-09-04', 'https://vprognoze.ru', '1- Норбю дома 5 последних матчей пропускает голы, ну и соседям по таблице играя дома думаю труда не составит забить гол, возможно будет много голов, так как обе команды хотят выделится 2- Отвидаберг хоть и на грани вылета, но все таки играют дома, должны хотя бы побороться если не за победу, то за гол, Вернамо в гостях в полне может пропустить3- Как уже и говорил, если ГАИС выигрывает, то как правило в один мяч, не больше, Эргрюте недавно оказали хорошее сопротивление команде со второй строчки, проиграли 2-1 , думаю победить с большим разрывом у ГАИСА тоже не получится'),
	(42063, NULL, '2017-09-04', 'https://vprognoze.ru', 'Всем привет, сегодня поддержу СНГ теннис в 1/8 ЮС Опен. Сейчас немного обосную почему.Надаль - Долгополов. Во-первых, Саня сейчас на в отличной форме, а когда он на кураже, то он может выдавать просто шикарные матчи. Так он выиграл турнир на грунте в этом сезоне, в финале одолев Нисикори. Во-вторых, Саня умеет играть против Надаля. Да в личках он проигрывает ему 2-8, но последние 3 2-1 в пользу Сани. Ну и в-третьих не видно шикарной формы Надаля. Было чувство, что и Майер его мог дожать(а он лаки-лузер), Таро выиграл сет у него. Саня же на харде классом повыше игрок, если его травмы беспокоить не будут, конечно же.Второй матч Рублев - Гоффин. Честно говоря, не особо понятен мне фаворитский статус бельгийца. Да, он более опытный игрок на гранд слэмах, но Рублев на этом ЮС Опен смотрится не хуже, а, наверное, даже лучше. Всего 1 сет проиграл Джумхуру, который в очень неплохой форме находится. Димитрова вынес без шансов. Тут 1.33 мне кажется очень валуйный коэффициент. Вынести травмированного Монфиса - не показатель. А вот проиграть грунтовику Пелье 2 сета - это да. Считаю, что Рублев одержит верх в этом матче. Но смысла нет делать такой экспресс, ибо максимальный коэффициент на этом сайте 8. Берем такую страховочку.'),
	(42064, NULL, '2017-09-04', 'https://vprognoze.ru', 'Предлагаю рассмотреть такой вариант.И Люси и Коко в отличной форме,соперницы примерно равны по силам.Думаю двумя сёлами здесь вряд ли обойдётся.Тем более не забываем о любви Шафаржавой к трехсетовым поединкам.Гоффин сильнее Рублева.Рублев и так для себя выше головы,по мне,прыгнул.Да и в игре с Джумхуром у того было 20 брейк-пойнтов,20!!!Карл.Гоффин себе такое раздолбайство не должен позволять.Думаю 3-03-1 закроет товарища'),
	(42065, NULL, '2017-09-04', 'https://vprognoze.ru', 'По хоккею Спартак - СКА это вывеска и все дела.В последней домашке Спартак по броскам сделал 26:38.По личным матчам из 5 игр 4 на больше бросков (59,5).СКА как всегда под 30 ку бросков совершает,там звезды и все дела.У Спартака есть имя,в отличии от СКА,так что атаковать они буду. Англия - Словакия считаю атакующий матч,хоть и Словакии нужно побеждать чтобы иметь шансы на первое место.10 углов должны быть.По Германии и Польши скажу что они уровнем выше Норвегии и Казахстана.Но и вчера Франция должна была побеждать.Польша опросиоволосилась в последней игре,а тут Бородюк и Казахстан,который просто дно в таблице и получает от всех практически 2-4 мяча.Сегодня и Польша повеселиться. Да и казахи могут забыть. Мало ли.Шотландия играет с Мальтой и скотланду нужно брать 3 очка,Мальта закроется всей командой в своей штрафной и нудно вскрывать такой автобус при помощи подач,растягивать оборону соперника и бить по воротам,поэтому 10 углов за 90 минут команда по силам подать,здесь конечно надеюсь на Шотландию.'),
	(42066, NULL, '2017-09-04', 'https://vprognoze.ru', 'Наконец-то Дель Потро вернулся в тур и аргентинца ничего не беспокоит. Тим типичный грунтовик, но как и все профессионалы, приходится подстраиваться и играть на всех видах кортов.Дель Потро побеждал во всех личных встречах против Тима, у него есть хорошие шансы победить и сегодня.Румыния слабая сборная, ее игроки не выступают в топ чемпионатах, Испания один из лидеров мирового баскетбола, ребята привезли один из лучших составов на этот турнир, у них есть все шансы победить в легкую с большой форой своего соперника.Ну и Сербия здесь фаворит, но буки опасаются не много, после поражения Сербии от сборной России. Сейчас у сборной Сербии нету шанса на осечку, только победа и только вперед. Не думаю, что Турция, сможет навязать серьезную борьбу'),
	(42067, NULL, '2017-09-04', 'https://vprognoze.ru', 'Континен и Пирс это одна из наиболее стабильных и успешных пар в мировом мужском теннисе. Кабаль и Майер вместе пока ещё не играли до этого турнира и им трудно будет противостоять такой опытой паре соперников.СКА это как бы не хотели их соперники но все же лучшая команда Европы, для такого состава как у питерцев победа над Спартаком из Москвы это дело пяти минут. Думаю как и в предыдущих личках победа будет за гостями.Рижане в это межсезонье играли дважды против Локомотива и дважды они уступили даже не сохранив хотя бы приличноно лица, ярославцы в обеих матчах уничтожили защиту латышей и выиграли дважды в основное время.'),
	(42068, NULL, '2017-09-04', 'https://vprognoze.ru', 'Приветствую всех! Предлагаю вашему вниманию прогноз на хоккей и футбол.Спартак Москва - СКА Санкт-Петербург. Гости в двух последних матчах не выигрывали в основное время, думаю сегодня вполне по силам победить московский Спартак.Польша - Казахстан. Ожидаю открытый футбол, ожидаю один гол от гостей, но а поляки могут забить 2-3 гола, не хотелось бы, но нынешнее состояние гостей такое, тем более в гостях.Честь имею!'),
	(42069, NULL, '2017-09-04', 'https://vprognoze.ru', 'ну и поставлю еще на негров. Смотрел прошлую игру Нигерия против Камеруна.Нигерия играла отлично часто убегала, сожрали центр поля, присенговали вообще не давали шансов Камеруну даже подойти к воротам и это привело к разгромному счету 4-0. Сегодня все шансы забить еще парочку. ну и матч меджу Ливией против Гвинеи. Посмотрел статистику обеих команд и команда Гвинея имеет явное преимущество. Ливия много пропускает, Гвинея много забивает.'),
	(42070, NULL, '2017-09-04', 'https://vprognoze.ru', '1. Команды в принципе не очень забивные. В среднем даже чуть меньше гола за игру. Интересная статистика очных встреч. Из пяти последних игр четыре закончились ничьей. Три раза по нолям и один раз 1:1. Учитывая еще и не особую забиваемость тотал должен залетать на ура.2. Команды примерно равные. Занимают 11 и 12 места. Но Варберг очки набирают в домашних матчах в основном. На выезде не выиграли ни одного матча.3. Команды результативные и много забивают и между собой играют также результативно. Последние две встречи было четыре забитых.'),
	(42071, NULL, '2017-09-05', 'https://vprognoze.ru', 'Бостон сегодня буками выставлен фаворитом, хотя команда играет после неприятного для себя дерби с Янкиз, из четырёх матчей которого - три были проиграны, и обычно после дерби первые свои матчи Бостон проводит неудачно, поэтому в этом матче лучше остановиться на тотале, который сегодня обещает быть весёлым. Ну и матч на "Доджер Стэдиуме", который обычно не располагает к множеству ранов, но сегодня, да ещё такой скромный тотал команды пробьют. Удачи..'),
	(42072, NULL, '2017-09-04', 'https://vprognoze.ru', '1.Играет Аргентинец с Австрицем. Я полагаю что Тим выйграет Дель Потро . Потомушто его игра не удобна для длинного Потро. 2. Тут тотал больше верняк. За Чежкой опыт. За Американкой трибуны. Может даже 3сета будет.3.Футболисты сборной Казахстана постоянно фолят. Тем более с Техничной Польшей уаще одни нарушения и карточки. Так что ставьте индивидуальный тотал Казахов.'),
	(42073, NULL, '2017-09-04', 'https://vprognoze.ru', 'Черногория-Румыния Черногорцы в отличие от румын, которые, скорее всего, выше 4-го места не прыгнут. Хозяева будут очень мотивированы, а так как это очень атакующая и забивная команда. Да и по классу я считаю что команда выше. Черногории очень нужны три очка , плюс команда будет играть дома и будет биться. Черногория выграет этот матч П1 , рискну и возьму фору.--Северная Ирландия – Чехия: Решающий матч для команд за вторую строчку в турнирной таблице и поездкой на ЧМ в Россию.Ирланды играли в чехии и засушили игру сыграв 0:0 , это достойный гостевой матч был для Ирландии. Дома Ирланцы играют довольно не плохо , Сыграв сесь матчей сборная , выграла пять это очень хороший показатель. Команде очень нужны в этом матче очки , даже ничья почти на 99% даст путевку на ЧМ в Россию. Чехия будет биться , но был очень сложный матч с Немцами и как бы это не сказалось усталостью сборной. Я отдам предпочтения команде Ирландии , считаю что это команда не проиграет этот матч. Мой прогноз Фора1 ( 0 )--'),
	(42074, NULL, '2017-09-04', 'https://vprognoze.ru', 'Давид в хорошей форме, он провел не так много времени на кортах, и не успел еще устать, в тов время, как Рублев сыграл 3 часа в одном матче, три часа в другом, + еще два матча в парных выступлениях. Отдаю здесь предпочтение игроку, который хорошо принимает и более свежий.Спартак в 2012 и 2013 годах обыгрывал дома СКА, даже не обыгрывал , а разносил. Но сейчас СКА усилили оборону, и будут играть первым номеров, в то время, как Спартак будет много защищаться. Ожидаю здесь низовой матч.Немцы сильнее во всех компонентах своего соперника. Норвегия слабо играет на выезде, Немцы практически гарантировали себе выход на ЧМ, сыграют, для болельщиков, пару голов точно забьют.КОнтинен и Пирс топ 1 мирового рейтинга. Ребята сейчас в форме , австралийца не беспокоит колено, и это главное. Остались сильнейшие пары, но мне кажется Кабаль и Майер там точно лишние.'),
	(42075, NULL, '2017-09-04', 'https://vprognoze.ru', '1- ГАИС дома играет надежно, даже если это команды с 4,5 или даже третьей строчки турнирной таблицы. А  Эргрюте за последние 5 гостевых матчей одна ничья остальные все поражения2- Норбю может проиграть в сухую верхам таблицы пропустив три мяча, но играя с командами своего уровня и может забить три мяча или все пять. Думаю пару мячей закатят3- Отвидаберг хоть и не показывает результативный футбол, но заметны попытки не допускать разгромного счета, могут и по нулям от играть'),
	(42076, NULL, '2017-09-04', 'https://vprognoze.ru', 'Ну и попробую сыграть на Словаков смотрел их игры , чуваки с характером боряться за каждый метр поля,  и такой сладкий коф дают на их гол, не помню чтобы у Англии была идеальная защита. В команде есть лидер , который поведет команду за собой Хамшик(Наполи). Это игра за 1 место в группе , думаю борьба будет серьезная и как по мне словаков просто недооценивают .  Ну и на Шотландию сыграю, вообще не нравится сборная Мальта , одна наверно из самых слабых сборных на этих квалах. Все матчи проигрыши.'),
	(42077, NULL, '2017-09-04', 'https://vprognoze.ru', '1. Шотландия - МальтаКельтам нужно побеждать во всех матчах. Мальта из карликовых одна из боевых, а потому так просто не должны даться. По факту очень они много дают соперникам подавать углов на выездах, да и сами кельты в 2х из 3х домашних успешно подавали больше 7ми углов.2. Испания - РумынияЗаиграю тут тотал - по идее тут италия должна пробивать 100ку, но могут в во второй части бросить играть. Так что ит стремно, а вот общий вполне играем. Не думаю что будут унижать домашних и дадут им 60 бросить.Всем успехов!'),
	(42078, NULL, '2017-09-04', 'https://vprognoze.ru', 'Отборочные Армения - Дания Армяне дома,  конечно,  играют хорошо,  но сборная Дании сильнее,  последний матч с Польшей тому подтверждение,  где многие ставили на Польшу и проиграли. Ф-1 возможен возврат,  но на чистую победу кеф совсем маловат. Ну и Польша которая проиграла Дании должна выйгрывать,  чтоб сохранить первое место,  соперник подходящий.   Ставка на европейский футбол против футбола СНГ)'),
	(42079, NULL, '2017-09-04', 'https://vprognoze.ru', 'Всем доброго времени суток. Сегодня футбол и вот решил выкинуть свою мыслю. Решил полезть в матчи там где большие коф.Команда Северная Ирландия не проигрывает 4 матчей подряд.Попахивает здесь сушкой в этом матче, ну предпочел взять Ирландию потому , что не проигрывают последние 4 матча, хоть и соперники у них были так себе. Черногория занимает 2 строчку в своей группе и у них на хвосте сидит сборная Дании. Сегодня есть большой стимул выиграть. Но Румыния соперник не самый слабый, много будет борьбы.'),
	(42080, NULL, '2017-09-04', 'https://vprognoze.ru', '1) Датчане борются за вторую строчку и поэтому обязаны выносить сегодня Армян! Им это по силам даже в гостях, так как класс команды значительно выше, да и особой мотивации хозяева поля не имеют.2) По моему мнению, сборная Азербайджана не далеко ушла по уровню от Сан-Марино. Жду упорной борьбы с минимум голами. Хотя ставка опасная, Так как в гостях в ворота Сан-Марино влитает всё подряд.'),
	(42081, NULL, '2017-09-04', 'https://vprognoze.ru', 'Решил такой экспресс состряпать.  Снова футзал  суперлига россии Автодор-сибиряк, сегодня второй матч играется, первый был вчера счет 3-4 в пользу Сибиряка, более подробно писал во вчерашнем прогнозе про автодор, что это новичек суперлиги, и будет первые матчи проигрывать, вчера проиграть крупно не получилось хотя 1-4 держался долго до последней пятиминутки, автодору удалось в большинстве когда сняли вратаря чудом забить два гола при этом сибиряк упустил два три шанса поразить пустые ворота (стечение обстоятельств). Автодор судя по увиденному мной вчера будет довольно цепкой командой у себя дома, но сегодня опять предрекаю победу сибиряка возможно тоже с небольшой форой в 1-3 гола.Про отборочные матчи  чемпионата мира особо расписывать не буду,  ставки основаны  в основном на турнироном положении. Англия -словакия матч будет напряженным и много голов  не предвидится. Германия без проблем должна вскрыть  норвежцев в два гола минимум. Шотландия и Мальта, шотланды считаю прагматично выиграют но не более чем в 4 гола, Поляки 2 гола на своем поле забить должны после последнего 0-4 от дании.'),
	(42082, NULL, '2017-09-04', 'https://vprognoze.ru', '1) По мне, это матч от 2 до 3 мячей. С уважением, каждый, кто ищет пару сегодня, играет на своих листовок, и я надеюсь пройти.2) Они играют перед своими домашними поклонниками и должны быть мотивированы и вдохновлены, чтобы дать хороший отчет о себе. Они готовы закрыть своих сильных противников, Данию. 3) ожидаю очень атакующую игру немцев со многими молодыми игроками в первых одиннадцати, которые готовы дать показания перед селектором Йоаким Лев. Норвежцы одержали победу над Азербайджаном в предыдущем раунде, но это их максимум в этих квалификациях. Я ожидаю настоящую стену перед норвежской целью4) В последних играх Норрби показывают неплохую форму, так как мы можем видеть их четыре раза за последние шесть, которые они играли. Теперь дома я вижу их с лучшими шансами против худших команд, когда речь заходит о дорожных играх.'),
	(42083, NULL, '2017-09-04', 'https://vprognoze.ru', 'И так,ещё один небольшой экспресс на матчи сборных Польши и Казахстан а,Шотландии и Мальты!Оба матча обещают быть интересными,команды фавориты показывают блистательные результаты,Польша будет рвать и метать Казахстан,пенальти будет врятли,я думаю все игры буду с игры, ведь казахи просто не догонят поляков!Шотландия явно должна порвать Мальту дома,тем подтянуть фаворитов группы,ведь там не шуточка борьба,а шотландцам очень нужна разница забитых/пропущенных'),
	(42084, NULL, '2017-09-04', 'https://vprognoze.ru', 'Экспресс на КХЛ.Торпедо с Динамо Москва.Динамо хоть и играют как бы новым составом и еще парни не нашли так сказать до конца химию,но бьются до конца в каждом матче и только матч с ЦСКА был не удачный и в большинстве очень здорово катают.Второй матч Северсталь и Динамо Минск.Думаю наконец таки Минчане одержат победу ну или хотя бы зацепят очко,ну уж больно не везет им в этом сезоне так что поболею за них.И на последок Динамо Рига и Локомотив.Локо проиграл в прошлой встрече и мотивация будет убойная,тем болле в коассе на много сильнее Рижан.'),
	(42085, NULL, '2017-09-04', 'https://vprognoze.ru', '1- Норбю хорошо играет дома, особенно с командами от 10 места и ниже, победы с большим преимуществом, а Варберг в течении всего года в гостях без побед, даже в ничью крайне редко, домашняя команда, а такие как правило в гостях обречены на поражение2- Если ГАИС дома побеждает, то как правило скромно, в один мяч, 1-0 или 2-1, Эргрюте  в гостях за весь год одержали всего одну победу, и вообще редко забивают, полагаю что много голов не будет3- Отвидаберг за последние 5 матчей забил всего один гол, предыдущую встречу проиграли 4-0, хоть и в гостях, но не джумаю что дома на много чего то поменяется , не очень активно команда борется за выживание'),
	(42086, NULL, '2017-09-04', 'https://vprognoze.ru', 'Шарапова, крыса и курица, подвела недавно меня. Но беттинг продолжается. Сегодня сербы разнесут в прух и прах сборную хозяев, которые намного лучше сербов во всем, особенно в худшую игру в мяч, но тем не менее сербы это такие хитрозадые существа, что они выиграют все равно. Во втором матче питерский СКА выиграет у более достойной команды, но тем не менее СКА победит в основное время. Они как сербы, только геолокация немного другая.'),
	(42087, NULL, '2017-09-05', 'https://vprognoze.ru', '3 раунд квалификации на Кубок Азии. 1. Камбожда победили дома Афганистан зато в гостях у иорданцев пропустила 7 мячей. Вьетнам в ничью сыграл в Афганистане а в личных встречах с Камбоджийцами побеждали. 2. Индия на первом месте пропустив за 2 игры 0 мячей. 0 мячей забила сборная Макао пропустив 5. 3. Оман просто забьёт гол островитянам. 4. Бахрейн играет дома против Тайваня которые пропустили за 2 игры 4 мяча. Хозяева забили 2. 5. Личных встреч между командами нету но сборная Афганистана голы в своих играх пропускают'),
	(42088, NULL, '2017-09-04', 'https://vprognoze.ru', 'Решил добавить ещё два матча: с Данией я думаю все в порядке, играют вроде на должном уровне, посмотреть конечно я думаю у меня не получится, но зато вы сделайте это вместо меня. Англия я думаю валять дурака не будет, они любители засушить игру, и по теории должны показывать тотал меньше, а вот как будет на самом деле я конечно не знаю. Все же эти сборные тоже команды сложные и довольно таки непредсказуемые.'),
	(42089, NULL, '2017-09-04', 'https://vprognoze.ru', 'День добрый дорогие друзья.1-Киберспорт, Дота 2. Про первую команду ничего особо сказать не могу, только то, что это польский коллектив, а вот на счёт второй, SFTe-sports, пожалуйста. Организация молодая, базируется в г. Краснодаре. После смены нескольких составов, остановились на нынешнем, интернациональном. 2 игрока с финляндии, 1 с Норвегии, 1 со Швеции и 1 игрок, капитан команды, и я считаю это большое достижение для такой молодой организации из России illidan. Опытнейший игрок, мирового уровня, раньше игравший в Virtus Pro. Ни раз выступавших под их знаменами на различных турнирах, в том числе и на Интернешнле. Очень сильный состав собрался и я думаю далеко пойдёт. Парни голодные до побед и жаждут завоёвывать первые места на турнирах и пробиваться в мировом рейтинге в верхние строчки. Сейчас они уже входят в топ-50 лучших команд мира. Вообще ставлю на них.2 - Канепи когда-то входила в топ-20 лучших теннисисток мира, сейчас же она 418. Но в последнее время неплохо играет. На турнир пробилась через квалификацию. В основной сетке прошла Скьявоне, Викмацер и Осаку.Наша Дарья Касаткина сейчас в рейтинге 38, в сетке прошла Ван Цянь, Макхейл и Остапенко. Я считаю что соперницы Касаткиной сильнее соперниц Канепи. Между Канепи и Дашей была одна встреча в 2015, тогда выиграла Даша (2-6, 6-1, 6-1). Учитывая кураж Касаткиной, форму, мотивацию, она впервые дошла на ТБШ до такой стадии, то сегодня Даша победит.'),
	(42090, 'MY_EXPRESS', '2017-09-06', NULL, '1. Похоже на то, что Балтика преодолела небольшой кризис и начинает снова набирать очки. Луч с большой долей вероятности ей в этом поможет<br>2. Динамо Рига - СКА. СКА несомненный фаворит данного матча. Как по составу, так и по статистике.');
/*!40000 ALTER TABLE `EXPRESSES` ENABLE KEYS */;

-- Дамп структуры для таблица bma_data.EXPRESS_IVENT
CREATE TABLE IF NOT EXISTS `EXPRESS_IVENT` (
  `ID` bigint(255) NOT NULL AUTO_INCREMENT,
  `IVENTS_ID` bigint(255) NOT NULL,
  `EXPRESSES_ID` bigint(255) NOT NULL,
  PRIMARY KEY (`ID`),
  KEY `FK_express_ivent_ivents` (`IVENTS_ID`),
  KEY `FK_express_ivent_expresses` (`EXPRESSES_ID`),
  CONSTRAINT `FK_express_ivent_expresses` FOREIGN KEY (`EXPRESSES_ID`) REFERENCES `EXPRESSES` (`ID`) ON DELETE CASCADE ON UPDATE CASCADE,
  CONSTRAINT `FK_express_ivent_ivents` FOREIGN KEY (`IVENTS_ID`) REFERENCES `IVENTS` (`ID`) ON DELETE CASCADE ON UPDATE CASCADE
) ENGINE=InnoDB AUTO_INCREMENT=122095 DEFAULT CHARSET=utf8;

-- Дамп данных таблицы bma_data.EXPRESS_IVENT: ~161 rows (приблизительно)
/*!40000 ALTER TABLE `EXPRESS_IVENT` DISABLE KEYS */;
INSERT INTO `EXPRESS_IVENT` (`ID`, `IVENTS_ID`, `EXPRESSES_ID`) VALUES
	(42, 35, 44),
	(4992, 4985, 1694),
	(5113, 5106, 1694),
	(5241, 5234, 1694),
	(19163, 19156, 6719),
	(19292, 19285, 6719),
	(19293, 19286, 6719),
	(88993, 88986, 30675),
	(88994, 88987, 30675),
	(100365, 100358, 34508),
	(100366, 100359, 34508),
	(100367, 100360, 34508),
	(102984, 102977, 35421),
	(102985, 102978, 35421),
	(108013, 108006, 37146),
	(108014, 108007, 37146),
	(113814, 113807, 39211),
	(113815, 113808, 39211),
	(116912, 116905, 40268),
	(120024, 120017, 41368),
	(120025, 120018, 41368),
	(120984, 120977, 41705),
	(121956, 121949, 42042),
	(121957, 121950, 42042),
	(121958, 121951, 42042),
	(121959, 121952, 42043),
	(121960, 121953, 42043),
	(121961, 121954, 42043),
	(121962, 121955, 42044),
	(121963, 121956, 42044),
	(121964, 121957, 42044),
	(121965, 121958, 42045),
	(121966, 121959, 42045),
	(121967, 121960, 42046),
	(121968, 121961, 42046),
	(121969, 121962, 42047),
	(121970, 121963, 42047),
	(121971, 121964, 42047),
	(121972, 121965, 42048),
	(121973, 121966, 42048),
	(121974, 121967, 42048),
	(121975, 121968, 42049),
	(121976, 121969, 42049),
	(121977, 121970, 42049),
	(121978, 121971, 42050),
	(121979, 121972, 42050),
	(121980, 121973, 42051),
	(121981, 121974, 42051),
	(121982, 121975, 42051),
	(121983, 121976, 42052),
	(121984, 121977, 42052),
	(121985, 121978, 42052),
	(121986, 121979, 42053),
	(121987, 121980, 42053),
	(121988, 121981, 42054),
	(121989, 121982, 42054),
	(121990, 121983, 42054),
	(121991, 121984, 42055),
	(121992, 121985, 42055),
	(121993, 121986, 42055),
	(121994, 121987, 42055),
	(121995, 121988, 42056),
	(121996, 121989, 42056),
	(121997, 121990, 42056),
	(121998, 121991, 42057),
	(121999, 121992, 42057),
	(122000, 121993, 42058),
	(122001, 121994, 42058),
	(122002, 121995, 42058),
	(122003, 121996, 42058),
	(122004, 121997, 42058),
	(122005, 121998, 42059),
	(122006, 121999, 42059),
	(122007, 122000, 42059),
	(122008, 122001, 42059),
	(122009, 122002, 42060),
	(122010, 122003, 42060),
	(122011, 122004, 42060),
	(122012, 122005, 42061),
	(122013, 122006, 42061),
	(122014, 122007, 42061),
	(122015, 122008, 42062),
	(122016, 122009, 42062),
	(122017, 122010, 42062),
	(122018, 122011, 42063),
	(122019, 122012, 42063),
	(122020, 122013, 42064),
	(122021, 122014, 42064),
	(122022, 122015, 42065),
	(122023, 122016, 42065),
	(122024, 122017, 42065),
	(122025, 122018, 42065),
	(122026, 122019, 42065),
	(122027, 122020, 42066),
	(122028, 122021, 42066),
	(122029, 122022, 42066),
	(122030, 122023, 42067),
	(122031, 122024, 42067),
	(122032, 122025, 42067),
	(122033, 122026, 42068),
	(122034, 122027, 42068),
	(122035, 122028, 42069),
	(122036, 122029, 42069),
	(122037, 122030, 42070),
	(122038, 122031, 42070),
	(122039, 122032, 42070),
	(122040, 122033, 42071),
	(122041, 122034, 42071),
	(122042, 122035, 42072),
	(122043, 122036, 42072),
	(122044, 122037, 42072),
	(122045, 122038, 42073),
	(122046, 122039, 42073),
	(122047, 122040, 42074),
	(122048, 122041, 42074),
	(122049, 122042, 42074),
	(122050, 122043, 42074),
	(122051, 122044, 42074),
	(122052, 122045, 42075),
	(122053, 122046, 42075),
	(122054, 122047, 42075),
	(122055, 122048, 42076),
	(122056, 122049, 42076),
	(122057, 122050, 42077),
	(122058, 122051, 42077),
	(122059, 122052, 42078),
	(122060, 122053, 42078),
	(122061, 122054, 42079),
	(122062, 122055, 42079),
	(122063, 122056, 42080),
	(122064, 122057, 42080),
	(122065, 122058, 42081),
	(122066, 122059, 42081),
	(122067, 122060, 42081),
	(122068, 122061, 42081),
	(122069, 122062, 42081),
	(122070, 122063, 42082),
	(122071, 122064, 42082),
	(122072, 122065, 42082),
	(122073, 122066, 42082),
	(122074, 122067, 42083),
	(122075, 122068, 42083),
	(122076, 122069, 42084),
	(122077, 122070, 42084),
	(122078, 122071, 42084),
	(122079, 122072, 42085),
	(122080, 122073, 42085),
	(122081, 122074, 42085),
	(122082, 122075, 42086),
	(122083, 122076, 42086),
	(122084, 122077, 42087),
	(122085, 122078, 42087),
	(122086, 122079, 42087),
	(122087, 122080, 42087),
	(122088, 122081, 42087),
	(122089, 122082, 42088),
	(122090, 122083, 42088),
	(122091, 122084, 42089),
	(122092, 122085, 42089),
	(122093, 122086, 42090),
	(122094, 122087, 42090);
/*!40000 ALTER TABLE `EXPRESS_IVENT` ENABLE KEYS */;

-- Дамп структуры для таблица bma_data.IVENTS
CREATE TABLE IF NOT EXISTS `IVENTS` (
  `ID` bigint(255) NOT NULL AUTO_INCREMENT,
  `NAME` varchar(2000) NOT NULL,
  `DESCRIPTION` varchar(2000) DEFAULT NULL,
  `BET` varchar(1000) NOT NULL,
  `DATE` date DEFAULT NULL,
  `COMPETITION` varchar(2000) DEFAULT NULL,
  `COEFFICIENT` double DEFAULT NULL,
  PRIMARY KEY (`ID`)
) ENGINE=InnoDB AUTO_INCREMENT=122088 DEFAULT CHARSET=utf8;

-- Дамп данных таблицы bma_data.IVENTS: ~161 rows (приблизительно)
/*!40000 ALTER TABLE `IVENTS` DISABLE KEYS */;
INSERT INTO `IVENTS` (`ID`, `NAME`, `DESCRIPTION`, `BET`, `DATE`, `COMPETITION`, `COEFFICIENT`) VALUES
	(35, '&#1052;&#1072;&#1085;&#1095;&#1077;&#1089;&#1090;&#1077;&#1088; &#1057;&#1080;&#1090;&#1080; - &#1069;&#1074;&#1077;&#1088;&#1090;&#1086;&#1085;', NULL, '&#1060;&#1054;&#1056;&#1040;(2) +2', '2017-08-21', '&#1060;&#1091;&#1090;&#1073;&#1086;&#1083;, &#1040;&#1085;&#1075;&#1083;&#1080;&#1103;. &#1055;&#1088;&#1077;&#1084;&#1100;&#1077;&#1088; &#1051;&#1080;&#1075;&#1072;', 1.55),
	(4985, '&#1053;&#1080;&#1094;&#1094;&#1072; - &#1053;&#1072;&#1087;&#1086;&#1083;&#1080;', NULL, '&#1048;&#1058;&#1041;2 (1.5)', '2017-08-22', '&#1060;&#1091;&#1090;&#1073;&#1086;&#1083;. &#1051;&#1080;&#1075;&#1072; &#1063;&#1077;&#1084;&#1087;&#1080;&#1086;&#1085;&#1086;&#1074; &#1059;&#1045;&#1060;&#1040;. &#1055;&#1083;&#1077;&#1081;-&#1086;&#1092;&#1092;. &#1054;&#1090;&#1074;&#1077;&#1090;&#1085;&#1099;&#1077; &#1084;&#1072;&#1090;&#1095;&#1080;.', 1.7),
	(5106, '&#1047;&#1077;&#1085;&#1080;&#1090; - &#1059;&#1090;&#1088;&#1077;&#1093;&#1090;', NULL, '&#1055;1', '2017-08-22', '&#1060;&#1091;&#1090;&#1073;&#1086;&#1083;. &#1051;&#1080;&#1075;&#1072; &#1045;&#1074;&#1088;&#1086;&#1087;&#1099; &#1059;&#1045;&#1060;&#1040;. &#1055;&#1083;&#1077;&#1081;-&#1086;&#1092;&#1092;. &#1054;&#1090;&#1074;&#1077;&#1090;&#1085;&#1099;&#1077; &#1084;&#1072;&#1090;&#1095;&#1080;.', 1.33),
	(5234, '&#1040;&#1074;&#1072;&#1085;&#1075;&#1072;&#1088;&#1076; - &#1044;&#1080;&#1085;&#1072;&#1084;&#1086; &#1056;&#1080;&#1075;&#1072;', NULL, '&#1055;1', '2017-08-22', '&#1061;&#1086;&#1082;&#1082;&#1077;&#1081;/ &#1050;&#1061;&#1051;. &#1056;&#1077;&#1075;&#1091;&#1083;&#1103;&#1088;&#1085;&#1099;&#1081; &#1095;&#1077;&#1084;&#1087;&#1080;&#1086;&#1085;&#1072;&#1090;.', 1.46),
	(19156, ' &#1044;&#1080;&#1085;&#1072;&#1084;&#1086; &#1052;&#1089;&#1082; - &#1042;&#1080;&#1090;&#1103;&#1079;&#1100;	', NULL, '&#1058;&#1052; (6.5)', '2017-08-23', '&#1061;&#1086;&#1082;&#1082;&#1077;&#1081;/ &#1050;&#1061;&#1051;. &#1056;&#1077;&#1075;&#1091;&#1083;&#1103;&#1088;&#1085;&#1099;&#1081; &#1095;&#1077;&#1084;&#1087;&#1080;&#1086;&#1085;&#1072;&#1090;.', 1.27),
	(19285, '&#1051;&#1086;&#1082;&#1086;&#1084;&#1086;&#1090;&#1080;&#1074; - &#1062;&#1057;&#1050;&#1040;', NULL, '&#1048;&#1058;&#1041;2 (1.5)', '2017-08-23', '&#1061;&#1086;&#1082;&#1082;&#1077;&#1081;/ &#1050;&#1061;&#1051;. &#1056;&#1077;&#1075;&#1091;&#1083;&#1103;&#1088;&#1085;&#1099;&#1081; &#1095;&#1077;&#1084;&#1087;&#1080;&#1086;&#1085;&#1072;&#1090;.', 1.4),
	(19286, '&#1057;&#1050;&#1040; - &#1057;&#1083;&#1086;&#1074;&#1072;&#1085; &#1041;&#1088;', NULL, '&#1048;&#1058;&#1041;2 (0.5)', '2017-08-23', '&#1061;&#1086;&#1082;&#1082;&#1077;&#1081;/ &#1050;&#1061;&#1051;. &#1056;&#1077;&#1075;&#1091;&#1083;&#1103;&#1088;&#1085;&#1099;&#1081; &#1095;&#1077;&#1084;&#1087;&#1080;&#1086;&#1085;&#1072;&#1090;.', 1.22),
	(88986, '&#1047;&#1077;&#1085;&#1080;&#1090; - &#1059;&#1090;&#1088;&#1077;&#1093;&#1090;', NULL, '&#1055;1', '2017-08-24', '&#1060;&#1091;&#1090;&#1073;&#1086;&#1083;. &#1051;&#1080;&#1075;&#1072; &#1045;&#1074;&#1088;&#1086;&#1087;&#1099; &#1059;&#1045;&#1060;&#1040;. &#1055;&#1083;&#1077;&#1081;-&#1086;&#1092;&#1092;. &#1054;&#1090;&#1074;&#1077;&#1090;&#1085;&#1099;&#1077; &#1084;&#1072;&#1090;&#1095;&#1080;.', 1.35),
	(88987, '&#1040;&#1074;&#1072;&#1085;&#1075;&#1072;&#1088;&#1076; - &#1057;&#1077;&#1074;&#1077;&#1088;&#1089;&#1090;&#1072;&#1083;&#1100;', NULL, '&#1055;1', '2017-08-24', '&#1061;&#1086;&#1082;&#1082;&#1077;&#1081;/ &#1050;&#1061;&#1051;. &#1056;&#1077;&#1075;&#1091;&#1083;&#1103;&#1088;&#1085;&#1099;&#1081; &#1095;&#1077;&#1084;&#1087;&#1080;&#1086;&#1085;&#1072;&#1090;.', 1.47),
	(100358, '&#1051;&#1072;&#1076;&#1072; - &#1040;&#1074;&#1090;&#1086;&#1084;&#1086;&#1073;&#1080;&#1083;&#1080;&#1089;&#1090;', NULL, '&#1055;1', '2017-08-24', '&#1061;&#1086;&#1082;&#1082;&#1077;&#1081;/ &#1050;&#1061;&#1051;. &#1056;&#1077;&#1075;&#1091;&#1083;&#1103;&#1088;&#1085;&#1099;&#1081; &#1095;&#1077;&#1084;&#1087;&#1080;&#1086;&#1085;&#1072;&#1090;.', 1.36),
	(100359, '&#1044;&#1080;&#1085;&#1072;&#1084;&#1086;-&#1052;&#1080;&#1085;&#1089;&#1082; - &#1042;&#1080;&#1090;&#1103;&#1079;&#1100;', NULL, '&#1055;1', '2017-08-24', '&#1061;&#1086;&#1082;&#1082;&#1077;&#1081;/ &#1050;&#1061;&#1051;. &#1056;&#1077;&#1075;&#1091;&#1083;&#1103;&#1088;&#1085;&#1099;&#1081; &#1095;&#1077;&#1084;&#1087;&#1080;&#1086;&#1085;&#1072;&#1090;.', 1.37),
	(100360, '&#1057;&#1050;&#1040; - &#1049;&#1086;&#1082;&#1077;&#1088;&#1080;&#1090;', NULL, '&#1048;&#1058;&#1041;1 (1.5)', '2017-08-24', '&#1061;&#1086;&#1082;&#1082;&#1077;&#1081;/ &#1050;&#1061;&#1051;. &#1056;&#1077;&#1075;&#1091;&#1083;&#1103;&#1088;&#1085;&#1099;&#1081; &#1095;&#1077;&#1084;&#1087;&#1080;&#1086;&#1085;&#1072;&#1090;.', 1.09),
	(102977, '&#1050;&#1088;&#1080;&#1089;&#1090;&#1072;&#1083; &#1055;&#1101;&#1083;&#1072;&#1089; - &#1057;&#1091;&#1086;&#1085;&#1089;&#1080; &#1057;&#1080;&#1090;&#1080;', NULL, '&#1055;1', '2017-08-25', '&#1060;&#1091;&#1090;&#1073;&#1086;&#1083;, &#1040;&#1085;&#1075;&#1083;&#1080;&#1103;. &#1055;&#1088;&#1077;&#1084;&#1100;&#1077;&#1088; &#1051;&#1080;&#1075;&#1072;', 1.96),
	(102978, '&#1052;&#1072;&#1085;&#1095;&#1077;&#1089;&#1090;&#1077;&#1088; &#1070;&#1085;&#1072;&#1081;&#1090;&#1077;&#1076; - &#1051;&#1077;&#1089;&#1090;&#1077;&#1088; &#1057;&#1080;&#1090;&#1080;', NULL, '&#1054;&#1073;&#1077; &#1082;&#1086;&#1084;&#1072;&#1085;&#1076;&#1099; &#1079;&#1072;&#1073;&#1100;&#1102;&#1090;:&#1044;&#1072;', '2017-08-25', '&#1060;&#1091;&#1090;&#1073;&#1086;&#1083;, &#1040;&#1085;&#1075;&#1083;&#1080;&#1103;. &#1055;&#1088;&#1077;&#1084;&#1100;&#1077;&#1088; &#1051;&#1080;&#1075;&#1072;', 2.09),
	(108006, '&#1056;&#1077;&#1072;&#1083; &#1052;&#1072;&#1076;&#1088;&#1080;&#1076; - &#1042;&#1072;&#1083;&#1077;&#1085;&#1089;&#1080;&#1103;', NULL, '&#1060;&#1054;&#1056;&#1040;(1) -2', '2017-08-27', '&#1060;&#1091;&#1090;&#1073;&#1086;&#1083; &#1048;&#1089;&#1087;&#1072;&#1085;&#1080;&#1103;/ &#1055;&#1088;&#1080;&#1084;&#1077;&#1088;&#1072; &#1076;&#1080;&#1074;&#1080;&#1079;&#1080;&#1086;&#1085;', 1.62),
	(108007, '&#1051;&#1080;&#1074;&#1077;&#1088;&#1087;&#1091;&#1083;&#1100; - &#1040;&#1088;&#1089;&#1077;&#1085;&#1072;&#1083;', NULL, '&#1054;&#1073;&#1077; &#1082;&#1086;&#1084;&#1072;&#1085;&#1076;&#1099; &#1079;&#1072;&#1073;&#1100;&#1102;&#1090;: &#1044;&#1072;', '2017-08-27', '&#1060;&#1091;&#1090;&#1073;&#1086;&#1083;, &#1040;&#1085;&#1075;&#1083;&#1080;&#1103;. &#1055;&#1088;&#1077;&#1084;&#1100;&#1077;&#1088; &#1051;&#1080;&#1075;&#1072;', 1.44),
	(113807, '&#1051;&#1086;&#1082;&#1086;&#1084;&#1086;&#1090;&#1080;&#1074; - &#1042;&#1080;&#1090;&#1103;&#1079;&#1100;', NULL, '&#1055;1', '2017-08-29', 'Хоккей/ КХЛ. Регулярный чемпионат.', 1.33),
	(113808, '&#1053;&#1077;&#1092;&#1090;&#1077;&#1093;&#1080;&#1084;&#1080;&#1082; - &#1051;&#1072;&#1076;&#1072;', NULL, 'Двойной шанс X1', '2017-08-29', ' Хоккей/ КХЛ. Регулярный чемпионат.', 1.26),
	(116905, '&#1041;&#1072;&#1088;&#1099;&#1089; (&#1073;&#1088;) - &#1058;&#1086;&#1088;&#1087;&#1077;&#1076;&#1086; &#1053;&#1053; (&#1073;&#1088;)', NULL, '&#1058;&#1052; (61.5)', '2017-08-30', 'Хоккей/ КХЛ. Регулярный чемпионат. Броски в створ ворот.', 1.8),
	(120017, ' &#1040;.&#1056;&#1072;&#1076;&#1074;&#1072;&#1085;&#1100;&#1089;&#1082;&#1072; - &#1070;.&#1055;&#1091;&#1090;&#1080;&#1085;&#1094;&#1077;&#1074;&#1072;', NULL, '&#1055;1', '2017-08-31', 'Теннис/ Открытый чемпионат США. Женщины. Одиночный разряд. 1/16 финала', 1.22),
	(120018, '&#1045;.&#1052;&#1072;&#1082;&#1072;&#1088;&#1086;&#1074;&#1072; - &#1050;.&#1057;&#1091;&#1072;&#1088;&#1077;&#1089;-&#1053;&#1072;&#1074;&#1072;&#1088;&#1088;&#1086;', NULL, '&#1055;1', '2017-08-31', 'Теннис/ Открытый чемпионат США. Женщины. Одиночный разряд. 1/16 финала', 1.65),
	(120977, 'Елена Остапенко - Дарья Касаткина', NULL, 'П2', '2017-09-02', 'Теннис/ Открытый чемпионат США. Женщины. Одиночный разряд. 3-ий круг. ', 2.296),
	(121949, 'Альмагро Н. - Галович В.', NULL, 'П1', NULL, '\n  Теннис/  Турнир ATP. Севилья. Испания. Clay.\n', 1.23),
	(121950, 'Брайан Б./Брайан М. - Марах О./Павич М.', NULL, 'П1', NULL, '\n  Теннис/  Мужчины. US Open. Пары.\n', 1.54),
	(121951, 'Маррей Дж./Соарес Б. - Линдштедт Р./Томпсон Ж.', NULL, 'П1', NULL, '\n  Теннис/  Мужчины. US Open. Пары.\n', 1.31),
	(121952, 'Англия - Словакия', NULL, 'ФОРА1 (-1)', NULL, '\n  Футбол/  Чемпионат мира 2018. Отборочные матчи. Европа.\n', 1.68),
	(121953, 'Шотландия - Мальта', NULL, 'ФОРА1 (-2)', NULL, '\n  Футбол/  Чемпионат мира 2018. Отборочные матчи. Европа.\n', 1.27),
	(121954, 'Словения - Литва', NULL, 'ФОРА1 (-1)', NULL, '\n  Футбол/  Чемпионат мира 2018. Отборочные матчи. Европа.\n', 1.61),
	(121955, 'Германия - Норвегия', NULL, 'ИТБ1 (1.5)', NULL, '\n  Футбол/  Чемпионат мира 2018. Отборочные матчи. Европа.\n', 1.23),
	(121956, 'Сев. Ирландия - Чехия', NULL, 'ФОРА1 (0)', NULL, '\n  Футбол/  Чемпионат мира 2018. Отборочные матчи. Европа.\n', 2.06),
	(121957, 'Словения - Литва', NULL, 'ТБ (1.5)', NULL, '\n  Футбол/  Чемпионат мира 2018. Отборочные матчи. Европа.\n', 1.35),
	(121958, 'Беннето Ж./Роже-Васслен Э. - Хачанов К./Рублев А.', NULL, 'П1', NULL, '\n  Теннис/  Мужчины. US Open. Пары.\n', 1.37),
	(121959, 'Касаткина Д. - Канепи К.', NULL, 'ФОРА1 по сетам (+1.5)', NULL, '\n  Теннис/  Женщины. US Open.\n', 1.21),
	(121960, 'Let\'s Do It - SFT e-sports', NULL, 'П2', NULL, '\n  Киберспорт/  Dota 2. WellPlay Invitational.\n', 1.75),
	(121961, 'EnVyUs Academy - North Academy', NULL, 'П2', NULL, '\n  Киберспорт/  CSGO. WCA. Квалификация.\n', 1.35),
	(121962, 'ГАИС - Эргрюте', NULL, 'П1', NULL, '\n  Футбол/  Чемпионат Швеции. 1-й дивизион.\n', 2.45),
	(121963, 'Норрбю - Варберг', NULL, 'П1', NULL, '\n  Футбол/  Чемпионат Швеции. 1-й дивизион.\n', 2.5),
	(121964, 'Отвидаберг - Вернамо', NULL, 'ТБ (2)', NULL, '\n  Футбол/  Чемпионат Швеции. 1-й дивизион.\n', 1.29),
	(121965, 'Х.Дель Потро - Д.Тим', NULL, 'П2', NULL, '\n  Теннис/  Открытый чемпионат США. Мужчины. Одиночный разряд. 1/8 финала\n', 2.18),
	(121966, 'К.Вандевей - Л.Шафаржова', NULL, 'П2', NULL, '\n  Теннис/  Открытый чемпионат США. Женщины. Одиночный разряд. 1/8 финала\n', 2.22),
	(121967, 'Д.Касаткина - К.Канепи', NULL, 'П1', NULL, '\n  Теннис/  Открытый чемпионат США. Женщины. Одиночный разряд. 1/8 финала\n', 1.52),
	(121968, 'Детройт - Канзас Сити', NULL, 'ФОРА2 (-1.5)', NULL, '\n  Бейсбол/  MLB. Регулярный чемпионат.\n', 2.16),
	(121969, 'Цинциннати - Милуоки', NULL, 'ФОРА2 (-1.5)', NULL, '\n  Бейсбол/  MLB. Регулярный чемпионат.\n', 2.33),
	(121970, 'Питтсбург - Чикаго Кабс', NULL, 'ФОРА2 (-1.5)', NULL, '\n  Бейсбол/  MLB. Регулярный чемпионат.\n', 1.9),
	(121971, 'Бродд Виктор - Симончик Йожеф', NULL, 'П1', NULL, '\n  Настольный теннис/  Челленджер серия. Мужчины. Одиночный разряд\n', 1.36),
	(121972, 'Обешло Михал - Миралмаси Амин', NULL, 'ТБ по очкам (68.5)', NULL, '\n  Настольный теннис/  Челленджер серия. Мужчины. Одиночный разряд\n', 1.88),
	(121973, 'ГАИС - Эргрюте', NULL, 'Голы в обоих таймах: Нет', NULL, '\n  Футбол/  Чемпионат Швеции. 1-й дивизион.\n', 2),
	(121974, 'Норрбю - Варберг', NULL, 'Голы в обоих таймах: Да', NULL, '\n  Футбол/  Чемпионат Швеции. 1-й дивизион.\n', 1.48),
	(121975, 'Отвидаберг - Вернамо', NULL, 'ТМ (3.5)', NULL, '\n  Футбол/  Чемпионат Швеции. 1-й дивизион.\n', 1.45),
	(121976, 'Сев. Ирландия - Чехия', NULL, 'ТМ (3)', NULL, '\n  Футбол/  Чемпионат мира 2018. Отборочные матчи. Европа.\n', 1.26),
	(121977, 'Словения - Литва', NULL, 'ТМ (3.5)', NULL, '\n  Футбол/  Чемпионат мира 2018. Отборочные матчи. Европа.\n', 1.31),
	(121978, 'Черногория - Румыния', NULL, 'ТМ (3.5)', NULL, '\n  Футбол/  Чемпионат мира 2018. Отборочные матчи. Европа.\n', 1.26),
	(121979, 'North - LDLC', NULL, 'П1', NULL, '\n  Киберспорт/  Контр-Страйк. Глобал Офенсив. Еспортс Чемпионшип Сериез Девелопмент Лига. Основной этап. Матч из 2-х\n', 1.5),
	(121980, 'North - Kinguin', NULL, 'П1', NULL, '\n  Киберспорт/  Контр-Страйк. Глобал Офенсив. Еспортс Чемпионшип Сериез Девелопмент Лига. Основной этап. Матч из 2-х\n', 1.44),
	(121981, 'Отвидаберг - Вернамо', NULL, 'П2', NULL, '\n  Футбол/  Чемпионат Швеции. 1-й дивизион.\n', 2.3),
	(121982, 'ГАИС - Эргрюте', NULL, 'П1', NULL, '\n  Футбол/  Чемпионат Швеции. 1-й дивизион.\n', 2.28),
	(121983, 'Норрбю - Варберг', NULL, 'ТМ (3.5)', NULL, '\n  Футбол/  Чемпионат Швеции. 1-й дивизион.\n', 1.49),
	(121984, 'Германия - Норвегия', NULL, 'ФОРА2 (3.5)', NULL, '\n  Футбол/  Чемпионат мира 2018. Отборочные матчи. Европа.\n', 1.32),
	(121985, 'Польша - Казахстан', NULL, 'ФОРА2 (4.5)', NULL, '\n  Футбол/  Чемпионат мира 2018. Отборочные матчи. Европа.\n', 1.24),
	(121986, 'Англия - Словакия', NULL, 'ФОРА2 (2.5)', NULL, '\n  Футбол/  Чемпионат мира 2018. Отборочные матчи. Европа.\n', 1.28),
	(121987, 'Шотландия - Мальта', NULL, 'ФОРА2 (4.5)', NULL, '\n  Футбол/  Чемпионат мира 2018. Отборочные матчи. Европа.\n', 1.26),
	(121988, 'Англия - Словакия', NULL, 'ТБ (1.5)', NULL, '\n  Футбол/  Чемпионат мира 2018. Отборочные матчи. Европа.\n', 1.31),
	(121989, 'Германия - Норвегия', NULL, 'ИТБ1 (1.5)', NULL, '\n  Футбол/  Чемпионат мира 2018. Отборочные матчи. Европа.\n', 1.23),
	(121990, 'Сев. Ирландия - Чехия', NULL, 'ТБ (1)', NULL, '\n  Футбол/  Чемпионат мира 2018. Отборочные матчи. Европа.\n', 1.16),
	(121991, 'Черногория - Румыния', NULL, 'ФОРА1 (0)', NULL, '\n  Футбол/  Чемпионат мира 2018. Отборочные матчи. Европа.\n', 1.6),
	(121992, 'Германия - Норвегия', NULL, 'ФОРА1 (-1.5)', NULL, '\n  Футбол/  Чемпионат мира 2018. Отборочные матчи. Европа.\n', 1.43),
	(121993, 'Германия - Норвегия', NULL, 'ФОРА1 (-2)', NULL, '\n  Футбол/  Чемпионат мира 2018. Отборочные матчи. Европа.\n', 1.68),
	(121994, 'Польша - Казахстан', NULL, 'ФОРА1 (-2)', NULL, '\n  Футбол/  Чемпионат мира 2018. Отборочные матчи. Европа.\n', 1.34),
	(121995, 'Сев. Ирландия - Чехия', NULL, 'Двойной шанс 1X', NULL, '\n  Футбол/  Чемпионат мира 2018. Отборочные матчи. Европа.\n', 1.45),
	(121996, 'Словения - Литва', NULL, 'ФОРА1 (-1)', NULL, '\n  Футбол/  Чемпионат мира 2018. Отборочные матчи. Европа.\n', 1.61),
	(121997, 'Черногория - Румыния', NULL, 'ФОРА1 (0)', NULL, '\n  Футбол/  Чемпионат мира 2018. Отборочные матчи. Европа.\n', 1.6),
	(121998, 'Лос-Анджелес Энджелз - Окленд Атлетикс', NULL, 'П1', NULL, '\n  Бейсбол/  MLB\n', 1.73),
	(121999, 'Кливленд Индианз - Чикаго Уайт Сокс', NULL, 'П1', NULL, '\n  Бейсбол/  MLB\n', 1.44),
	(122000, 'Хьюстон Астрос - Сиэтл Маринерз', NULL, 'П1', NULL, '\n  Бейсбол/  MLB\n', 1.71),
	(122001, 'Спартак - СКА', NULL, 'П2', NULL, '\n  Хоккей/  КХЛ\n', 1.39),
	(122002, 'Г.Континен/Д.Пирс - Х.Кабаль/Л.Майер', NULL, 'ФОРА1 по геймам (-2.5)', NULL, '\n  Теннис/  Открытый чемпионат США. Мужчины. Парный разряд. 1/8 финала\n', 1.66),
	(122003, 'Динамо Рига - Локомотив', NULL, 'ИТБ2 (2.5)', NULL, '\n  Хоккей/  КХЛ\n', 1.79),
	(122004, 'Спартак - СКА', NULL, 'ИТБ2 (2.5)', NULL, '\n  Хоккей/  КХЛ\n', 1.35),
	(122005, 'Волта Редонда - Тупи', NULL, 'ФОРА1 (0)', NULL, '\n  Футбол/  Чемпионат Бразилии. Серия C.\n', 1.28),
	(122006, 'Алькоркон - Альбасете', NULL, 'ФОРА1 (0)', NULL, '\n  Футбол/  Чемпионат Испании. Сегунда дивизион.\n', 1.28),
	(122007, 'Салернитана - Тернана', NULL, 'ФОРА1 (0)', NULL, '\n  Футбол/  Чемпионат Италии. Серия В.\n', 1.25),
	(122008, 'Норбю - Варберг', NULL, 'Обе команды забьют: Да', NULL, '\n  Футбол/  Швеция. Суперэттан\n', 1.52),
	(122009, 'Отвидаберг - Вернамо', NULL, 'ИТБ1 (0.5)', NULL, '\n  Футбол/  Швеция. Суперэттан\n', 1.31),
	(122010, 'ГАИС - Эргрюте', NULL, 'ФОРА2 (1.5)', NULL, '\n  Футбол/  Швеция. Суперэттан\n', 1.18),
	(122011, 'Р.Надаль - А.Долгополов', NULL, 'П2', NULL, '\n  Теннис/  Открытый чемпионат США. Мужчины. Одиночный разряд. 1/8 финала\n', 6.2),
	(122012, 'Д.Гоффин - А.Рублев', NULL, 'ФОРА2 по сетам (2.5)', NULL, '\n  Теннис/  Открытый чемпионат США. Мужчины. Одиночный разряд. 1/8 финала\n', 1.33),
	(122013, 'Шафаржова Л. - Вандевеге К.', NULL, 'Тотал по геймам больше (21.5)', NULL, '\n  Теннис/  Женщины. US Open.\n', 1.7),
	(122014, 'Гоффин Д. - Рублев А.', NULL, 'ФОРА1 по сетам (-1.5)', NULL, '\n  Теннис/  Мужчины. US Open.\n', 1.9),
	(122015, 'Спартак М (бр) - СКА (бр)', NULL, 'ТБ (59.5)', NULL, '\n  Хоккей/  КХЛ. Регулярный чемпионат. Броски в створ ворот.\n', 1.87),
	(122016, 'УГЛ Англия - УГЛ Словакия', NULL, 'ТБ (9.5)', NULL, '\n  Футбол/  Чемпионат мира 2018. Отборочные матчи. Европа. Статистика.\n', 1.9),
	(122017, 'Германия - Норвегия', NULL, 'ТБ (3)', NULL, '\n  Футбол/  Чемпионат мира 2018. Отборочные матчи. Европа.\n', 1.67),
	(122018, 'Польша - Казахстан', NULL, 'ТБ (3.5)', NULL, '\n  Футбол/  Чемпионат мира 2018. Отборочные матчи. Европа.\n', 1.95),
	(122019, 'УГЛ Шотландия - УГЛ Мальта', NULL, 'ТБ (9.5)', NULL, '\n  Футбол/  Чемпионат мира 2018. Отборочные матчи. Европа. Статистика.\n', 1.8),
	(122020, 'Дель Потро Х.М. - Тим Д.', NULL, 'П1', NULL, '\n  Теннис/  Мужчины. US Open.\n', 1.8),
	(122021, 'Испания - Румыния', NULL, 'ФОРА1 (-33.5)', NULL, '\n  Баскетбол/  Мужчины. Чемпионат Европы 2017. Финляндия-Израиль-Румыния-Турция.\n', 1.67),
	(122022, 'Сербия - Турция', NULL, 'ФОРА1 (-4.5)', NULL, '\n  Баскетбол/  Мужчины. Чемпионат Европы 2017. Финляндия-Израиль-Румыния-Турция.\n', 1.67),
	(122023, 'Г.Континен/Д.Пирс - Х.Кабаль/Л.Майер', NULL, 'Точный счет 2:0', NULL, '\n  Теннис/  Открытый чемпионат США. Мужчины. Парный разряд. 1/8 финала\n', 1.95),
	(122024, 'Спартак - СКА', NULL, 'П2', NULL, '\n  Хоккей/  КХЛ\n', 1.39),
	(122025, 'Динамо Рига - Локомотив', NULL, 'П2', NULL, '\n  Хоккей/  КХЛ\n', 1.62),
	(122026, 'Спартак М - СКА', NULL, 'П2', NULL, '\n  Хоккей/  КХЛ. Регулярный чемпионат.\n', 1.44),
	(122027, 'Польша - Казахстан', NULL, 'ТБ (2.5)', NULL, '\n  Футбол/  Чемпионат мира 2018. Отборочные матчи. Европа.\n', 1.36),
	(122028, 'Камерун - Нигерия', NULL, 'ИТБ2 (1.5)', NULL, '\n  Футбол/  Сборные. Чемпионат мира. 2018. Отборочные матчи. Африка. Групповой этап\n', 2.28),
	(122029, 'Ливия - Гвинея', NULL, 'ФОРА2 (0)', NULL, '\n  Футбол/  Сборные. Чемпионат мира. 2018. Отборочные матчи. Африка. Групповой этап\n', 1.55),
	(122030, 'ГАИС - Эргрюте', NULL, 'ТМ (3.5)', NULL, '\n  Футбол/  Чемпионат Швеции. 1-й дивизион.\n', 1.28),
	(122031, 'Норрбю - Варберг', NULL, 'Двойной шанс 1X', NULL, '\n  Футбол/  Чемпионат Швеции. 1-й дивизион.\n', 1.44),
	(122032, 'Отвидаберг - Вернамо', NULL, 'ТБ (2)', NULL, '\n  Футбол/  Чемпионат Швеции. 1-й дивизион.\n', 1.29),
	(122033, 'Бостон - Торонто', NULL, 'ТБ (8)', NULL, '\n  Бейсбол/  MLB. Регулярный чемпионат.\n', 1.44),
	(122034, 'Л.А. Доджерс - Аризона', NULL, 'ТБ (6.5)', NULL, '\n  Бейсбол/  MLB. Регулярный чемпионат.\n', 1.43),
	(122035, 'Дель Потро Х.М. - Тим Д.', NULL, 'П2', NULL, '\n  Теннис/  Мужчины. US Open.\n', 1.95),
	(122036, 'Шафаржова Л. - Вандевеге К.', NULL, 'Тотал по геймам больше (21.5)', NULL, '\n  Теннис/  Женщины. US Open.\n', 1.7),
	(122037, 'ЖК Польша - ЖК Казахстан', NULL, 'ИТБ2 (2.5)', NULL, '\n  Футбол/  Чемпионат мира 2018. Отборочные матчи. Европа. Статистика.\n', 1.81),
	(122038, 'Черногория - Румыния', NULL, 'ФОРА1 (-1)', NULL, '\n  Футбол/  Чемпионат мира 2018. Отборочные матчи. Европа.\n', 3.2),
	(122039, 'Сев. Ирландия - Чехия', NULL, 'ФОРА1 (0)', NULL, '\n  Футбол/  Чемпионат мира 2018. Отборочные матчи. Европа.\n', 2.06),
	(122040, 'Гоффин Д. - Рублев А.', NULL, 'П1', NULL, '\n  Теннис/  Мужчины. US Open.\n', 1.48),
	(122041, 'Спартак М - СКА', NULL, 'ТМ (6)', NULL, '\n  Хоккей/  КХЛ. Регулярный чемпионат.\n', 1.54),
	(122042, 'Германия - Норвегия', NULL, 'ИТБ1 (1.5)', NULL, '\n  Футбол/  Чемпионат мира 2018. Отборочные матчи. Европа.\n', 1.23),
	(122043, 'Континен Х./Пирс Дж. - Кабаль Х.С./Майер Л.', NULL, 'П1', NULL, '\n  Теннис/  Мужчины. US Open. Пары.\n', 1.37),
	(122044, 'Надаль Р. - Долгополов А.', NULL, 'П1', NULL, '\n  Теннис/  Мужчины. US Open.\n', 1.12),
	(122045, 'ГАИС - Эргрюте', NULL, 'Двойной шанс 1X', NULL, '\n  Футбол/  Швеция. Суперэттан\n', 1.4),
	(122046, 'Норбю - Варберг', NULL, 'ИТБ1 (1)', NULL, '\n  Футбол/  Швеция. Суперэттан\n', 1.36),
	(122047, 'Отвидаберг - Вернамо', NULL, 'ТМ (4)', NULL, '\n  Футбол/  Швеция. Суперэттан\n', 1.22),
	(122048, 'Англия - Словакия', NULL, 'ИТБ2 (0.5)', NULL, '\n  Футбол/  Сборные. Чемпионат мира. 2018. Отборочные матчи. Европа. Групповой этап\n', 2.01),
	(122049, 'Шотландия - Мальта', NULL, 'ФОРА1 (-2)', NULL, '\n  Футбол/  Сборные. Чемпионат мира. 2018. Отборочные матчи. Европа. Групповой этап\n', 1.28),
	(122050, 'УГЛ Шотландия - УГЛ Мальта', NULL, 'ИТБ1 (6.5)', NULL, '\n  Футбол/  Чемпионат мира 2018. Отборочные матчи. Европа. Статистика.\n', 1.44),
	(122051, 'Испания - Румыния', NULL, 'ТБ (149.5)', NULL, '\n  Баскетбол/  Мужчины. Чемпионат Европы 2017. Финляндия-Израиль-Румыния-Турция.\n', 1.56),
	(122052, 'Польша - Казахстан', NULL, 'ФОРА1 (-1.5)', NULL, '\n  Футбол/  Сборные. Чемпионат мира. 2018. Отборочные матчи. Европа. Групповой этап\n', 1.23),
	(122053, 'Армения - Дания', NULL, 'ФОРА2 (-1)', NULL, '\n  Футбол/  Сборные. Чемпионат мира. 2018. Отборочные матчи. Европа. Групповой этап\n', 1.63),
	(122054, 'Северная Ирландия - Чехия', NULL, 'ФОРА1 (0)', NULL, '\n  Футбол/  Сборные. Чемпионат мира. 2018. Отборочные матчи. Европа. Групповой этап\n', 2.06),
	(122055, 'Черногория - Румыния', NULL, 'ФОРА1 (0)', NULL, '\n  Футбол/  Сборные. Чемпионат мира. 2018. Отборочные матчи. Европа. Групповой этап\n', 1.59),
	(122056, 'Армения - Дания', NULL, 'П2', NULL, '\n  Футбол/  Сборные. Чемпионат мира. 2018. Отборочные матчи. Европа. Групповой этап\n', 1.41),
	(122057, 'Азербайджан - Сан-Марино', NULL, 'ТМ (3.5)', NULL, '\n  Футбол/  Сборные. Чемпионат мира. 2018. Отборочные матчи. Европа. Групповой этап\n', 1.62),
	(122058, 'Автодор - Сибиряк', NULL, 'П2', NULL, '\n  Футзал/  Чемпионат России.\n', 1.41),
	(122059, 'Англия - Словакия', NULL, 'ТМ (3)', NULL, '\n  Футбол/  Чемпионат мира 2018. Отборочные матчи. Европа.\n', 1.54),
	(122060, 'Германия - Норвегия', NULL, 'ФОРА1 (-1.5)', NULL, '\n  Футбол/  Чемпионат мира 2018. Отборочные матчи. Европа.\n', 1.43),
	(122061, 'Шотландия - Мальта', NULL, 'ТМ (4.5)', NULL, '\n  Футбол/  Чемпионат мира 2018. Отборочные матчи. Европа.\n', 1.39),
	(122062, 'Польша - Казахстан', NULL, 'ИТБ1 (1.5)', NULL, '\n  Футбол/  Чемпионат мира 2018. Отборочные матчи. Европа.\n', 1.15),
	(122063, 'Азербайджан - Сан-Марино', NULL, 'ТМ (3.5)', NULL, '\n  Футбол/  Чемпионат мира 2018. Отборочные матчи. Европа.\n', 1.6),
	(122064, 'Армения - Дания', NULL, 'ФОРА1 (+1.5)', NULL, '\n  Футбол/  Чемпионат мира 2018. Отборочные матчи. Европа.\n', 1.86),
	(122065, 'Германия - Норвегия', NULL, 'ФОРА1 (-2)', NULL, '\n  Футбол/  Чемпионат мира 2018. Отборочные матчи. Европа.\n', 1.68),
	(122066, 'Норрбю - Варберг', NULL, 'Двойной шанс 1X', NULL, '\n  Футбол/  Чемпионат Швеции. 1-й дивизион.\n', 1.44),
	(122067, 'Польша - Казахстан', NULL, 'Пенальти будет: Нет', NULL, '\n  Футбол/  Чемпионат мира 2018. Отборочные матчи. Европа.\n', 1.46),
	(122068, 'Шотландия - Мальта', NULL, 'ИТБ1 (2.5)', NULL, '\n  Футбол/  Чемпионат мира 2018. Отборочные матчи. Европа.\n', 1.51),
	(122069, 'Торпедо НН - Динамо Мск', NULL, 'ИТБ2 (1.5)', NULL, '\n  Хоккей/  КХЛ. Регулярный чемпионат.\n', 1.79),
	(122070, 'Северсталь - Динамо-Минск', NULL, 'Двойной шанс X2', NULL, '\n  Хоккей/  КХЛ. Регулярный чемпионат.\n', 1.59),
	(122071, 'Динамо Р - Локомотив', NULL, 'ИТБ2 (1.5)', NULL, '\n  Хоккей/  КХЛ. Регулярный чемпионат.\n', 1.27),
	(122072, 'Норбю - Варберг', NULL, 'Двойной шанс 1X', NULL, '\n  Футбол/  Швеция. Суперэттан\n', 1.49),
	(122073, 'ГАИС - Эргрюте', NULL, 'ТМ (3.5)', NULL, '\n  Футбол/  Швеция. Суперэттан\n', 1.29),
	(122074, 'Отвидаберг - Вернамо', NULL, 'Двойной шанс X2', NULL, '\n  Футбол/  Швеция. Суперэттан\n', 1.36),
	(122075, 'Спартак М - СКА', NULL, 'П2', NULL, '\n  Хоккей/  КХЛ. Регулярный чемпионат.\n', 1.44),
	(122076, 'Сербия - Турция', NULL, 'ФОРА1 (-6.5)', NULL, '\n  Баскетбол/  Мужчины. Чемпионат Европы 2017. Финляндия-Израиль-Румыния-Турция.\n', 1.95),
	(122077, 'Камбоджа - Вьетнам', NULL, 'П2', NULL, '\n  Футбол/  Сборные. Кубок Азии. 2019. Отборочные матчи. 3-й раунд. Групповой этап\n', 1.43),
	(122078, 'Макао - Индия', NULL, 'П2', NULL, '\n  Футбол/  Сборные. Кубок Азии. 2019. Отборочные матчи. 3-й раунд. Групповой этап\n', 1.27),
	(122079, 'Оман - Мальдивы', NULL, '1-я команда забьет: Да', NULL, '\n  Футбол/  Сборные. Кубок Азии. 2019. Отборочные матчи. 3-й раунд. Групповой этап\n', 1.04),
	(122080, 'Бахрейн - Китайский Тайбэй', NULL, '1-я команда забьет: Да', NULL, '\n  Футбол/  Сборные. Кубок Азии. 2019. Отборочные матчи. 3-й раунд. Групповой этап\n', 1.07),
	(122081, 'Иордания - Афганистан', NULL, '1-я команда забьет: Да', NULL, '\n  Футбол/  Сборные. Кубок Азии. 2019. Отборочные матчи. 3-й раунд. Групповой этап\n', 1.08),
	(122082, 'Армения - Дания', NULL, 'ФОРА2 (-1)', NULL, '\n  Футбол/  Чемпионат мира 2018. Отборочные матчи. Европа.\n', 1.6),
	(122083, 'Англия - Словакия', NULL, 'П1', NULL, '\n  Футбол/  Чемпионат мира 2018. Отборочные матчи. Европа.\n', 1.42),
	(122084, 'Let\'s Do It - SFT e-sports', NULL, 'П2', NULL, '\n  Киберспорт/  Dota 2. WellPlay Invitational.\n', 1.75),
	(122085, 'Касаткина Д. - Канепи К.', NULL, 'П1', NULL, '\n  Теннис/  Женщины. US Open.\n', 1.48),
	(122086, 'Балтика - Луч-Энергия', NULL, 'П1', '2017-09-06', 'Футбол/ Россия. ФНЛ', 1.41),
	(122087, 'Динамо Рига - СКА', NULL, 'П2', '2017-09-06', 'Хоккей / КХЛ', 1.33);
/*!40000 ALTER TABLE `IVENTS` ENABLE KEYS */;

-- Дамп структуры для таблица bma_data.QUESTIONS
CREATE TABLE IF NOT EXISTS `QUESTIONS` (
  `ID` bigint(255) NOT NULL AUTO_INCREMENT,
  `question` varchar(2000) NOT NULL,
  `answer` varchar(5000) DEFAULT NULL,
  PRIMARY KEY (`ID`)
) ENGINE=InnoDB AUTO_INCREMENT=11 DEFAULT CHARSET=utf8;

-- Дамп данных таблицы bma_data.QUESTIONS: ~10 rows (приблизительно)
/*!40000 ALTER TABLE `QUESTIONS` DISABLE KEYS */;
INSERT INTO `QUESTIONS` (`ID`, `question`, `answer`) VALUES
	(1, 'Как выбрать букмекера?', 'Подробное <a href="#">описание и рейтинг букмекеров</a> - составлено на основе оценки по четырем основным показателям: надежность, \r\nлиния, удобству работы и бонусы. Все баллы детализированы в описаниях. Только разрешенные в РФ сайты букмекерских контор.'),
	(2, 'Как зарегистрироваться?', '<center>Пример регистрации в <a rel="nofollow" target="_blank" href="https://www.1xbet.com/">1xBET</a> по номеру телефона.</center>\r\n<br>\r\n1) Переходим на сайт <a rel="nofollow" target="_blank" href="https://www.1xbet.com/">1xBET</a>, в правом верхнем угла кнопка "регистрация".<br><br>\r\n2) В появившемся окошке выбираем "по номеру телефона" и указываем свой номер мобильного телефона, и жмем "Зарегистрироваться".<br><br>\r\n<img src="bootstrap/img/registration/registration-by-phone.jpg" width="50%" alt="Форма регистрации по номеру телефона">  \r\n<br><br>\r\n3) Данные с вашим логином и паролем отправлены SMS сообщением:<br><br>\r\nИнформацию для регистрации в конкретной букмекерской конторе Вы сможете найти в подробном <a href="#">описании букмекеров</a>  '),
	(3, 'Как пополнить счет с банковской карты?', '<center>На примере поплнения счета в <a rel="nofollow" target="_blank" href="https://www.1xbet.com/">1xBET</a>.</center>\r\n<br>\r\n1) Для того, чтобы пополнить счёт с помощью банковской карты Вам необходимо зайти на\r\nстраницу пополнения счёта нажав на кнопку «Пополнить» в верхней правой части страницы.\r\n<br><br>\r\n2) В зависимости от типа Вашей карты выберите нужную иконку.\r\n<br><br>\r\n3) Укажите сумму, и email. \r\n<br><br>\r\n<img src="bootstrap/img/bankCard/card-form.jpg" width="35%" alt="Форма для заполнения суммы пополнения и email">\r\n<br><br>\r\n4) Далее Вы будете перенаправлены на платёжную страницу, где Вам нужно\r\nбудет заполнить данные с карты. \r\n<br><br>\r\n<img src="bootstrap/img/bankCard/card-data.jpg" width="50%" alt="Форма для заполнения данных карты">\r\n<br><br>\r\n5) Жмем, "Pay Now". Вскоре Ваш счёт будет пополнен.\r\n\r\n'),
	(4, 'Как пополнить счет с интернет кошелька?', '<center>На примере поплнения счета в <a rel="nofollow" target="_blank" href="https://www.1xbet.com/">1xBET</a>.</center>\r\n<br>\r\n1) Для того, чтобы пополнить счёт с кошелька Qiwi, Вам необходимо зайти на страницу\r\nпополнения счёта, нажав на кнопку «Пополнить» в верхней правой части страницы.\r\n<br><br>\r\n2) Выбрать иконку Qiwi, ввести желаемую сумму пополнения, номер телефона и нажать\r\n«Пополнить».\r\n<br><br>\r\n<img src="bootstrap/img/qiwi/qiwi-form.jpg" width="35%" alt="QIWI форма для заполнения суммы пополнения и номера телефона">\r\n<br><br>\r\n3) Подтвердить платёж.\r\n<br><br>\r\n<img src="bootstrap/img/qiwi/qiwi-amount-confirm.jpg" width="35%" alt="Подтверждение суммы платежа">\r\n<br><br>\r\n4) Далее Вы будете перенаправлены на сайт Qiwi, где нужно будет подтвердить оплату кодом,\r\nкоторый придёт на телефон, привязанный к Вашему кошельку. Вскоре Ваш счёт будет пополнен.\r\n<br><br>\r\n<img src="bootstrap/img/qiwi/qiwi-confirm-by-phone.jpg" width="50%" height = "30%" alt="Подтверждение транзакции кодом из SMS">\r\n\r\n'),
	(5, 'Как пополнить счет мобильным платежём?', '<center>На примере поплнения счета в <a rel="nofollow" target="_blank" href="https://www.1xbet.com/">1xBET</a>.</center>\r\n<br>\r\n1) Для того, чтобы пополнить счёт с помощью мобильного телефона, Вам необходимо зайти\r\nна страницу пополнения счёта, нажав на кнопку «Пополнить» в верхней правой части страницы.\r\n<br><br>\r\n2) Далее, в зависимости от Вашего мобильного оператора, нужно выбрать иконку.\r\n<br><br>\r\n<img src="bootstrap/img/mobile/operator-select.jpg" width="50%" alt="Выбор оператора">\r\n<br><br>\r\n3) Ввести желаемую сумму пополнения, номер телефона и нажать «Подтвердить»\r\n<br><br>\r\n<img src="bootstrap/img/mobile/operator-form.jpg" width="50%" alt="Форма для заполнения суммы пополнения и номера телефона">\r\n<br><br>\r\n4) На ваш номер телефона поступит сообщение, где нужно будет подтвердить списание\r\nсредств со счёта мобильного. Вскоре ваш счет будет пополнен.\r\n<br><br>\r\n<img src="bootstrap/img/mobile/SMS.jpg" width="65%" alt="Подтверждение транзакции по SMS">\r\n'),
	(6, 'Как сделать ставку?', '<center>На примере ставки в <a rel="nofollow" target="_blank" href="https://www.1xbet.com/">1xBET</a>.</center>\r\n<br>\r\n1) Чтобы сделать ставку, Вам необходимо зайти\r\nна главную страницу <a rel="nofollow" target="_blank" href="https://www.1xbet.com/">1xBET</a>, войти в свой аккаунт. Далее 4 простых шага:<br><br>\r\n- Выбираем в меню слева интересующий вид спорта и чемпионат.<br> \r\n- Выбираем отдельное событие, например Манчестер Юнайтед - Лестер.<br> - Выбираем на что ставим.<br>\r\n- Справа можно увидеть информацию по ставке. Вводим там сумму и нажимаем кнопку "Сделать ставку".\r\n<br><br>\r\n<img src="bootstrap/img/bet/bet.jpg" width="100%" alt="Создание и подтверждение ставки">\r\n<br><br>\r\n3) Видим следующее сообщение с информацией о Вашей ставке. \r\n<br><br>\r\n<img src="bootstrap/img/bet/bet-info.jpg" width="35%" alt="Купон с информацией о сделанной ставке">\r\n<br><br>\r\n '),
	(7, 'Как узнать результат ставки?', '<center>На примере в <a rel="nofollow" target="_blank" href="https://www.1xbet.com/">1xBET</a>.</center>\r\n<br>\r\n1) Чтобы узнать результат, Вам необходимо зайти\r\nна главную страницу <a rel="nofollow" target="_blank" href="https://www.1xbet.com/">1xBET</a>, войти в свой аккаунт. Далее в верху справа выбираем личный кабинет и история ставок.\r\nПосле окончания события, там будет отображаться результат вашей ставки. \r\n<br><br>\r\n<img src="bootstrap/img/betResult/bet-result.jpg" width="100%" alt="Исход ставки">\r\n<br><br>\r\n'),
	(8, 'Как снять деньги?', '<center>На примере вывода на карту в <a rel="nofollow" target="_blank" href="https://www.1xbet.com/">1xBET</a>.</center>\r\n<br>\r\n1) Для того, чтобы вывести деньги на банковскую карту Вам необходимо войти в свой аккаунт на <a rel="nofollow" target="_blank" href="https://www.1xbet.com/">1xBET</a>. Вверху слева выбираем личный кабинет и вывести со счета. Далее выбираем свою карту и заполняем данные на форме. \r\n<br><br>\r\n<img src="bootstrap/img/out/card-form.jpg" width="100%" alt="Форма вывода средств на карту">\r\n<br><br>\r\n2) Жмем "Подтвердить". Вскоре Ваши деньги придут на Вашу карту. '),
	(9, 'Основные термины, используемые букмекерскими конторами.', '<ul>\r\n<li><b>Ставка</b> – деньги, с помощью которых вы заключаете пари на какое-либо событие, на которое букмекерской конторой выставлен коэффициент.</li>\r\n<li><b>Коэффициент</b> – числовое измерение вероятности наступления события, его выставляют букмекеры. Как правило, он бывает дробным и десятичным – этот вид более привычный и понятный нам.</li>\r\n<li><b>Исход</b> – результат события, который рассчитан букмекерской конторой.</li>\r\n<li><b>Выигрыш</b> – та сумма, которая начисляется на ваш счет в букмекерской конторе в случае, если ваша ставка оказалась верной, т.е. событие, на которое вы заключили пари,  произошло.</li>\r\n<li><b>Проигрыш</b> – та сумма, которую вы теряете  если  ваша ставка оказалась неверной, т.е. событие, на которое вы заключили пари,  не произошло.</li>\r\n<li><b>Ординар</b> – одиночная ставка, т.е. ставка на одно событие.  В случае выигрыша, ставка рассчитывается как произведение суммы вашей ставки на предложенный коэффициент. \r\nНапример, вы поставили 2 доллара на событие, оцененное букмекером коэффициентом 1,9. В случае выигрыша, сумма, на которую пополнится ваш счет будет 3,8 доллара, \r\nчистая прибыль 3,8 – 2 (сумма ставки)= 1,8 доллара.</li>\r\n<li><b>Экспресс</b> –  комбинирование одиночных ставок – ординаров на исходы нескольких событий. Для экспресса  можно выбрать любые события, которые не зависят друг от друга. \r\nКоэффициент по экспрессу будет равен произведению коэффициентов на те события, которые вы выбрали. Для выигрыша по экспрессу необходимо чтобы все входящие в него события были не проиграны \r\n(т.е. если по какому-то событию будет возврат с коэффициентом 1, то это будет считаться выигрышем). Если хотя бы 1 из событий, объединенных в экспресс, проиграет, то весь экспресс \r\nсчитается проигранным.</li>\r\n<li><b>Мультиставка</b> – это система ставок, состоящая из экспрессов и ординаров, которые клиент собирает в одном купоне в оптимальной для себя комбинации.\r\n<li><b>Условная ставка</b> – это ставка, состоящая из набора независимых друг от друга экспрессов или ординаров. Получить выигрыш клиент может как с одного события в условной ставке, так и со всех событий.\r\n<li><b>Антиэкспресс</b> – это противоположность экспрессу, то есть игрок собирает экспресс и получает выигрыш в том случае, если хотя бы одно событие в экспрессе проигрывает.\r\n<li><b>Лаки</b> – это специальный вид ставок, в котором игрок выбирает три и более события и может выиграть во всех возможных видах экспрессов и ординаров на эти события.\r\n<li><b>Патент</b> – это специальный вид ставок – совокупность всех возможных экспрессов из нескольких событий.\r\n<li><b>Линия букмекерской конторы</b> – это список оценок (котировок) спортивных событий. Каждому игроку важно понимать, что эти оценки выставляются на основе различных \r\nпараметров, но ни в коем случае не известно как пойдет дело в реальной встрече в реальном времени, нередки случаи когда проигрывают заведомо \r\nболее сильные и мастеровитые спортсмены.</li>\r\n<li><b>Маржа</b> букмекерской конторы – прибыль, закладываемая букмекером в предлагаемые коэффициенты. Например, William’s Hill, выставляя в футбольном\r\nматче на событие четное/нечетное количество голов  коэффициенты 1,91/1,91 в каждый коэффициент закладывает свою маржу 4,5%.</li>\r\n</ul>'),
	(10, 'Основные варианты исходов ставок и их обозначения.', '<ul>\r\n<li><b>1</b> – победа первой команды.</li>\r\n<li><b>Х</b> – ничья.</li>\r\n<li><b>2</b> – победа второй команды.</li>\r\n<li><b>1Х</b> – победа первой команды или ничья.</li>\r\n<li><b>Х2</b> – победа второй команды или ничья.</li>\r\n<li><b>12</b> – победа 1 или 2 команды, если будет ничья, то ставка проиграна.</li>\r\n<li><b>Ф1</b> – фора относится только к голам первой команды.</li>\r\n<li><b>Ф2</b> – фора относится только к голам второй команды.</li>\r\n<li><b>Тб 2,5</b> — тотал забитых голов в матче больше 2,5 голов.</li>\r\n<li><b>Тм 3</b> - тотал забитых голов в матче меньше 3 голов.</li>\r\n<li><b>Итб1 (1,5)</b> - индивидуальный тотал, означающий общее количество забитых голов первой командой больше величины, указанной в скобках (в нашем примере — больше 1,5).</li>\r\n<li><b>Итм2 (2,5)</b> — индивидуальный тотал, означающий общее количество забитых голов второй командой (в нашем примере — меньше 2,5).</li>\r\n<li><b>Расчет ставки с форой (гандикапом).</b> После обозначения форы Ф и указания на кого (1или2) идет указание того, какая фора. Она может быть со знаками «+» или «-». «+» означает, \r\nчто следующее за ним число надо прибавить к счету со стороны той команды, на которую стоит фора, «-» соответственно отнять эту фору. Например, возьмем выдуманный матч Зенит — Волга.\r\nФ1 (-1,5) – ставка на то, что 1-я команда (в данном случае, Зенит) выиграет с разницей 2 и больше мячей. Т.е. допустим, что итоговый результат  3:1, то мы от мячей первой команды (от 3) \r\nвычитаем 1,5, получаем счет 1,5:1 – по нему первая команда выигрывает, значит и ваша ставка тоже выигрывает. Аналогично счет 2:0, 3:0, 4:2 и т.д. для этой ставки нас устраивает. \r\nАналогично если бы у нас была ставка Ф2 (+1,5) , то к голам второй команды вам надо будет прибавить 1,5, если полученный результат будет верным (в  нашем примере подошел бы счет, например, 2:1), \r\nто и ваша ставка будет выигрышной. Таким образом, в данном примере, ставки Ф1(-1,5) и Ф2(+1,5) – идентичны.</li>\r\n<li><b>Азиатская фора (азиатский гандикап).</b> Фора, кратная 0,25. Принимая такую ставку, фактически букмекер принимает 2 ставки, например Ф (+1,25) разбивается на Ф (+1)и Ф (+1,5),\r\nсоответственно, на каждую из фор идет половина суммы ставки. Результатом может быть выигрыш/ проигрыш по обеим ставкам, а также можно одну ставку выиграть, а по другой получить возврат.</li>\r\n<li><b>Тотал (от английского total – общий, суммарный)</b> – общее за матч количество забитых голов, шайб и т.п.  У каждой букмекерской конторы свои правила подсчета тоталов – в некоторых \r\nсчитается только голы (шайбы и т.п.), забитые в основное время, в некоторых учитывается все, что было забито и в добавленное время. При подсчете количества голов в футбольных матчах счет \r\n0:0 считается четным.</li>\r\n</ul>');
/*!40000 ALTER TABLE `QUESTIONS` ENABLE KEYS */;

-- Дамп структуры для таблица bma_data.USERS
CREATE TABLE IF NOT EXISTS `USERS` (
  `ID` bigint(100) NOT NULL AUTO_INCREMENT,
  `LOGIN` varchar(50) NOT NULL,
  `PASSWORD` varchar(50) NOT NULL,
  PRIMARY KEY (`ID`)
) ENGINE=InnoDB AUTO_INCREMENT=2 DEFAULT CHARSET=utf8;

-- Дамп данных таблицы bma_data.USERS: ~0 rows (приблизительно)
/*!40000 ALTER TABLE `USERS` DISABLE KEYS */;
INSERT INTO `USERS` (`ID`, `LOGIN`, `PASSWORD`) VALUES
	(1, 'Admin', '123123');
/*!40000 ALTER TABLE `USERS` ENABLE KEYS */;

/*!40101 SET SQL_MODE=IFNULL(@OLD_SQL_MODE, '') */;
/*!40014 SET FOREIGN_KEY_CHECKS=IF(@OLD_FOREIGN_KEY_CHECKS IS NULL, 1, @OLD_FOREIGN_KEY_CHECKS) */;
/*!40101 SET CHARACTER_SET_CLIENT=@OLD_CHARACTER_SET_CLIENT */;
