-- --------------------------------------------------------
-- Хост:                         127.0.0.1
-- Версия сервера:               5.1.41-community - MySQL Community Server (GPL)
-- Операционная система:         Win32
-- HeidiSQL Версия:              9.4.0.5125
-- --------------------------------------------------------

/*!40101 SET @OLD_CHARACTER_SET_CLIENT=@@CHARACTER_SET_CLIENT */;
/*!40101 SET NAMES utf8 */;
/*!40014 SET @OLD_FOREIGN_KEY_CHECKS=@@FOREIGN_KEY_CHECKS, FOREIGN_KEY_CHECKS=0 */;
/*!40101 SET @OLD_SQL_MODE=@@SQL_MODE, SQL_MODE='NO_AUTO_VALUE_ON_ZERO' */;


-- Дамп структуры базы данных bma_data
CREATE DATABASE IF NOT EXISTS `bma_data` /*!40100 DEFAULT CHARACTER SET utf8 */;
USE `bma_data`;

-- Дамп структуры для таблица bma_data.bookmakers
CREATE TABLE IF NOT EXISTS `bookmakers` (
  `ID` bigint(20) NOT NULL AUTO_INCREMENT,
  `NAME` varchar(100) NOT NULL,
  `LINK` varchar(250) DEFAULT NULL,
  `IMAGE` varchar(250) DEFAULT NULL,
  `DESCRIPTION` varchar(21000) DEFAULT NULL,
  `PLUSES` text,
  `MINUSES` text,
  `RELIABILITY` int(10) DEFAULT NULL,
  `LINE` int(10) DEFAULT NULL,
  `USABILITY` int(10) DEFAULT NULL,
  `RESULT` int(10) DEFAULT NULL,
  `CURRENCY` text,
  `PAYMENTS` text,
  PRIMARY KEY (`ID`)
) ENGINE=InnoDB AUTO_INCREMENT=9 DEFAULT CHARSET=utf8;

-- Дамп данных таблицы bma_data.bookmakers: ~3 rows (приблизительно)
/*!40000 ALTER TABLE `bookmakers` DISABLE KEYS */;
INSERT INTO `bookmakers` (`ID`, `NAME`, `LINK`, `IMAGE`, `DESCRIPTION`, `PLUSES`, `MINUSES`, `RELIABILITY`, `LINE`, `USABILITY`, `RESULT`, `CURRENCY`, `PAYMENTS`) VALUES
	(1, '1xBet', 'https://www.1xbet.com/test', 'bootstrap/img/bkLogo/1xbet.svg', 'Описание 1хBet', '- выплачивает налог 13%<br>- полностью легальная<br>- широкая линия<br>- низкая маржа<br>- видеотранляции<br>- минимальная ставка - 20 руб.', '- выплачивает налог 13%<br>- полностью легальная<br>- широкая линия<br>- низкая маржа<br>- видеотранляции<br>- минимальная ставка - 20 руб.', 3, 5, 10, 9, '- RUB<br>- USD ', '- Visa<br>- MasterCard<br>- Qiwi Wallet<br>- Moneta.ru'),
	(2, 'БК ЛЕОН', 'https://www.leon.ru/test', 'bootstrap/img/bkLogo/leon.png', 'Красавцы', '- выплачивает налог 13%<br>- полностью легальная<br>- широкая линия<br>- низкая маржа<br>- видеотранляции<br>- минимальная ставка - 20 руб.', '- выплачивает налог 13%<br>- полностью легальная<br>- широкая линия<br>- низкая маржа<br>- видеотранляции<br>- минимальная ставка - 20 руб.', 2, 3, 8, 3, '- RUB<br>- USD ', '- Visa<br>- MasterCard<br>- Qiwi Wallet<br>- Moneta.ru'),
	(3, 'Лига Ставок', 'https://www.ligastavok.ru/test', 'bootstrap/img/bkLogo/ligaStavok.webp', 'В ожидании', '- выплачивает налог 13%<br>- полностью легальная<br>- широкая линия<br>- низкая маржа<br>- видеотранляции<br>- минимальная ставка - 20 руб.', '- выплачивает налог 13%<br>- полностью легальная<br>- широкая линия<br>- низкая маржа<br>- видеотранляции<br>- минимальная ставка - 20 руб.', 4, 10, 2, 7, '- RUB<br>- USD ', '- Visa<br>- MasterCard<br>- Qiwi Wallet<br>- Moneta.ru');
/*!40000 ALTER TABLE `bookmakers` ENABLE KEYS */;

-- Дамп структуры для таблица bma_data.expresses
CREATE TABLE IF NOT EXISTS `expresses` (
  `ID` bigint(255) NOT NULL AUTO_INCREMENT,
  `NAME` varchar(200) DEFAULT NULL,
  `DATE` date NOT NULL,
  `SOURCE` varchar(200) DEFAULT NULL,
  `DESCRIPTION` varchar(10000) DEFAULT NULL,
  PRIMARY KEY (`ID`)
) ENGINE=InnoDB AUTO_INCREMENT=43722 DEFAULT CHARSET=utf8;

-- Дамп данных таблицы bma_data.expresses: ~73 rows (приблизительно)
/*!40000 ALTER TABLE `expresses` DISABLE KEYS */;
INSERT INTO `expresses` (`ID`, `NAME`, `DATE`, `SOURCE`, `DESCRIPTION`) VALUES
	(44, 'MY_EXPRESS', '2017-08-21', NULL, '<br>Горожане открывают сезон домашних матчей противостоянием с неуступчивым Эвертоном. Ириски обязательно навяжут серьезное сопротивление но класс игроков Манчестер Сити и поддержка заполненных трибун помогут хозяевам одержать победу.'),
	(1694, 'MY_EXPRESS', '2017-08-22', NULL, '<br>1) Без удалённых в первом матче Плеа и Козиелло шансов у хозяев 0,а учитывая как убого Ницца обороняется против серьезного нападения и хорошую форму Наполи уверен 2 своих хозяева пропустят и сегодня.<br>\r\n2) В гостях Зенит выглядел неважно. Парни из Питера наверняка соберуться дома, чтобы показать свой лучший футбол. Утрехт же вероятнее всего попробует удерживать преимущество, в 1 мяч, которого не хватит.<br>\r\n3) Дома Авангард явный фаворит встречи. В последний раз ребята раскатали 9-3 Авангард уничтожил Динамо, не вижу причин почему бы им не повторить это сегодня.  '),
	(6719, 'MY_EXPRESS', '2017-08-23', NULL, '&#1061;&#1086;&#1095;&#1077;&#1090;&#1089;&#1103; &#1077;&#1097;&#1077; &#1080; &#1101;&#1082;&#1089;&#1087;&#1088;&#1077;&#1089;&#1089; &#1074;&#1079;&#1103;&#1090;&#1100;, &#1076;&#1091;&#1084;&#1072;&#1102; &#1073;&#1086;&#1083;&#1100;&#1096;&#1077; &#1096;&#1077;&#1089;&#1090;&#1080; &#1096;&#1072;&#1081;&#1073; &#1085;&#1077; &#1076;&#1086;&#1083;&#1078;&#1085;&#1099; &#1079;&#1072;&#1073;&#1099;&#1074;&#1072;&#1090;&#1100;, &#1085;&#1086; &#1042;&#1080;&#1090;&#1103;&#1079;&#1100; &#1085;&#1077;&#1087;&#1083;&#1086;&#1093;&#1086; &#1087;&#1086;&#1082;&#1072;&#1079;&#1072;&#1083; &#1089;&#1077;&#1073;&#1103; &#1074; &#1087;&#1088;&#1086;&#1096;&#1083;&#1086;&#1084; &#1089;&#1077;&#1079;&#1086;&#1085;&#1077;, &#1087;&#1086;&#1089;&#1084;&#1086;&#1090;&#1088;&#1080;&#1084; &#1095;&#1090;&#1086; &#1073;&#1091;&#1076;&#1077;&#1090; &#1074; &#1101;&#1090;&#1086;&#1084;. &#1062;&#1057;&#1050;&#1040; &#1087;&#1088;&#1086;&#1080;&#1075;&#1088;&#1072;&#1083; &#1087;&#1077;&#1088;&#1074;&#1091;&#1102; &#1074;&#1089;&#1090;&#1088;&#1077;&#1095;&#1091;, &#1085;&#1086; &#1101;&#1090;&#1086; &#1073;&#1099;&#1083; &#1095;&#1077;&#1084;&#1087;&#1080;&#1086;&#1085; &#1082;&#1072;&#1082; &#1085;&#1080;&#1082;&#1072;&#1082;, &#1084;&#1085;&#1086;&#1075;&#1086; &#1051;&#1086;&#1082;&#1086;&#1084;&#1086;&#1090;&#1080;&#1074;&#1091; &#1085;&#1077; &#1079;&#1072;&#1073;&#1100;&#1077;&#1096;&#1100;, &#1082;&#1086;&#1084;&#1072;&#1085;&#1076;&#1072; &#1085;&#1077;&#1087;&#1083;&#1086;&#1093;&#1086; &#1080;&#1075;&#1088;&#1072;&#1077;&#1090; &#1074; &#1086;&#1073;&#1086;&#1088;&#1086;&#1085;&#1077;,&#1085;&#1086; &#1075;&#1086;&#1089;&#1090;&#1080; &#1087;&#1086;&#1082;&#1072;&#1079;&#1099;&#1074;&#1072;&#1102;&#1090; &#1090;&#1086;&#1090;&#1072;&#1083;&#1100;&#1085;&#1099;&#1081; &#1093;&#1086;&#1082;&#1082;&#1077;&#1081;. &#1059;&#1078; &#1085;&#1077; &#1074;&#1077;&#1088;&#1080;&#1090;&#1089;&#1103;, &#1095;&#1090;&#1086; &#1057;&#1083;&#1086;&#1074;&#1072;&#1085; &#1077;&#1076;&#1077;&#1090; &#1087;&#1088;&#1086;&#1089;&#1090;&#1086; &#1090;&#1072;&#1082;,&#1075;&#1086;&#1089;&#1090;&#1080; &#1079;&#1085;&#1072;&#1102;&#1090; &#1082;&#1091;&#1076;&#1072; &#1080; &#1089; &#1082;&#1077;&#1084; &#1080;&#1084; &#1087;&#1088;&#1080;&#1076;&#1077;&#1090;&#1089;&#1103; &#1074;&#1089;&#1090;&#1088;&#1077;&#1090;&#1080;&#1090;&#1100;&#1089;&#1103;)&#1086;&#1076;&#1085;&#1091; &#1096;&#1072;&#1081;&#1073;&#1091; &#1076;&#1091;&#1084;&#1072;&#1102;&#1090; &#1086;&#1089;&#1080;&#1083;&#1080;&#1090;,&#1093;&#1086;&#1090;&#1103; &#1074;&#1087;&#1086;&#1083;&#1085;&#1077; &#1084;&#1086;&#1078;&#1077;&#1090; &#1073;&#1099;&#1090;&#1100; &#1080; &#1087;&#1086;&#1073;&#1077;&#1076;&#1072;.'),
	(30675, 'MY_EXPRESS', '2017-08-24', NULL, '<br>1) Зенит откровенно удивил в первом матче и счетом и игрой. Команды такого уровня должна играть в лиге чемпионов, а уж в \r\nлиге европы и подавно. Не выход в следущую стадию будет мега провалом как для клуба так и для именитого тренера так что побеждать обязаны.\r\n<br>2) Омск принимает у себя одну из самых слабых команд лиги. Должны побеждать в основное время без проблем.'),
	(34508, 'MY_EXPRESS', '2017-08-25', NULL, '&#1055;&#1088;&#1080;&#1074;&#1077;&#1090; &#1074;&#1089;&#1077;&#1084;. &#1050;&#1086;&#1085;&#1090;&#1080;&#1085;&#1077;&#1085;&#1090;&#1072;&#1083;&#1100;&#1085;&#1072;&#1103; &#1061;&#1086;&#1082;&#1082;&#1077;&#1080;&#1085;&#1072;&#1103; &#1051;&#1080;&#1075;&#1072;. &#1051;&#1072;&#1076;&#1072; - &#1040;&#1074;&#1090;&#1086;&#1084;&#1086;&#1073;&#1080;&#1083;&#1080;&#1089;&#1090;. &#1040;&#1074;&#1090;&#1086; &#1087;&#1086;&#1082;&#1072;&#1079;&#1099;&#1074;&#1072;&#1077;&#1090; &#1085;&#1077; &#1087;&#1083;&#1086;&#1093;&#1086;&#1081; &#1088;&#1077;&#1079;&#1091;&#1083;&#1100;&#1090;&#1072;&#1090;. &#1063;&#1090;&#1086; &#1074; &#1087;&#1088;&#1077;&#1076;&#1089;&#1077;&#1079;&#1086;&#1085;&#1082;&#1077; &#1063;&#1090;&#1086; &#1074; &#1085;&#1072;&#1095;&#1072;&#1083;&#1077; &#1050;&#1061;&#1051;. &#1054;&#1073;&#1099;&#1075;&#1088;&#1072;&#1083;&#1080; &#1052;&#1072;&#1075;&#1085;&#1080;&#1090;&#1086;&#1075;&#1086;&#1088;&#1089;&#1082; &#1089; &#1087;&#1088;&#1080;&#1083;&#1080;&#1095;&#1085;&#1099;&#1084; &#1089;&#1095;&#1105;&#1090;&#1086;&#1084; 2-5. &#1057;&#1082;&#1088;&#1086;&#1084;&#1085;&#1099;&#1081; &#1090;&#1086;&#1090;&#1072;&#1083; &#1085;&#1072;&#1076;&#1077;&#1102;&#1089;&#1100; &#1079;&#1072;&#1081;&#1076;&#1077;&#1090; &#1087;&#1088;&#1086;&#1090;&#1080;&#1074; &#1051;&#1072;&#1076;&#1099;. &#1042;&#1080;&#1090;&#1103;&#1079;&#1080; &#1074;&#1082;&#1072;&#1090;&#1080;&#1083;&#1080; &#1090;&#1088;&#1080; &#1073;&#1072;&#1085;&#1082;&#1080; &#1044;&#1080;&#1085;&#1072;&#1084;&#1086; &#1087;&#1088;&#1095;&#1077;&#1084; &#1052;&#1089;&#1082;. &#1053;&#1077; &#1086;&#1078;&#1080;&#1076;&#1072;&#1083; &#1089;&#1090;&#1086;&#1083;&#1100;&#1082;&#1086;. &#1057;&#1086;&#1086;&#1090;&#1074;&#1077;&#1090;&#1089;&#1090;&#1074;&#1077;&#1085;&#1085;&#1086; &#1090;&#1086;&#1090;&#1072;&#1083; &#1085;&#1086;&#1088;&#1084;&#1072;&#1083;&#1100;&#1085;&#1099;&#1081;. &#1048;&#1085;&#1090;&#1077;&#1088;&#1077;&#1089;&#1085;&#1086; &#1057;&#1050;&#1040; &#1088;&#1072;&#1089;&#1082;&#1072;&#1090;&#1072;&#1077;&#1090; &#1085;&#1080;&#1095;&#1077;&#1081;&#1082;&#1091; &#1089; &#1049;&#1086;&#1082;&#1077;&#1088;&#1080;&#1090;&#1086;&#1084; &#1080;&#1083;&#1080; &#1085;&#1077;&#1090;. &#1040; &#1087;&#1086; &#1076;&#1077;&#1083;&#1091; &#1101;&#1090;&#1086; &#1057;&#1050;&#1040;!'),
	(35421, 'MY_EXPRESS', '2017-08-26', NULL, '&#1050;&#1088;&#1080;&#1089;&#1090;&#1072;&#1083; &#1055;&#1101;&#1083;&#1072;&#1089; &#1085;&#1077;&#1091;&#1074;&#1077;&#1088;&#1077;&#1085;&#1085;&#1086; &#1089;&#1099;&#1075;&#1088;&#1072;&#1083; &#1087;&#1077;&#1088;&#1074;&#1099;&#1077; 2 &#1090;&#1091;&#1088;&#1072;, &#1079;&#1072;&#1090;&#1086; &#1074; &#1087;&#1086;&#1089;&#1083;&#1077;&#1076;&#1085;&#1077;&#1084; &#1084;&#1072;&#1090;&#1095;&#1077; &#1091;&#1076;&#1072;&#1083;&#1086;&#1089;&#1100; &#1088;&#1072;&#1079;&#1084;&#1103;&#1090;&#1100;&#1089;&#1103; &#1089; &#1048;&#1089;&#1087;&#1074;&#1080;&#1095; &#1058;&#1072;&#1091;&#1085; &#1074; &#1082;&#1091;&#1073;&#1082;&#1077; &#1083;&#1080;&#1075;&#1080;, &#1087;&#1086;&#1088;&#1072; &#1080; &#1057;&#1091;&#1086;&#1085;&#1089;&#1080; &#1076;&#1086;&#1084;&#1072; &#1086;&#1076;&#1086;&#1083;&#1077;&#1090;&#1100;, &#1086;&#1085;&#1080; &#1078;&#1077; &#1089;&#1090;&#1072;&#1088;&#1090;&#1086;&#1074;&#1072;&#1083;&#1080; &#1089; &#1087;&#1086;&#1088;&#1072;&#1078;&#1077;&#1085;&#1080;&#1103; &#1086;&#1090; &#1052;&#1072;&#1085;&#1095;&#1077;&#1089;&#1090;&#1077;&#1088;&#1072;(&#1082;&#1088;&#1072;&#1089;&#1085;&#1086;&#1075;&#1086;) &#1080; &#1085;&#1080;&#1095;&#1100;&#1080; &#1089; &#1057;&#1072;&#1091;&#1090;&#1075;&#1077;&#1084;&#1087;&#1090;&#1086;&#1085;&#1086;&#1084;.\r\n&#1044;&#1100;&#1103;&#1074;&#1086;&#1083;&#1099; &#1086;&#1073;&#1103;&#1079;&#1072;&#1090;&#1077;&#1083;&#1100;&#1085;&#1086; &#1079;&#1072;&#1073;&#1100;&#1102;&#1090; &#1076;&#1086;&#1084;&#1072; &#1051;&#1077;&#1089;&#1090;&#1077;&#1088;&#1091; &#1080; &#1087;&#1086;&#1089;&#1090;&#1072;&#1088;&#1072;&#1102;&#1090;&#1089;&#1103; &#1087;&#1086;&#1074;&#1090;&#1086;&#1088;&#1080;&#1090;&#1100; &#1088;&#1077;&#1079;&#1091;&#1083;&#1100;&#1090;&#1072;&#1090; &#1087;&#1088;&#1086;&#1096;&#1083;&#1099;&#1093; &#1090;&#1091;&#1088;&#1086;&#1074;. &#1054;&#1076;&#1085;&#1072;&#1082;&#1086; &#1087;&#1086;&#1088;&#1072; &#1073;&#1099; &#1080; &#1087;&#1088;&#1086;&#1087;&#1091;&#1089;&#1090;&#1080;&#1090;&#1100; &#1093;&#1086;&#1090;&#1100; &#1086;&#1076;&#1080;&#1085; &#1075;&#1086;&#1083;. &#1059; &#1051;&#1077;&#1089;&#1090;&#1077;&#1088;&#1072; &#1077;&#1089;&#1090;&#1100; &#1084;&#1085;&#1086;&#1075;&#1086; &#1087;&#1088;&#1080;&#1095;&#1080;&#1085; &#1087;&#1086; &#1082;&#1086;&#1090;&#1086;&#1088;&#1099;&#1084; &#1074;&#1086;&#1088;&#1086;&#1090;&#1072; &#1052;&#1072;&#1085;&#1095;&#1077;&#1089;&#1090;&#1077;&#1088;&#1072; &#1085;&#1077; &#1086;&#1089;&#1090;&#1072;&#1085;&#1091;&#1090;&#1089;&#1103; &#1089;&#1091;&#1093;&#1080;&#1084;&#1080;. '),
	(37146, 'MY_EXPRESS', '2017-08-27', NULL, '&#1056;&#1077;&#1072;&#1083; &#1087;&#1086; &#1087;&#1088;&#1077;&#1078;&#1085;&#1077;&#1084;&#1091; &#1085;&#1072;&#1093;&#1086;&#1076;&#1080;&#1090;&#1089;&#1103; &#1074; &#1086;&#1090;&#1083;&#1080;&#1095;&#1085;&#1086;&#1081; &#1092;&#1086;&#1088;&#1084;&#1077;, &#1074; &#1090;&#1086; &#1074;&#1088;&#1077;&#1084;&#1103; &#1082;&#1072;&#1082; &#1042;&#1072;&#1083;&#1077;&#1085;&#1089;&#1080;&#1103; &#1079;&#1072;&#1082;&#1086;&#1085;&#1095;&#1080;&#1083;&#1072; &#1087;&#1088;&#1086;&#1096;&#1083;&#1099;&#1081; &#1089;&#1077;&#1079;&#1086;&#1085; &#1085;&#1072; 12 &#1084;&#1077;&#1089;&#1090;&#1077; &#1080; &#1074;&#1088;&#1103;&#1076; &#1083;&#1080; &#1089;&#1086;&#1089;&#1090;&#1072;&#1074;&#1080;&#1090; &#1082;&#1086;&#1085;&#1082;&#1091;&#1088;&#1077;&#1085;&#1094;&#1080;&#1102; &#1052;&#1072;&#1076;&#1088;&#1080;&#1076;&#1091; &#1085;&#1072; &#1041;&#1077;&#1088;&#1085;&#1072;&#1073;&#1077;&#1091;. \r\n&#1051;&#1080;&#1074;&#1077;&#1088;&#1087;&#1091;&#1083;&#1100; &#1085;&#1077; &#1090;&#1072;&#1082; &#1093;&#1086;&#1088;&#1086;&#1096; &#1074; &#1086;&#1073;&#1086;&#1088;&#1086;&#1085;&#1077;, &#1040;&#1088;&#1089;&#1077;&#1085;&#1072;&#1083; &#1074; &#1101;&#1090;&#1086;&#1084; &#1087;&#1086;&#1082;&#1072;&#1079;&#1072;&#1090;&#1077;&#1083;&#1077; &#1077;&#1097;&#1077; &#1083;&#1091;&#1095;&#1096;&#1077;, &#1091;&#1074;&#1077;&#1088;&#1077;&#1085; &#1082;&#1086;&#1084;&#1072;&#1085;&#1076;&#1099; &#1086;&#1073;&#1103;&#1079;&#1072;&#1090;&#1077;&#1083;&#1100;&#1085;&#1086; &#1086;&#1073;&#1084;&#1077;&#1085;&#1103;&#1102;&#1090;&#1089;&#1103; &#1075;&#1086;&#1083;&#1072;&#1084;&#1080;.'),
	(39211, 'MY_EXPRESS', '2017-08-29', NULL, 'Локомотив принимает Витязь. Локо должен брать три очка, как ни крути соперник удобный.  Хорошо отыграли против ЦСКА и выиграли Слован Бр. \r\n<br>Нефтехимик принимает Ладу. Хозяева хорошо проводят домашние матчи и думаю сегодня ничего не помешает им не проиграть хотя бы в основное время. Всем удачи!\r\n'),
	(40268, 'MY_EXPRESS', '2017-08-30', NULL, 'Всем привет, предлагаем вам такой ординар на сегодня. Предположительно Барыс будет атаковать, Торпедо же точно просто так не сдаcтся. Игра будет плотной и учитывая кондиции команд, которые пока что не в лучшей форме, вероятность большого количества бросков по воротам не большая. Всем удачи.'),
	(41368, 'MY_EXPRESS', '2017-09-01', NULL, 'Всем привет, сегодня теннис, все просто: Радваньска классом выше Путинцевой, поэтому должна побеждать, в теннисе, где все зависит от 1 спортсмена, редко что-то может помешать заведомо сильнейшему сопернику.<br> Макарова сейчас в превосходной форме, надо брать, тем более стаким хорошим коэффициентом.   '),
	(41705, 'MY_EXPRESS', '2017-09-02', NULL, 'У Даши будет шанс победить на харде и коэффициент очень хороший. Болеем за своих!) '),
	(42090, 'MY_EXPRESS', '2017-09-06', NULL, '1. Похоже на то, что Балтика преодолела небольшой кризис и начинает снова набирать очки. Луч с большой долей вероятности ей в этом поможет<br>2. Динамо Рига - СКА. СКА несомненный фаворит данного матча. Как по составу, так и по статистике.'),
	(42091, 'MY_EXPRESS', '2017-09-07', NULL, '1. Штруфф такую небольшую фору должен пробить, у немца более классная подача и он в принципе один из фаворитов на победу в этом турнире. Игнатик в личных встречах уступал с форами и больше чем четыре гейма. <br>2. Стефано Циципас один из наиболее перспективных талантов в данный момент. Пока он не вышел на уровень АТР турниров, но на челленджерах показывает качественный теннис. Алдин Сеткич так и не смог ничего добиться в своей карьере.'),
	(43674, NULL, '2017-09-26', 'https://vprognoze.ru', 'Ставлю против Шахтера ибо есть тенденция -- первый матч выигранный можно сказать на зубах у сильного Наполи дома. После этого идёт откат на выезде причем с крупным счетом. эта картина наблюдается многократно. А тут ещё история с Дарио. У незвездной Зирки выиграли 4-2 умудрились 2 гола пропустить.Ничего хорошего в Англии не будет. Ливер будет гостить в Москве. У Спартака все видят что сезон проваливается. Поэтому здесь ничья для них будет как приобретение. о победе стоит забыть ибо Ливер считает Спартак поставщиком очков.'),
	(43675, NULL, '2017-09-26', 'https://vprognoze.ru', 'Лига Чемпионов УЕФА и вот мой второй экспресс на сегодняшний день. Стамбульский Бешикташ принимает гостей из своей второй родины Немецкий Ред Булл Лейпциг , да немцы конечно хорошо прибавили в последнее время и демонстрирует хороший , качественный футбол , но это Лига Чемпионов , домашняя игра , 42000 тысячи орущих во всю глотку турецких болельщиков которые будут гнать вперед свою команду.  В целом Турки имеют большой опыт выступлений на Евро-Арене в то время как у Лейпцига мало опыта и поэтому я не верю , что гости увезут с собой 3 очка , тут возможно ничья что-то вроде 1-1.Спартак Москва пропускает по 2 гола от Тосно и Анжи , что думать о Ливерпуле с его Салахо , Коутинье и Мане , я более чем уверен в красивой победе Англичан 1-3.'),
	(43676, NULL, '2017-09-26', 'https://vprognoze.ru', 'Лига Чемпионов УЕФА.Монако-Порту.Думаю на данное время хозяева сильнее своего противника и могут одержать победу при поддержке своих болельщиков.Порту умудрились на домашней арене уступить турецкому Бешикташу 1:3.Поверю букмекерам которые считают Монако фаворитом,но подстрахуюсь и возьму их победу с форой(0).Карабах-Рома.В данной игре букмекеры дают хороший кеф на победу гостевой команды и я думаю нужно этим воспользоваться.Вспоминаеться первый матч хозяев с Челси где их ожидал полнейший разгром и стало понятно что уровеня футболистов Карабаха не хватит даже побороться за третье место в группе.Рома приложит все силы для победы над командой которая уступает им в классе и не имеет большого опыта игры в лиге чемпионов.'),
	(43677, NULL, '2017-09-26', 'https://vprognoze.ru', 'Всем добрый день, сегодня вторник и возвращается Лига Чемпионов! Причем есть сумашедшие пары и я ожидаю сегодня веселейший футбол!1) Спартак-ЛиверпульНу здесь , я как приверженец мнения что Карера не тренер, уверен в поражении Москвичей причем с разницей больше одного мяча ! Ливерпуль сейчас на ходу , в строй вернулся Каутинье, в ЛЧ может играть Мане! А у Спартака не будет играть Глушаков плюс давнешние больные Зе,Зобнин! Ставку с "верхом" беру потму что оборона Ливера это что то!) 2)Матч игрового дня! Тут в выборе ставки исхожу из следующих соображений:а)У Реала не будут играть Марсело и Бензема и если нападение мадридцев особо не заметит потери второго, то край без бразильца опустеет точно!б)нынешняя игровая форма команд позволяет предположит , что немецкая команда находется в лучшем настроении! Реал выдал худший старт в лалиге за скоклько то там лет, оборона дает регулярные сбои , да впереди не все ладится . Боруссия в последних 5-ти матчах идет со статистикой 15-4, Ермоленко хорошо вписывается в игру командыс)Немцы не проигрывали Реалу дома в ЛЧ с 1998 года! Из 6-ти матчей 3 победы 3 ничьи и разница мячей 11-5 это примерно по 2.6 мяча за игру! 3) Хоть тут статистика и на стороне гостей, так как те две очные встречи которые были закончились по 3:0 в пользу португальцев, тут верю во Французов ! в последних играх они набрали ход , стали много забивать , к тому же турнирная ситуация будет вынуждать порту идти вперед ! домашнее поражение в первом туре !)А Монако дома в последних 5-ти матчах проиграло лишь один , ПСЖ ! А в крайних четырех домашних встречах имеет 4 победы и разницу 16-4, исправно пропуская в каждом матчеВ своем чемпионате порту на выезде выграла последние 6 матчей! но среди соперников и близко не было команд уровня Монако.Любая ставка риск , тут его не многим более! Но как известно , кто не рискует.Тем более все исходы видятся мне в полене реальными ! Считаете так же , ставьте лайк! Ежели нет , ставьте не лайк , любое мнение интересно!'),
	(43678, NULL, '2017-09-26', 'https://vprognoze.ru', 'лига чемпионов бешикташ лейпциг здесь возьму на хозяев турки сейчас в хорошей форме в последних 5 играх проиграли лишь 1 игру и то на выезде фенербахче в 1 туре обыграли на выезде порто боусия реал реал сейчас очень слаб еле еле тянет чемпионат немцы же три последних игры выиграли причем меньше 3 незабивали в личках в последних 3 играх реал нираху невыигрывал в германии монако в последних 5 играх лишь раз проиграли на выезде в первом туре сыграли с лейпцигом на выезде в ничью порто же без шансов дома проиграл бешикташу истанбул выиграл на выезде в 13 очков на двоих команды набили 137 очков севодня матч чисто для статистики'),
	(43679, NULL, '2017-09-26', 'https://vprognoze.ru', 'прошлый этап прошел для всех предсказуемо удачно немножко приопустили БК. думаю что в этот раз фовориты расслоблятся тоже не будут, а те команды которые не набрали очков, будут сверх мотивированы. Как например наполи ведь это классная команда , которая обязана побеждать в этой встрече.Второе Барселона всех рвет и мечет против неуверенной игры Спортинга и победа позволит сделать отрыв в три очка. Слишком маленький кеф дают на победу Ювентуса в минус один, ранее есть четыре лички в рамках лч давнишние и такая фора проходила лишь раз а вот тотал больше должен залететь со свистом.'),
	(43680, NULL, '2017-09-26', 'https://vprognoze.ru', '1) Мадура Юнайтед выше соперника на 13 строчек, но играет в гостях. все 3 общие встречи выиграл Мадура Юнайтед. Думаю, что так будет и сегодня.2)Хробры Глогув выиграл прошлую общую встречу в гостях 1:4. Думаю, что так будет и сегодня.3) все 8 последних и общих матчей команд  Брайт Старс - Киринья Джинджа закончились с ТМ (2,5). Думаю, что так будет и сегодня.4)все 5 последних и общих матчей команд   Масаву - Вайперс закончились с ТМ (2,5). Думаю, что так будет и сегодня.5) последние 3 общие встречи выиграл  Парндорф. Думаю, что так будет и сегодня.'),
	(43681, NULL, '2017-09-26', 'https://vprognoze.ru', '1. Тоттенхэм», однозначно , тут фаворит. Терять очки в матче с аутсайдером группы негоже. Тем более, АПОЭЛ ныне в плохой форме. Играть чистую победу Тоттенхэма не интересно. Фора -1 тут смотрится вполне надёжно.2. Форма у Наполи сейчас что надо и, имея проигрыш в первом матче в гостях Шахтёру, хозяева будут очень активны, а они умеют рвать оборону соперника. Победу хозяев дают за очень низкий коэффициент. Фора -1 уже лучше.'),
	(43682, NULL, '2017-09-26', 'https://vprognoze.ru', 'Не плохой коэффициент вышел у меня на сегодня.начну описывать1) Динамо р - Адмирал, как по мне Динамо Рига сильнее адмирадла который ведет выездную серию сейчас, плюс очные встречи да хозяевами, плюс начали вести нормальную игру . ставлю на фору ноль хозяев.2) Трактор - Салават Юлаев, тут ставка рисковая , но стоит жизни тоже, трактора сейчас испытывает ряд проблем которые видно в туирнирной таблице.3) Бешикташ - Лейпциг [ФОРА1 (0)]  все видели игру бешика против порту и думаю фора ноль должна зайти.4) Спартак М - Ливерпуль [ТБ (2.5)]   тут обе команды пропускают давольно много, что вполне тотал проходим. 5) АПОЭЛ - Тоттенхэм [ИТБ1 (1)] самая рисковая ставка, тоттенхем сильнее но апоэль играет дома и думаю на забитый гол могут претендовать как минимум , жалко что только тотал больше 1 дают (( но вдруг зайдет . всем побед ))'),
	(43683, NULL, '2017-09-26', 'https://vprognoze.ru', '1.Английский клуб - явный фаворит этого матча. Греки идут не очень хорошо во внутреннем первенстве, да и в Лиге Чемпионов проиграли  первый матч, правда, кому королевскому клубу мадридскому "Реалу". Положение "Тоттенхема" "на всех фронтах" гораздо лучше. Да и подбор игроков, среди которых есть футболисты с достаточно громкими именами, должен внушить сопернику то, что англичане представляют для них серьёзнейшую угрозу для их ворот.2.У Боруссии Дортмунд отличные обновления в составе - Андрей Ярмоленко,который признан лучшим новичком команды и Максимилиян Филипп,который забивал в последних матчах Бундеслиги. У Реал Мадрида есть проблемы в команде. Королевский клуб неоднозначно выступает в своей лиге. По их игре видно,что хромает реализация. Боруссия показывает хорошие результаты. Молодая кровь в роли Филиппа возлагает большие надежды на команду.'),
	(43684, NULL, '2017-09-26', 'https://vprognoze.ru', 'Всем привет!Подготовил два мнения на сегодняшнюю Лигу чемпионов и собрал их в экспресс1. Монако - ПортуПорту играет не очень здорово, команда как всегда обновилась но на этот раз перестройка проходит болезненно. Для чемпионата Португалии это нормально а вот в ЛЧ отлетели от Бешикташа, что показывает наличие проблем. Монако у себя дома должно обыгрывать такой Порту2. Спартак Мск - ЛиверпульЛиверпуль приедет в Москву в хорошей форме. Коутиньо вернулся в строй, есть Салах и Мане. Убийственная атака против обороны, которая пропускает от Тосно и Анжи. Ливерпуль 2 то точно забьет.'),
	(43685, NULL, '2017-09-26', 'https://vprognoze.ru', 'Вот такой экспресс по тоталам общим и индивидуальным. 1)Боруссия - РеалНемцы показывают феноменальный уровень атаки, и очень нуждаются в 3 очках, так как проиграли прошлый матч Шпорам. Побегут ли они сразу? Дома - однозначно побегут, тем более, что Реал сейчас играет не слишком стабильно и надо постоянно напирать на ворота Испанского клуба, пока он не "войдет" в игру. Ибо если сегодня Дортмунд проиграет, то шансов выйти из группы будет очень мало. Но нельзя списывать и Реал со счетов, это очень сильный клуб и возможно, что возрождение той мощи, которую мы привыкли видеть произойдет именно сегодня.Прогноз: 2:22)Тут мне не очень понятно, почему Лейпциг идет фаворитом на выезде? Опыта в таких турнирах у Бешика больше, болельщики в Турции  "огненные", уровень атаки тоже неплох - отгрузить 3 гола Порту...Прогноз: 2:13)МС - ШахтаПри всем уважении к Украинскому клубу - не вижу никаких шансов на очки против феноменального Сити, особенно при отсутствии Срны, от тотала буду плясать лишь из-за очень маленьких кэфов на фору МС, да и возможно, что Ферна поможет старой команде)Прогноз: 4:14)Встреча "Чемпиона" РФПЛ и крепкого клуба "АПЛ". Будь на месте Спартака Зенит - я бы подумал еще, хоть разница в уровне чемпионатов и колоссальна, но все-таки. Но нынешний Спартак пропускает  все. Просто все и от всех. 2 гола от Тосно, 2 от Анжи, проиграли Марибору...Какая тут может быть борьба? Сегодня мы увидем изнасилование. Прогноз: 0:4'),
	(43686, NULL, '2017-09-26', 'https://vprognoze.ru', 'Ставлю против Шахтера ибо есть тенденция -- первый матч выигранный можно сказать на зубах у сильного Наполи дома. После этого идёт откат на выезде причем с крупным счетом. эта картина наблюдается многократно. А тут ещё история с Дарио. У незвездной Зирки выиграли 4-2 умудрились 2 гола пропустить.Ничего хорошего в Англии не будет. Ливер будет гостить в Москве. У Спартака все видят что сезон проваливается. Поэтому здесь ничья для них будет как приобретение. о победе стоит забыть ибо Ливер считает Спартак поставщиком очков.'),
	(43687, NULL, '2017-09-26', 'https://vprognoze.ru', 'Лига Чемпионов УЕФА и вот мой второй экспресс на сегодняшний день. Стамбульский Бешикташ принимает гостей из своей второй родины Немецкий Ред Булл Лейпциг , да немцы конечно хорошо прибавили в последнее время и демонстрирует хороший , качественный футбол , но это Лига Чемпионов , домашняя игра , 42000 тысячи орущих во всю глотку турецких болельщиков которые будут гнать вперед свою команду.  В целом Турки имеют большой опыт выступлений на Евро-Арене в то время как у Лейпцига мало опыта и поэтому я не верю , что гости увезут с собой 3 очка , тут возможно ничья что-то вроде 1-1.Спартак Москва пропускает по 2 гола от Тосно и Анжи , что думать о Ливерпуле с его Салахо , Коутинье и Мане , я более чем уверен в красивой победе Англичан 1-3.'),
	(43688, NULL, '2017-09-26', 'https://vprognoze.ru', 'Лига Чемпионов УЕФА.Монако-Порту.Думаю на данное время хозяева сильнее своего противника и могут одержать победу при поддержке своих болельщиков.Порту умудрились на домашней арене уступить турецкому Бешикташу 1:3.Поверю букмекерам которые считают Монако фаворитом,но подстрахуюсь и возьму их победу с форой(0).Карабах-Рома.В данной игре букмекеры дают хороший кеф на победу гостевой команды и я думаю нужно этим воспользоваться.Вспоминаеться первый матч хозяев с Челси где их ожидал полнейший разгром и стало понятно что уровеня футболистов Карабаха не хватит даже побороться за третье место в группе.Рома приложит все силы для победы над командой которая уступает им в классе и не имеет большого опыта игры в лиге чемпионов.'),
	(43689, NULL, '2017-09-26', 'https://vprognoze.ru', 'Всем добрый день, сегодня вторник и возвращается Лига Чемпионов! Причем есть сумашедшие пары и я ожидаю сегодня веселейший футбол!1) Спартак-ЛиверпульНу здесь , я как приверженец мнения что Карера не тренер, уверен в поражении Москвичей причем с разницей больше одного мяча ! Ливерпуль сейчас на ходу , в строй вернулся Каутинье, в ЛЧ может играть Мане! А у Спартака не будет играть Глушаков плюс давнешние больные Зе,Зобнин! Ставку с "верхом" беру потму что оборона Ливера это что то!) 2)Матч игрового дня! Тут в выборе ставки исхожу из следующих соображений:а)У Реала не будут играть Марсело и Бензема и если нападение мадридцев особо не заметит потери второго, то край без бразильца опустеет точно!б)нынешняя игровая форма команд позволяет предположит , что немецкая команда находется в лучшем настроении! Реал выдал худший старт в лалиге за скоклько то там лет, оборона дает регулярные сбои , да впереди не все ладится . Боруссия в последних 5-ти матчах идет со статистикой 15-4, Ермоленко хорошо вписывается в игру командыс)Немцы не проигрывали Реалу дома в ЛЧ с 1998 года! Из 6-ти матчей 3 победы 3 ничьи и разница мячей 11-5 это примерно по 2.6 мяча за игру! 3) Хоть тут статистика и на стороне гостей, так как те две очные встречи которые были закончились по 3:0 в пользу португальцев, тут верю во Французов ! в последних играх они набрали ход , стали много забивать , к тому же турнирная ситуация будет вынуждать порту идти вперед ! домашнее поражение в первом туре !)А Монако дома в последних 5-ти матчах проиграло лишь один , ПСЖ ! А в крайних четырех домашних встречах имеет 4 победы и разницу 16-4, исправно пропуская в каждом матчеВ своем чемпионате порту на выезде выграла последние 6 матчей! но среди соперников и близко не было команд уровня Монако.Любая ставка риск , тут его не многим более! Но как известно , кто не рискует.Тем более все исходы видятся мне в полене реальными ! Считаете так же , ставьте лайк! Ежели нет , ставьте не лайк , любое мнение интересно!'),
	(43690, NULL, '2017-09-26', 'https://vprognoze.ru', 'лига чемпионов бешикташ лейпциг здесь возьму на хозяев турки сейчас в хорошей форме в последних 5 играх проиграли лишь 1 игру и то на выезде фенербахче в 1 туре обыграли на выезде порто боусия реал реал сейчас очень слаб еле еле тянет чемпионат немцы же три последних игры выиграли причем меньше 3 незабивали в личках в последних 3 играх реал нираху невыигрывал в германии монако в последних 5 играх лишь раз проиграли на выезде в первом туре сыграли с лейпцигом на выезде в ничью порто же без шансов дома проиграл бешикташу истанбул выиграл на выезде в 13 очков на двоих команды набили 137 очков севодня матч чисто для статистики'),
	(43691, NULL, '2017-09-26', 'https://vprognoze.ru', 'прошлый этап прошел для всех предсказуемо удачно немножко приопустили БК. думаю что в этот раз фовориты расслоблятся тоже не будут, а те команды которые не набрали очков, будут сверх мотивированы. Как например наполи ведь это классная команда , которая обязана побеждать в этой встрече.Второе Барселона всех рвет и мечет против неуверенной игры Спортинга и победа позволит сделать отрыв в три очка. Слишком маленький кеф дают на победу Ювентуса в минус один, ранее есть четыре лички в рамках лч давнишние и такая фора проходила лишь раз а вот тотал больше должен залететь со свистом.'),
	(43692, NULL, '2017-09-26', 'https://vprognoze.ru', '1) Мадура Юнайтед выше соперника на 13 строчек, но играет в гостях. все 3 общие встречи выиграл Мадура Юнайтед. Думаю, что так будет и сегодня.2)Хробры Глогув выиграл прошлую общую встречу в гостях 1:4. Думаю, что так будет и сегодня.3) все 8 последних и общих матчей команд  Брайт Старс - Киринья Джинджа закончились с ТМ (2,5). Думаю, что так будет и сегодня.4)все 5 последних и общих матчей команд   Масаву - Вайперс закончились с ТМ (2,5). Думаю, что так будет и сегодня.5) последние 3 общие встречи выиграл  Парндорф. Думаю, что так будет и сегодня.'),
	(43693, NULL, '2017-09-26', 'https://vprognoze.ru', '1. Тоттенхэм», однозначно , тут фаворит. Терять очки в матче с аутсайдером группы негоже. Тем более, АПОЭЛ ныне в плохой форме. Играть чистую победу Тоттенхэма не интересно. Фора -1 тут смотрится вполне надёжно.2. Форма у Наполи сейчас что надо и, имея проигрыш в первом матче в гостях Шахтёру, хозяева будут очень активны, а они умеют рвать оборону соперника. Победу хозяев дают за очень низкий коэффициент. Фора -1 уже лучше.'),
	(43694, NULL, '2017-09-26', 'https://vprognoze.ru', 'Не плохой коэффициент вышел у меня на сегодня.начну описывать1) Динамо р - Адмирал, как по мне Динамо Рига сильнее адмирадла который ведет выездную серию сейчас, плюс очные встречи да хозяевами, плюс начали вести нормальную игру . ставлю на фору ноль хозяев.2) Трактор - Салават Юлаев, тут ставка рисковая , но стоит жизни тоже, трактора сейчас испытывает ряд проблем которые видно в туирнирной таблице.3) Бешикташ - Лейпциг [ФОРА1 (0)]  все видели игру бешика против порту и думаю фора ноль должна зайти.4) Спартак М - Ливерпуль [ТБ (2.5)]   тут обе команды пропускают давольно много, что вполне тотал проходим. 5) АПОЭЛ - Тоттенхэм [ИТБ1 (1)] самая рисковая ставка, тоттенхем сильнее но апоэль играет дома и думаю на забитый гол могут претендовать как минимум , жалко что только тотал больше 1 дают (( но вдруг зайдет . всем побед ))'),
	(43695, NULL, '2017-09-26', 'https://vprognoze.ru', '1.Английский клуб - явный фаворит этого матча. Греки идут не очень хорошо во внутреннем первенстве, да и в Лиге Чемпионов проиграли  первый матч, правда, кому королевскому клубу мадридскому "Реалу". Положение "Тоттенхема" "на всех фронтах" гораздо лучше. Да и подбор игроков, среди которых есть футболисты с достаточно громкими именами, должен внушить сопернику то, что англичане представляют для них серьёзнейшую угрозу для их ворот.2.У Боруссии Дортмунд отличные обновления в составе - Андрей Ярмоленко,который признан лучшим новичком команды и Максимилиян Филипп,который забивал в последних матчах Бундеслиги. У Реал Мадрида есть проблемы в команде. Королевский клуб неоднозначно выступает в своей лиге. По их игре видно,что хромает реализация. Боруссия показывает хорошие результаты. Молодая кровь в роли Филиппа возлагает большие надежды на команду.'),
	(43696, NULL, '2017-09-26', 'https://vprognoze.ru', 'Всем привет!Подготовил два мнения на сегодняшнюю Лигу чемпионов и собрал их в экспресс1. Монако - ПортуПорту играет не очень здорово, команда как всегда обновилась но на этот раз перестройка проходит болезненно. Для чемпионата Португалии это нормально а вот в ЛЧ отлетели от Бешикташа, что показывает наличие проблем. Монако у себя дома должно обыгрывать такой Порту2. Спартак Мск - ЛиверпульЛиверпуль приедет в Москву в хорошей форме. Коутиньо вернулся в строй, есть Салах и Мане. Убийственная атака против обороны, которая пропускает от Тосно и Анжи. Ливерпуль 2 то точно забьет.'),
	(43697, NULL, '2017-09-26', 'https://vprognoze.ru', 'Вот такой экспресс по тоталам общим и индивидуальным. 1)Боруссия - РеалНемцы показывают феноменальный уровень атаки, и очень нуждаются в 3 очках, так как проиграли прошлый матч Шпорам. Побегут ли они сразу? Дома - однозначно побегут, тем более, что Реал сейчас играет не слишком стабильно и надо постоянно напирать на ворота Испанского клуба, пока он не "войдет" в игру. Ибо если сегодня Дортмунд проиграет, то шансов выйти из группы будет очень мало. Но нельзя списывать и Реал со счетов, это очень сильный клуб и возможно, что возрождение той мощи, которую мы привыкли видеть произойдет именно сегодня.Прогноз: 2:22)Тут мне не очень понятно, почему Лейпциг идет фаворитом на выезде? Опыта в таких турнирах у Бешика больше, болельщики в Турции  "огненные", уровень атаки тоже неплох - отгрузить 3 гола Порту...Прогноз: 2:13)МС - ШахтаПри всем уважении к Украинскому клубу - не вижу никаких шансов на очки против феноменального Сити, особенно при отсутствии Срны, от тотала буду плясать лишь из-за очень маленьких кэфов на фору МС, да и возможно, что Ферна поможет старой команде)Прогноз: 4:14)Встреча "Чемпиона" РФПЛ и крепкого клуба "АПЛ". Будь на месте Спартака Зенит - я бы подумал еще, хоть разница в уровне чемпионатов и колоссальна, но все-таки. Но нынешний Спартак пропускает  все. Просто все и от всех. 2 гола от Тосно, 2 от Анжи, проиграли Марибору...Какая тут может быть борьба? Сегодня мы увидем изнасилование. Прогноз: 0:4'),
	(43698, NULL, '2017-09-26', 'https://vprognoze.ru', 'Ставлю против Шахтера ибо есть тенденция -- первый матч выигранный можно сказать на зубах у сильного Наполи дома. После этого идёт откат на выезде причем с крупным счетом. эта картина наблюдается многократно. А тут ещё история с Дарио. У незвездной Зирки выиграли 4-2 умудрились 2 гола пропустить.Ничего хорошего в Англии не будет. Ливер будет гостить в Москве. У Спартака все видят что сезон проваливается. Поэтому здесь ничья для них будет как приобретение. о победе стоит забыть ибо Ливер считает Спартак поставщиком очков.'),
	(43699, NULL, '2017-09-26', 'https://vprognoze.ru', 'Лига Чемпионов УЕФА и вот мой второй экспресс на сегодняшний день. Стамбульский Бешикташ принимает гостей из своей второй родины Немецкий Ред Булл Лейпциг , да немцы конечно хорошо прибавили в последнее время и демонстрирует хороший , качественный футбол , но это Лига Чемпионов , домашняя игра , 42000 тысячи орущих во всю глотку турецких болельщиков которые будут гнать вперед свою команду.  В целом Турки имеют большой опыт выступлений на Евро-Арене в то время как у Лейпцига мало опыта и поэтому я не верю , что гости увезут с собой 3 очка , тут возможно ничья что-то вроде 1-1.Спартак Москва пропускает по 2 гола от Тосно и Анжи , что думать о Ливерпуле с его Салахо , Коутинье и Мане , я более чем уверен в красивой победе Англичан 1-3.'),
	(43700, NULL, '2017-09-26', 'https://vprognoze.ru', 'Лига Чемпионов УЕФА.Монако-Порту.Думаю на данное время хозяева сильнее своего противника и могут одержать победу при поддержке своих болельщиков.Порту умудрились на домашней арене уступить турецкому Бешикташу 1:3.Поверю букмекерам которые считают Монако фаворитом,но подстрахуюсь и возьму их победу с форой(0).Карабах-Рома.В данной игре букмекеры дают хороший кеф на победу гостевой команды и я думаю нужно этим воспользоваться.Вспоминаеться первый матч хозяев с Челси где их ожидал полнейший разгром и стало понятно что уровеня футболистов Карабаха не хватит даже побороться за третье место в группе.Рома приложит все силы для победы над командой которая уступает им в классе и не имеет большого опыта игры в лиге чемпионов.'),
	(43701, NULL, '2017-09-26', 'https://vprognoze.ru', 'Всем добрый день, сегодня вторник и возвращается Лига Чемпионов! Причем есть сумашедшие пары и я ожидаю сегодня веселейший футбол!1) Спартак-ЛиверпульНу здесь , я как приверженец мнения что Карера не тренер, уверен в поражении Москвичей причем с разницей больше одного мяча ! Ливерпуль сейчас на ходу , в строй вернулся Каутинье, в ЛЧ может играть Мане! А у Спартака не будет играть Глушаков плюс давнешние больные Зе,Зобнин! Ставку с "верхом" беру потму что оборона Ливера это что то!) 2)Матч игрового дня! Тут в выборе ставки исхожу из следующих соображений:а)У Реала не будут играть Марсело и Бензема и если нападение мадридцев особо не заметит потери второго, то край без бразильца опустеет точно!б)нынешняя игровая форма команд позволяет предположит , что немецкая команда находется в лучшем настроении! Реал выдал худший старт в лалиге за скоклько то там лет, оборона дает регулярные сбои , да впереди не все ладится . Боруссия в последних 5-ти матчах идет со статистикой 15-4, Ермоленко хорошо вписывается в игру командыс)Немцы не проигрывали Реалу дома в ЛЧ с 1998 года! Из 6-ти матчей 3 победы 3 ничьи и разница мячей 11-5 это примерно по 2.6 мяча за игру! 3) Хоть тут статистика и на стороне гостей, так как те две очные встречи которые были закончились по 3:0 в пользу португальцев, тут верю во Французов ! в последних играх они набрали ход , стали много забивать , к тому же турнирная ситуация будет вынуждать порту идти вперед ! домашнее поражение в первом туре !)А Монако дома в последних 5-ти матчах проиграло лишь один , ПСЖ ! А в крайних четырех домашних встречах имеет 4 победы и разницу 16-4, исправно пропуская в каждом матчеВ своем чемпионате порту на выезде выграла последние 6 матчей! но среди соперников и близко не было команд уровня Монако.Любая ставка риск , тут его не многим более! Но как известно , кто не рискует.Тем более все исходы видятся мне в полене реальными ! Считаете так же , ставьте лайк! Ежели нет , ставьте не лайк , любое мнение интересно!'),
	(43702, NULL, '2017-09-26', 'https://vprognoze.ru', 'лига чемпионов бешикташ лейпциг здесь возьму на хозяев турки сейчас в хорошей форме в последних 5 играх проиграли лишь 1 игру и то на выезде фенербахче в 1 туре обыграли на выезде порто боусия реал реал сейчас очень слаб еле еле тянет чемпионат немцы же три последних игры выиграли причем меньше 3 незабивали в личках в последних 3 играх реал нираху невыигрывал в германии монако в последних 5 играх лишь раз проиграли на выезде в первом туре сыграли с лейпцигом на выезде в ничью порто же без шансов дома проиграл бешикташу истанбул выиграл на выезде в 13 очков на двоих команды набили 137 очков севодня матч чисто для статистики'),
	(43703, NULL, '2017-09-26', 'https://vprognoze.ru', 'прошлый этап прошел для всех предсказуемо удачно немножко приопустили БК. думаю что в этот раз фовориты расслоблятся тоже не будут, а те команды которые не набрали очков, будут сверх мотивированы. Как например наполи ведь это классная команда , которая обязана побеждать в этой встрече.Второе Барселона всех рвет и мечет против неуверенной игры Спортинга и победа позволит сделать отрыв в три очка. Слишком маленький кеф дают на победу Ювентуса в минус один, ранее есть четыре лички в рамках лч давнишние и такая фора проходила лишь раз а вот тотал больше должен залететь со свистом.'),
	(43704, NULL, '2017-09-26', 'https://vprognoze.ru', '1) Мадура Юнайтед выше соперника на 13 строчек, но играет в гостях. все 3 общие встречи выиграл Мадура Юнайтед. Думаю, что так будет и сегодня.2)Хробры Глогув выиграл прошлую общую встречу в гостях 1:4. Думаю, что так будет и сегодня.3) все 8 последних и общих матчей команд  Брайт Старс - Киринья Джинджа закончились с ТМ (2,5). Думаю, что так будет и сегодня.4)все 5 последних и общих матчей команд   Масаву - Вайперс закончились с ТМ (2,5). Думаю, что так будет и сегодня.5) последние 3 общие встречи выиграл  Парндорф. Думаю, что так будет и сегодня.'),
	(43705, NULL, '2017-09-26', 'https://vprognoze.ru', '1. Тоттенхэм», однозначно , тут фаворит. Терять очки в матче с аутсайдером группы негоже. Тем более, АПОЭЛ ныне в плохой форме. Играть чистую победу Тоттенхэма не интересно. Фора -1 тут смотрится вполне надёжно.2. Форма у Наполи сейчас что надо и, имея проигрыш в первом матче в гостях Шахтёру, хозяева будут очень активны, а они умеют рвать оборону соперника. Победу хозяев дают за очень низкий коэффициент. Фора -1 уже лучше.'),
	(43706, NULL, '2017-09-26', 'https://vprognoze.ru', 'Не плохой коэффициент вышел у меня на сегодня.начну описывать1) Динамо р - Адмирал, как по мне Динамо Рига сильнее адмирадла который ведет выездную серию сейчас, плюс очные встречи да хозяевами, плюс начали вести нормальную игру . ставлю на фору ноль хозяев.2) Трактор - Салават Юлаев, тут ставка рисковая , но стоит жизни тоже, трактора сейчас испытывает ряд проблем которые видно в туирнирной таблице.3) Бешикташ - Лейпциг [ФОРА1 (0)]  все видели игру бешика против порту и думаю фора ноль должна зайти.4) Спартак М - Ливерпуль [ТБ (2.5)]   тут обе команды пропускают давольно много, что вполне тотал проходим. 5) АПОЭЛ - Тоттенхэм [ИТБ1 (1)] самая рисковая ставка, тоттенхем сильнее но апоэль играет дома и думаю на забитый гол могут претендовать как минимум , жалко что только тотал больше 1 дают (( но вдруг зайдет . всем побед ))'),
	(43707, NULL, '2017-09-26', 'https://vprognoze.ru', '1.Английский клуб - явный фаворит этого матча. Греки идут не очень хорошо во внутреннем первенстве, да и в Лиге Чемпионов проиграли  первый матч, правда, кому королевскому клубу мадридскому "Реалу". Положение "Тоттенхема" "на всех фронтах" гораздо лучше. Да и подбор игроков, среди которых есть футболисты с достаточно громкими именами, должен внушить сопернику то, что англичане представляют для них серьёзнейшую угрозу для их ворот.2.У Боруссии Дортмунд отличные обновления в составе - Андрей Ярмоленко,который признан лучшим новичком команды и Максимилиян Филипп,который забивал в последних матчах Бундеслиги. У Реал Мадрида есть проблемы в команде. Королевский клуб неоднозначно выступает в своей лиге. По их игре видно,что хромает реализация. Боруссия показывает хорошие результаты. Молодая кровь в роли Филиппа возлагает большие надежды на команду.'),
	(43708, NULL, '2017-09-26', 'https://vprognoze.ru', 'Всем привет!Подготовил два мнения на сегодняшнюю Лигу чемпионов и собрал их в экспресс1. Монако - ПортуПорту играет не очень здорово, команда как всегда обновилась но на этот раз перестройка проходит болезненно. Для чемпионата Португалии это нормально а вот в ЛЧ отлетели от Бешикташа, что показывает наличие проблем. Монако у себя дома должно обыгрывать такой Порту2. Спартак Мск - ЛиверпульЛиверпуль приедет в Москву в хорошей форме. Коутиньо вернулся в строй, есть Салах и Мане. Убийственная атака против обороны, которая пропускает от Тосно и Анжи. Ливерпуль 2 то точно забьет.'),
	(43709, NULL, '2017-09-26', 'https://vprognoze.ru', 'Вот такой экспресс по тоталам общим и индивидуальным. 1)Боруссия - РеалНемцы показывают феноменальный уровень атаки, и очень нуждаются в 3 очках, так как проиграли прошлый матч Шпорам. Побегут ли они сразу? Дома - однозначно побегут, тем более, что Реал сейчас играет не слишком стабильно и надо постоянно напирать на ворота Испанского клуба, пока он не "войдет" в игру. Ибо если сегодня Дортмунд проиграет, то шансов выйти из группы будет очень мало. Но нельзя списывать и Реал со счетов, это очень сильный клуб и возможно, что возрождение той мощи, которую мы привыкли видеть произойдет именно сегодня.Прогноз: 2:22)Тут мне не очень понятно, почему Лейпциг идет фаворитом на выезде? Опыта в таких турнирах у Бешика больше, болельщики в Турции  "огненные", уровень атаки тоже неплох - отгрузить 3 гола Порту...Прогноз: 2:13)МС - ШахтаПри всем уважении к Украинскому клубу - не вижу никаких шансов на очки против феноменального Сити, особенно при отсутствии Срны, от тотала буду плясать лишь из-за очень маленьких кэфов на фору МС, да и возможно, что Ферна поможет старой команде)Прогноз: 4:14)Встреча "Чемпиона" РФПЛ и крепкого клуба "АПЛ". Будь на месте Спартака Зенит - я бы подумал еще, хоть разница в уровне чемпионатов и колоссальна, но все-таки. Но нынешний Спартак пропускает  все. Просто все и от всех. 2 гола от Тосно, 2 от Анжи, проиграли Марибору...Какая тут может быть борьба? Сегодня мы увидем изнасилование. Прогноз: 0:4'),
	(43710, NULL, '2017-09-26', 'https://vprognoze.ru', '1. Химено класс игры растерял, победы даются ему очень нелегко в большинстве случаев, если дело вообще оканчивается его победой, затрачивает массу сил, нередко получаются матчи затяжными. Чеккинато выглядит сильнее на голову и при этом моложе . Должен Чеккинато идти дальше. 2. Крайнович не так давно играл с Коваликом, результат для второго был неутешительынм. Всего 2 гейма в матче Ковалик смог взять . 3. Мертенс встречалась с Весниной ,одержала победу. Она очень хорошо на быстрых покрытиях ,на харде чуствует себя очень уверенно. Кровь попьет в достаточном количестве Весниной'),
	(43711, NULL, '2017-09-26', 'https://vprognoze.ru', '1) Тоттенхэм очень сильная команда. Апоэль здесь мальчик для битья. Лондонцы не упустят здесь очки, тем более у них такая сильная группа - это смерти подобно2) Коэффициент также не очень маленький, так как выездной матч, там не менее считаю, что Рома возьмет победу в Азербаджане.3)Железопрогноз.Шахтер сделал сенсацию, в Лондоне, увы, это будет сделать очень сложно.4) Об этом матче я уже писал несколько раз ниже.5) У ЦСКА вроде травмирован Марио Фернандес. Да и МЮ набрали сумасшедший ход. Можно брать фору.'),
	(43712, NULL, '2017-09-26', 'https://vprognoze.ru', 'Всем хорошего дня. Взял такой тройник на лигу чемпионов . Где-то возможен возврат , но уверен что по два мяча данные команды отгрузят своим соперникам.Рома на отличном ходу , Карабах насобирал полную сетку от Челси. Ливерпуль и Арсенал тут конечно чуть труднее , но дырявый в этом сезоне спартак думаю свою пару пропустит . ЦСК же в свою очередь может подпортить и сыграть чисто от обороны , но МЮ не смотря на не полный состав со своей скамейкой должен брать очки тут вижу 2-0(2-1)'),
	(43713, NULL, '2017-09-26', 'https://vprognoze.ru', 'Матчи Индонезии. Гресик в этом сезоне безобразно выступает, пропускают очень много причем бывает по 3-4 за тайм .Мадура по составу круче. Ее легионеры на много сильнее поэтому 2-5 где-то гости сумеют устроить праздник мячей сегодня. ПС ТНИ-Митра Кукар коллективы играют в открытый футбол и могут по 3 забивать друг другу. Часто обороны нет ни у хозяев ни у гостей. за то в атаке забивать могут полно.Два матча в одно время можно взять двойником.'),
	(43714, NULL, '2017-09-26', 'https://vprognoze.ru', 'Не хочу залазить особо в ЛЧ, там сегодня и без меня фурор.Поиграем на Англии 2-лига.Карлайл Юнайтед принимает Стивенедж.15 и 9 место, отрыв всего в 4 очка. Это 9 тур,обе команды забивают и пропускают. Очные кстати заходят ТМ, и обе команды что на выезде,что дома играют на троечку. Ожидаю здесь все таки борьбу и голы.Уикомб принимает Крю.10 и 16 место, те же 4 очка разница,но тут команды жирнее пропускают. Хозяева хорошо и забивают, 16 голов против 10 у гостей. Здесь очные заходят на ТБ 2.5. Но гости на выезде последние 4 из 5 проигрывают.ОБА МАТЧА РИСКОВАННЫЕ, ПОИГРАЮ НА НИХ!'),
	(43715, NULL, '2017-09-26', 'https://vprognoze.ru', 'Ставлю против Шахтера ибо есть тенденция -- первый матч выигранный можно сказать на зубах у сильного Наполи дома. После этого идёт откат на выезде причем с крупным счетом. эта картина наблюдается многократно. А тут ещё история с Дарио. У незвездной Зирки выиграли 4-2 умудрились 2 гола пропустить.Ничего хорошего в Англии не будет. Ливер будет гостить в Москве. У Спартака все видят что сезон проваливается. Поэтому здесь ничья для них будет как приобретение. о победе стоит забыть ибо Ливер считает Спартак поставщиком очков.'),
	(43716, NULL, '2017-09-26', 'https://vprognoze.ru', 'Лига Чемпионов УЕФА и вот мой второй экспресс на сегодняшний день. Стамбульский Бешикташ принимает гостей из своей второй родины Немецкий Ред Булл Лейпциг , да немцы конечно хорошо прибавили в последнее время и демонстрирует хороший , качественный футбол , но это Лига Чемпионов , домашняя игра , 42000 тысячи орущих во всю глотку турецких болельщиков которые будут гнать вперед свою команду.  В целом Турки имеют большой опыт выступлений на Евро-Арене в то время как у Лейпцига мало опыта и поэтому я не верю , что гости увезут с собой 3 очка , тут возможно ничья что-то вроде 1-1.Спартак Москва пропускает по 2 гола от Тосно и Анжи , что думать о Ливерпуле с его Салахо , Коутинье и Мане , я более чем уверен в красивой победе Англичан 1-3.'),
	(43717, NULL, '2017-09-26', 'https://vprognoze.ru', 'Лига Чемпионов УЕФА.Монако-Порту.Думаю на данное время хозяева сильнее своего противника и могут одержать победу при поддержке своих болельщиков.Порту умудрились на домашней арене уступить турецкому Бешикташу 1:3.Поверю букмекерам которые считают Монако фаворитом,но подстрахуюсь и возьму их победу с форой(0).Карабах-Рома.В данной игре букмекеры дают хороший кеф на победу гостевой команды и я думаю нужно этим воспользоваться.Вспоминаеться первый матч хозяев с Челси где их ожидал полнейший разгром и стало понятно что уровеня футболистов Карабаха не хватит даже побороться за третье место в группе.Рома приложит все силы для победы над командой которая уступает им в классе и не имеет большого опыта игры в лиге чемпионов.'),
	(43718, NULL, '2017-09-26', 'https://vprognoze.ru', 'Всем добрый день, сегодня вторник и возвращается Лига Чемпионов! Причем есть сумашедшие пары и я ожидаю сегодня веселейший футбол!1) Спартак-ЛиверпульНу здесь , я как приверженец мнения что Карера не тренер, уверен в поражении Москвичей причем с разницей больше одного мяча ! Ливерпуль сейчас на ходу , в строй вернулся Каутинье, в ЛЧ может играть Мане! А у Спартака не будет играть Глушаков плюс давнешние больные Зе,Зобнин! Ставку с "верхом" беру потму что оборона Ливера это что то!) 2)Матч игрового дня! Тут в выборе ставки исхожу из следующих соображений:а)У Реала не будут играть Марсело и Бензема и если нападение мадридцев особо не заметит потери второго, то край без бразильца опустеет точно!б)нынешняя игровая форма команд позволяет предположит , что немецкая команда находется в лучшем настроении! Реал выдал худший старт в лалиге за скоклько то там лет, оборона дает регулярные сбои , да впереди не все ладится . Боруссия в последних 5-ти матчах идет со статистикой 15-4, Ермоленко хорошо вписывается в игру командыс)Немцы не проигрывали Реалу дома в ЛЧ с 1998 года! Из 6-ти матчей 3 победы 3 ничьи и разница мячей 11-5 это примерно по 2.6 мяча за игру! 3) Хоть тут статистика и на стороне гостей, так как те две очные встречи которые были закончились по 3:0 в пользу португальцев, тут верю во Французов ! в последних играх они набрали ход , стали много забивать , к тому же турнирная ситуация будет вынуждать порту идти вперед ! домашнее поражение в первом туре !)А Монако дома в последних 5-ти матчах проиграло лишь один , ПСЖ ! А в крайних четырех домашних встречах имеет 4 победы и разницу 16-4, исправно пропуская в каждом матчеВ своем чемпионате порту на выезде выграла последние 6 матчей! но среди соперников и близко не было команд уровня Монако.Любая ставка риск , тут его не многим более! Но как известно , кто не рискует.Тем более все исходы видятся мне в полене реальными ! Считаете так же , ставьте лайк! Ежели нет , ставьте не лайк , любое мнение интересно!'),
	(43719, NULL, '2017-09-26', 'https://vprognoze.ru', 'лига чемпионов бешикташ лейпциг здесь возьму на хозяев турки сейчас в хорошей форме в последних 5 играх проиграли лишь 1 игру и то на выезде фенербахче в 1 туре обыграли на выезде порто боусия реал реал сейчас очень слаб еле еле тянет чемпионат немцы же три последних игры выиграли причем меньше 3 незабивали в личках в последних 3 играх реал нираху невыигрывал в германии монако в последних 5 играх лишь раз проиграли на выезде в первом туре сыграли с лейпцигом на выезде в ничью порто же без шансов дома проиграл бешикташу истанбул выиграл на выезде в 13 очков на двоих команды набили 137 очков севодня матч чисто для статистики'),
	(43720, NULL, '2017-09-26', 'https://vprognoze.ru', 'прошлый этап прошел для всех предсказуемо удачно немножко приопустили БК. думаю что в этот раз фовориты расслоблятся тоже не будут, а те команды которые не набрали очков, будут сверх мотивированы. Как например наполи ведь это классная команда , которая обязана побеждать в этой встрече.Второе Барселона всех рвет и мечет против неуверенной игры Спортинга и победа позволит сделать отрыв в три очка. Слишком маленький кеф дают на победу Ювентуса в минус один, ранее есть четыре лички в рамках лч давнишние и такая фора проходила лишь раз а вот тотал больше должен залететь со свистом.'),
	(43721, NULL, '2017-09-26', 'https://vprognoze.ru', '1) Мадура Юнайтед выше соперника на 13 строчек, но играет в гостях. все 3 общие встречи выиграл Мадура Юнайтед. Думаю, что так будет и сегодня.2)Хробры Глогув выиграл прошлую общую встречу в гостях 1:4. Думаю, что так будет и сегодня.3) все 8 последних и общих матчей команд  Брайт Старс - Киринья Джинджа закончились с ТМ (2,5). Думаю, что так будет и сегодня.4)все 5 последних и общих матчей команд   Масаву - Вайперс закончились с ТМ (2,5). Думаю, что так будет и сегодня.5) последние 3 общие встречи выиграл  Парндорф. Думаю, что так будет и сегодня.');
/*!40000 ALTER TABLE `expresses` ENABLE KEYS */;

-- Дамп структуры для таблица bma_data.express_ivent
CREATE TABLE IF NOT EXISTS `express_ivent` (
  `ID` bigint(255) NOT NULL AUTO_INCREMENT,
  `IVENTS_ID` bigint(255) NOT NULL,
  `EXPRESSES_ID` bigint(255) NOT NULL,
  PRIMARY KEY (`ID`),
  KEY `FK_express_ivent_ivents` (`IVENTS_ID`),
  KEY `FK_express_ivent_expresses` (`EXPRESSES_ID`),
  CONSTRAINT `FK_express_ivent_expresses` FOREIGN KEY (`EXPRESSES_ID`) REFERENCES `expresses` (`ID`) ON DELETE CASCADE ON UPDATE CASCADE,
  CONSTRAINT `FK_express_ivent_ivents` FOREIGN KEY (`IVENTS_ID`) REFERENCES `ivents` (`ID`) ON DELETE CASCADE ON UPDATE CASCADE
) ENGINE=InnoDB AUTO_INCREMENT=126717 DEFAULT CHARSET=utf8;

-- Дамп данных таблицы bma_data.express_ivent: ~170 rows (приблизительно)
/*!40000 ALTER TABLE `express_ivent` DISABLE KEYS */;
INSERT INTO `express_ivent` (`ID`, `IVENTS_ID`, `EXPRESSES_ID`) VALUES
	(42, 35, 44),
	(4992, 4985, 1694),
	(5113, 5106, 1694),
	(5241, 5234, 1694),
	(19163, 19156, 6719),
	(19292, 19285, 6719),
	(19293, 19286, 6719),
	(88993, 88986, 30675),
	(88994, 88987, 30675),
	(100365, 100358, 34508),
	(100366, 100359, 34508),
	(100367, 100360, 34508),
	(102984, 102977, 35421),
	(102985, 102978, 35421),
	(108013, 108006, 37146),
	(108014, 108007, 37146),
	(113814, 113807, 39211),
	(113815, 113808, 39211),
	(116912, 116905, 40268),
	(120024, 120017, 41368),
	(120025, 120018, 41368),
	(120984, 120977, 41705),
	(122093, 122086, 42090),
	(122094, 122087, 42090),
	(122095, 122088, 42091),
	(122096, 122089, 42091),
	(126573, 126566, 43674),
	(126574, 126567, 43674),
	(126575, 126568, 43675),
	(126576, 126569, 43675),
	(126577, 126570, 43676),
	(126578, 126571, 43676),
	(126579, 126572, 43677),
	(126580, 126573, 43677),
	(126581, 126574, 43677),
	(126582, 126575, 43678),
	(126583, 126576, 43678),
	(126584, 126577, 43678),
	(126585, 126578, 43678),
	(126586, 126579, 43679),
	(126587, 126580, 43679),
	(126588, 126581, 43679),
	(126589, 126582, 43680),
	(126590, 126583, 43680),
	(126591, 126584, 43680),
	(126592, 126585, 43680),
	(126593, 126586, 43680),
	(126594, 126587, 43681),
	(126595, 126588, 43681),
	(126596, 126589, 43682),
	(126597, 126590, 43682),
	(126598, 126591, 43682),
	(126599, 126592, 43682),
	(126600, 126593, 43682),
	(126601, 126594, 43683),
	(126602, 126595, 43683),
	(126603, 126596, 43684),
	(126604, 126597, 43684),
	(126605, 126598, 43685),
	(126606, 126599, 43685),
	(126607, 126600, 43685),
	(126608, 126601, 43685),
	(126609, 126602, 43686),
	(126610, 126603, 43686),
	(126611, 126604, 43687),
	(126612, 126605, 43687),
	(126613, 126606, 43688),
	(126614, 126607, 43688),
	(126615, 126608, 43689),
	(126616, 126609, 43689),
	(126617, 126610, 43689),
	(126618, 126611, 43690),
	(126619, 126612, 43690),
	(126620, 126613, 43690),
	(126621, 126614, 43690),
	(126622, 126615, 43691),
	(126623, 126616, 43691),
	(126624, 126617, 43691),
	(126625, 126618, 43692),
	(126626, 126619, 43692),
	(126627, 126620, 43692),
	(126628, 126621, 43692),
	(126629, 126622, 43692),
	(126630, 126623, 43693),
	(126631, 126624, 43693),
	(126632, 126625, 43694),
	(126633, 126626, 43694),
	(126634, 126627, 43694),
	(126635, 126628, 43694),
	(126636, 126629, 43694),
	(126637, 126630, 43695),
	(126638, 126631, 43695),
	(126639, 126632, 43696),
	(126640, 126633, 43696),
	(126641, 126634, 43697),
	(126642, 126635, 43697),
	(126643, 126636, 43697),
	(126644, 126637, 43697),
	(126645, 126638, 43698),
	(126646, 126639, 43698),
	(126647, 126640, 43699),
	(126648, 126641, 43699),
	(126649, 126642, 43700),
	(126650, 126643, 43700),
	(126651, 126644, 43701),
	(126652, 126645, 43701),
	(126653, 126646, 43701),
	(126654, 126647, 43702),
	(126655, 126648, 43702),
	(126656, 126649, 43702),
	(126657, 126650, 43702),
	(126658, 126651, 43703),
	(126659, 126652, 43703),
	(126660, 126653, 43703),
	(126661, 126654, 43704),
	(126662, 126655, 43704),
	(126663, 126656, 43704),
	(126664, 126657, 43704),
	(126665, 126658, 43704),
	(126666, 126659, 43705),
	(126667, 126660, 43705),
	(126668, 126661, 43706),
	(126669, 126662, 43706),
	(126670, 126663, 43706),
	(126671, 126664, 43706),
	(126672, 126665, 43706),
	(126673, 126666, 43707),
	(126674, 126667, 43707),
	(126675, 126668, 43708),
	(126676, 126669, 43708),
	(126677, 126670, 43709),
	(126678, 126671, 43709),
	(126679, 126672, 43709),
	(126680, 126673, 43709),
	(126681, 126674, 43710),
	(126682, 126675, 43710),
	(126683, 126676, 43710),
	(126684, 126677, 43711),
	(126685, 126678, 43711),
	(126686, 126679, 43711),
	(126687, 126680, 43711),
	(126688, 126681, 43711),
	(126689, 126682, 43712),
	(126690, 126683, 43712),
	(126691, 126684, 43712),
	(126692, 126685, 43713),
	(126693, 126686, 43713),
	(126694, 126687, 43714),
	(126695, 126688, 43714),
	(126696, 126689, 43715),
	(126697, 126690, 43715),
	(126698, 126691, 43716),
	(126699, 126692, 43716),
	(126700, 126693, 43717),
	(126701, 126694, 43717),
	(126702, 126695, 43718),
	(126703, 126696, 43718),
	(126704, 126697, 43718),
	(126705, 126698, 43719),
	(126706, 126699, 43719),
	(126707, 126700, 43719),
	(126708, 126701, 43719),
	(126709, 126702, 43720),
	(126710, 126703, 43720),
	(126711, 126704, 43720),
	(126712, 126705, 43721),
	(126713, 126706, 43721),
	(126714, 126707, 43721),
	(126715, 126708, 43721),
	(126716, 126709, 43721);
/*!40000 ALTER TABLE `express_ivent` ENABLE KEYS */;

-- Дамп структуры для таблица bma_data.ivents
CREATE TABLE IF NOT EXISTS `ivents` (
  `ID` bigint(255) NOT NULL AUTO_INCREMENT,
  `NAME` varchar(2000) NOT NULL,
  `DESCRIPTION` varchar(2000) DEFAULT NULL,
  `BET` varchar(1000) NOT NULL,
  `DATE` date DEFAULT NULL,
  `COMPETITION` varchar(2000) DEFAULT NULL,
  `COEFFICIENT` double DEFAULT NULL,
  PRIMARY KEY (`ID`)
) ENGINE=InnoDB AUTO_INCREMENT=126710 DEFAULT CHARSET=utf8;

-- Дамп данных таблицы bma_data.ivents: ~105 rows (приблизительно)
/*!40000 ALTER TABLE `ivents` DISABLE KEYS */;
INSERT INTO `ivents` (`ID`, `NAME`, `DESCRIPTION`, `BET`, `DATE`, `COMPETITION`, `COEFFICIENT`) VALUES
	(35, '&#1052;&#1072;&#1085;&#1095;&#1077;&#1089;&#1090;&#1077;&#1088; &#1057;&#1080;&#1090;&#1080; - &#1069;&#1074;&#1077;&#1088;&#1090;&#1086;&#1085;', NULL, '&#1060;&#1054;&#1056;&#1040;(2) +2', '2017-08-21', '&#1060;&#1091;&#1090;&#1073;&#1086;&#1083;, &#1040;&#1085;&#1075;&#1083;&#1080;&#1103;. &#1055;&#1088;&#1077;&#1084;&#1100;&#1077;&#1088; &#1051;&#1080;&#1075;&#1072;', 1.55),
	(4985, '&#1053;&#1080;&#1094;&#1094;&#1072; - &#1053;&#1072;&#1087;&#1086;&#1083;&#1080;', NULL, '&#1048;&#1058;&#1041;2 (1.5)', '2017-08-22', '&#1060;&#1091;&#1090;&#1073;&#1086;&#1083;. &#1051;&#1080;&#1075;&#1072; &#1063;&#1077;&#1084;&#1087;&#1080;&#1086;&#1085;&#1086;&#1074; &#1059;&#1045;&#1060;&#1040;. &#1055;&#1083;&#1077;&#1081;-&#1086;&#1092;&#1092;. &#1054;&#1090;&#1074;&#1077;&#1090;&#1085;&#1099;&#1077; &#1084;&#1072;&#1090;&#1095;&#1080;.', 1.7),
	(5106, '&#1047;&#1077;&#1085;&#1080;&#1090; - &#1059;&#1090;&#1088;&#1077;&#1093;&#1090;', NULL, '&#1055;1', '2017-08-22', '&#1060;&#1091;&#1090;&#1073;&#1086;&#1083;. &#1051;&#1080;&#1075;&#1072; &#1045;&#1074;&#1088;&#1086;&#1087;&#1099; &#1059;&#1045;&#1060;&#1040;. &#1055;&#1083;&#1077;&#1081;-&#1086;&#1092;&#1092;. &#1054;&#1090;&#1074;&#1077;&#1090;&#1085;&#1099;&#1077; &#1084;&#1072;&#1090;&#1095;&#1080;.', 1.33),
	(5234, '&#1040;&#1074;&#1072;&#1085;&#1075;&#1072;&#1088;&#1076; - &#1044;&#1080;&#1085;&#1072;&#1084;&#1086; &#1056;&#1080;&#1075;&#1072;', NULL, '&#1055;1', '2017-08-22', '&#1061;&#1086;&#1082;&#1082;&#1077;&#1081;/ &#1050;&#1061;&#1051;. &#1056;&#1077;&#1075;&#1091;&#1083;&#1103;&#1088;&#1085;&#1099;&#1081; &#1095;&#1077;&#1084;&#1087;&#1080;&#1086;&#1085;&#1072;&#1090;.', 1.46),
	(19156, ' &#1044;&#1080;&#1085;&#1072;&#1084;&#1086; &#1052;&#1089;&#1082; - &#1042;&#1080;&#1090;&#1103;&#1079;&#1100;	', NULL, '&#1058;&#1052; (6.5)', '2017-08-23', '&#1061;&#1086;&#1082;&#1082;&#1077;&#1081;/ &#1050;&#1061;&#1051;. &#1056;&#1077;&#1075;&#1091;&#1083;&#1103;&#1088;&#1085;&#1099;&#1081; &#1095;&#1077;&#1084;&#1087;&#1080;&#1086;&#1085;&#1072;&#1090;.', 1.27),
	(19285, '&#1051;&#1086;&#1082;&#1086;&#1084;&#1086;&#1090;&#1080;&#1074; - &#1062;&#1057;&#1050;&#1040;', NULL, '&#1048;&#1058;&#1041;2 (1.5)', '2017-08-23', '&#1061;&#1086;&#1082;&#1082;&#1077;&#1081;/ &#1050;&#1061;&#1051;. &#1056;&#1077;&#1075;&#1091;&#1083;&#1103;&#1088;&#1085;&#1099;&#1081; &#1095;&#1077;&#1084;&#1087;&#1080;&#1086;&#1085;&#1072;&#1090;.', 1.4),
	(19286, '&#1057;&#1050;&#1040; - &#1057;&#1083;&#1086;&#1074;&#1072;&#1085; &#1041;&#1088;', NULL, '&#1048;&#1058;&#1041;2 (0.5)', '2017-08-23', '&#1061;&#1086;&#1082;&#1082;&#1077;&#1081;/ &#1050;&#1061;&#1051;. &#1056;&#1077;&#1075;&#1091;&#1083;&#1103;&#1088;&#1085;&#1099;&#1081; &#1095;&#1077;&#1084;&#1087;&#1080;&#1086;&#1085;&#1072;&#1090;.', 1.22),
	(88986, '&#1047;&#1077;&#1085;&#1080;&#1090; - &#1059;&#1090;&#1088;&#1077;&#1093;&#1090;', NULL, '&#1055;1', '2017-08-24', '&#1060;&#1091;&#1090;&#1073;&#1086;&#1083;. &#1051;&#1080;&#1075;&#1072; &#1045;&#1074;&#1088;&#1086;&#1087;&#1099; &#1059;&#1045;&#1060;&#1040;. &#1055;&#1083;&#1077;&#1081;-&#1086;&#1092;&#1092;. &#1054;&#1090;&#1074;&#1077;&#1090;&#1085;&#1099;&#1077; &#1084;&#1072;&#1090;&#1095;&#1080;.', 1.35),
	(88987, '&#1040;&#1074;&#1072;&#1085;&#1075;&#1072;&#1088;&#1076; - &#1057;&#1077;&#1074;&#1077;&#1088;&#1089;&#1090;&#1072;&#1083;&#1100;', NULL, '&#1055;1', '2017-08-24', '&#1061;&#1086;&#1082;&#1082;&#1077;&#1081;/ &#1050;&#1061;&#1051;. &#1056;&#1077;&#1075;&#1091;&#1083;&#1103;&#1088;&#1085;&#1099;&#1081; &#1095;&#1077;&#1084;&#1087;&#1080;&#1086;&#1085;&#1072;&#1090;.', 1.47),
	(100358, '&#1051;&#1072;&#1076;&#1072; - &#1040;&#1074;&#1090;&#1086;&#1084;&#1086;&#1073;&#1080;&#1083;&#1080;&#1089;&#1090;', NULL, '&#1055;1', '2017-08-24', '&#1061;&#1086;&#1082;&#1082;&#1077;&#1081;/ &#1050;&#1061;&#1051;. &#1056;&#1077;&#1075;&#1091;&#1083;&#1103;&#1088;&#1085;&#1099;&#1081; &#1095;&#1077;&#1084;&#1087;&#1080;&#1086;&#1085;&#1072;&#1090;.', 1.36),
	(100359, '&#1044;&#1080;&#1085;&#1072;&#1084;&#1086;-&#1052;&#1080;&#1085;&#1089;&#1082; - &#1042;&#1080;&#1090;&#1103;&#1079;&#1100;', NULL, '&#1055;1', '2017-08-24', '&#1061;&#1086;&#1082;&#1082;&#1077;&#1081;/ &#1050;&#1061;&#1051;. &#1056;&#1077;&#1075;&#1091;&#1083;&#1103;&#1088;&#1085;&#1099;&#1081; &#1095;&#1077;&#1084;&#1087;&#1080;&#1086;&#1085;&#1072;&#1090;.', 1.37),
	(100360, '&#1057;&#1050;&#1040; - &#1049;&#1086;&#1082;&#1077;&#1088;&#1080;&#1090;', NULL, '&#1048;&#1058;&#1041;1 (1.5)', '2017-08-24', '&#1061;&#1086;&#1082;&#1082;&#1077;&#1081;/ &#1050;&#1061;&#1051;. &#1056;&#1077;&#1075;&#1091;&#1083;&#1103;&#1088;&#1085;&#1099;&#1081; &#1095;&#1077;&#1084;&#1087;&#1080;&#1086;&#1085;&#1072;&#1090;.', 1.09),
	(102977, '&#1050;&#1088;&#1080;&#1089;&#1090;&#1072;&#1083; &#1055;&#1101;&#1083;&#1072;&#1089; - &#1057;&#1091;&#1086;&#1085;&#1089;&#1080; &#1057;&#1080;&#1090;&#1080;', NULL, '&#1055;1', '2017-08-25', '&#1060;&#1091;&#1090;&#1073;&#1086;&#1083;, &#1040;&#1085;&#1075;&#1083;&#1080;&#1103;. &#1055;&#1088;&#1077;&#1084;&#1100;&#1077;&#1088; &#1051;&#1080;&#1075;&#1072;', 1.96),
	(102978, '&#1052;&#1072;&#1085;&#1095;&#1077;&#1089;&#1090;&#1077;&#1088; &#1070;&#1085;&#1072;&#1081;&#1090;&#1077;&#1076; - &#1051;&#1077;&#1089;&#1090;&#1077;&#1088; &#1057;&#1080;&#1090;&#1080;', NULL, '&#1054;&#1073;&#1077; &#1082;&#1086;&#1084;&#1072;&#1085;&#1076;&#1099; &#1079;&#1072;&#1073;&#1100;&#1102;&#1090;:&#1044;&#1072;', '2017-08-25', '&#1060;&#1091;&#1090;&#1073;&#1086;&#1083;, &#1040;&#1085;&#1075;&#1083;&#1080;&#1103;. &#1055;&#1088;&#1077;&#1084;&#1100;&#1077;&#1088; &#1051;&#1080;&#1075;&#1072;', 2.09),
	(108006, '&#1056;&#1077;&#1072;&#1083; &#1052;&#1072;&#1076;&#1088;&#1080;&#1076; - &#1042;&#1072;&#1083;&#1077;&#1085;&#1089;&#1080;&#1103;', NULL, '&#1060;&#1054;&#1056;&#1040;(1) -2', '2017-08-27', '&#1060;&#1091;&#1090;&#1073;&#1086;&#1083; &#1048;&#1089;&#1087;&#1072;&#1085;&#1080;&#1103;/ &#1055;&#1088;&#1080;&#1084;&#1077;&#1088;&#1072; &#1076;&#1080;&#1074;&#1080;&#1079;&#1080;&#1086;&#1085;', 1.62),
	(108007, '&#1051;&#1080;&#1074;&#1077;&#1088;&#1087;&#1091;&#1083;&#1100; - &#1040;&#1088;&#1089;&#1077;&#1085;&#1072;&#1083;', NULL, '&#1054;&#1073;&#1077; &#1082;&#1086;&#1084;&#1072;&#1085;&#1076;&#1099; &#1079;&#1072;&#1073;&#1100;&#1102;&#1090;: &#1044;&#1072;', '2017-08-27', '&#1060;&#1091;&#1090;&#1073;&#1086;&#1083;, &#1040;&#1085;&#1075;&#1083;&#1080;&#1103;. &#1055;&#1088;&#1077;&#1084;&#1100;&#1077;&#1088; &#1051;&#1080;&#1075;&#1072;', 1.44),
	(113807, '&#1051;&#1086;&#1082;&#1086;&#1084;&#1086;&#1090;&#1080;&#1074; - &#1042;&#1080;&#1090;&#1103;&#1079;&#1100;', NULL, '&#1055;1', '2017-08-29', 'Хоккей/ КХЛ. Регулярный чемпионат.', 1.33),
	(113808, '&#1053;&#1077;&#1092;&#1090;&#1077;&#1093;&#1080;&#1084;&#1080;&#1082; - &#1051;&#1072;&#1076;&#1072;', NULL, 'Двойной шанс X1', '2017-08-29', ' Хоккей/ КХЛ. Регулярный чемпионат.', 1.26),
	(116905, '&#1041;&#1072;&#1088;&#1099;&#1089; (&#1073;&#1088;) - &#1058;&#1086;&#1088;&#1087;&#1077;&#1076;&#1086; &#1053;&#1053; (&#1073;&#1088;)', NULL, '&#1058;&#1052; (61.5)', '2017-08-30', 'Хоккей/ КХЛ. Регулярный чемпионат. Броски в створ ворот.', 1.8),
	(120017, ' &#1040;.&#1056;&#1072;&#1076;&#1074;&#1072;&#1085;&#1100;&#1089;&#1082;&#1072; - &#1070;.&#1055;&#1091;&#1090;&#1080;&#1085;&#1094;&#1077;&#1074;&#1072;', NULL, '&#1055;1', '2017-08-31', 'Теннис/ Открытый чемпионат США. Женщины. Одиночный разряд. 1/16 финала', 1.22),
	(120018, '&#1045;.&#1052;&#1072;&#1082;&#1072;&#1088;&#1086;&#1074;&#1072; - &#1050;.&#1057;&#1091;&#1072;&#1088;&#1077;&#1089;-&#1053;&#1072;&#1074;&#1072;&#1088;&#1088;&#1086;', NULL, '&#1055;1', '2017-08-31', 'Теннис/ Открытый чемпионат США. Женщины. Одиночный разряд. 1/16 финала', 1.65),
	(120977, 'Елена Остапенко - Дарья Касаткина', NULL, 'П2', '2017-09-02', 'Теннис/ Открытый чемпионат США. Женщины. Одиночный разряд. 3-ий круг. ', 2.296),
	(122086, 'Балтика - Луч-Энергия', NULL, 'П1', '2017-09-06', 'Футбол/ Россия. ФНЛ', 1.41),
	(122087, 'Динамо Рига - СКА', NULL, 'П2', '2017-09-06', 'Хоккей / КХЛ', 1.33),
	(122088, 'Штруфф Я.-Л. - Игнатик В.', NULL, 'ФОРА1 по геймам (-3.5)', '2017-09-07', 'Теннис/ Турнир ATP. Генуя. Италия. Clay.', 1.56),
	(122089, 'Циципас С. - Сеткич А.', NULL, 'ФОРА1 по сетам (-1.5)', '2017-09-07', 'Теннис/ Турнир ATP. Генуя. Италия. Clay.', 1.72),
	(126566, 'Манчестер Сити - Шахтер Донецк', NULL, 'ФОРА1 (-1.5)', NULL, '\n  Футбол/  Клубы. Международные. Лига чемпионов УЕФА. Групповой этап\n', 1.49),
	(126567, 'Спартак Москва - Ливерпуль', NULL, 'Двойной шанс X2', NULL, '\n  Футбол/  Клубы. Международные. Лига чемпионов УЕФА. Групповой этап\n', 1.12),
	(126568, 'Бешикташ - РБ Лейпциг', NULL, 'Двойной шанс 1X', NULL, '\n  Футбол/  Клубы. Международные. Лига чемпионов УЕФА. Групповой этап\n', 1.59),
	(126569, 'Спартак Москва - Ливерпуль', NULL, 'ИТБ2 (1.5)', NULL, '\n  Футбол/  Клубы. Международные. Лига чемпионов УЕФА. Групповой этап\n', 1.5),
	(126570, 'Монако - Порту', NULL, 'ФОРА1 (0)', NULL, '\n  Футбол/  Лига Чемпионов УЕФА. Групповой этап.\n', 1.53),
	(126571, 'Карабах - Рома', NULL, 'П2', NULL, '\n  Футбол/  Лига Чемпионов УЕФА. Групповой этап.\n', 1.46),
	(126572, 'Спартак М - Ливерпуль', NULL, '2 победит и тотал матча больше 2.5: Да', NULL, '\n  Футбол/  Лига Чемпионов УЕФА. Групповой этап.\n', 2.36),
	(126573, 'Боруссия Д - Реал М', NULL, '1 победит и тотал матча больше 2.5: Да', NULL, '\n  Футбол/  Лига Чемпионов УЕФА. Групповой этап.\n', 3.3),
	(126574, 'Монако - Порту', NULL, '1 победит и тотал матча больше 2.5: Да', NULL, '\n  Футбол/  Лига Чемпионов УЕФА. Групповой этап.\n', 2.9),
	(126575, 'Бешикташ - Лейпциг', NULL, 'Двойной шанс 1X', NULL, '\n  Футбол/  Лига Чемпионов УЕФА. Групповой этап.\n', 1.63),
	(126576, 'Боруссия Д - Реал М', NULL, 'Двойной шанс 1X', NULL, '\n  Футбол/  Лига Чемпионов УЕФА. Групповой этап.\n', 1.55),
	(126577, 'Монако - Порту', NULL, 'ФОРА1 (0)', NULL, '\n  Футбол/  Лига Чемпионов УЕФА. Групповой этап.\n', 1.53),
	(126578, 'Истанбул БСБ - Вюрцбург', NULL, 'ТМ (150.5)', NULL, '\n  Баскетбол/  Мужчины. Кубок Европы ФИБА. 1-й квалификационный раунд. Ответные матчи.\n', 1.9),
	(126579, 'Наполи - Фейеноорд', NULL, 'П1', NULL, '\n  Футбол/  Лига Чемпионов УЕФА. Групповой этап.\n', 1.16),
	(126580, 'Спортинг Л - Барселона', NULL, 'ФОРА2 (-1)', NULL, '\n  Футбол/  Лига Чемпионов УЕФА. Групповой этап.\n', 1.61),
	(126581, 'Ювентус - Олимпиакос', NULL, 'ТБ (2)', NULL, '\n  Футбол/  Лига Чемпионов УЕФА. Групповой этап.\n', 1.24),
	(126582, 'Гресик Юн - Мадура Юнайтед', NULL, 'П2', NULL, '\n  Футбол/  Чемпионат Индонезии. Лига 1.\n', 1.36),
	(126583, 'Хробры Глогув - Пяст', NULL, 'Двойной шанс 1X', NULL, '\n  Футбол/  Кубок Польши. 1/8 финала.\n', 1.37),
	(126584, 'Брайт Старс - Киринья Джинджа', NULL, 'ТМ (2.5)', NULL, '\n  Футбол/  Чемпионат Уганды.\n', 1.35),
	(126585, 'Масаву - Вайперс', NULL, 'ТМ (2.5)', NULL, '\n  Футбол/  Чемпионат Уганды.\n', 1.37),
	(126586, 'Парндорф - Маттерсбург', NULL, 'ФОРА1 (+3.5)', NULL, '\n  Футбол/  Кубок Австрии. 1/16 финала.\n', 1.46),
	(126587, 'АПОЭЛ - Тоттенхэм', NULL, 'ФОРА2 (-1)', NULL, '\n  Футбол/  Лига Чемпионов УЕФА. Групповой этап.\n', 1.67),
	(126588, 'Наполи - Фейеноорд', NULL, 'ФОРА1 (-1)', NULL, '\n  Футбол/  Лига Чемпионов УЕФА. Групповой этап.\n', 1.21),
	(126589, 'Динамо Р - Адмирал', NULL, 'ФОРА1 (0)', NULL, '\n  Хоккей/  КХЛ. Регулярный чемпионат.\n', 2.16),
	(126590, 'Трактор - Салават Юлаев', NULL, 'ФОРА2 (0)', NULL, '\n  Хоккей/  КХЛ. Регулярный чемпионат.\n', 1.77),
	(126591, 'Бешикташ - Лейпциг', NULL, 'ФОРА1 (0)', NULL, '\n  Футбол/  Лига Чемпионов УЕФА. Групповой этап.\n', 2.34),
	(126592, 'Спартак М - Ливерпуль', NULL, 'ТБ (2.5)', NULL, '\n  Футбол/  Лига Чемпионов УЕФА. Групповой этап.\n', 1.72),
	(126593, 'АПОЭЛ - Тоттенхэм', NULL, 'ИТБ1 (1)', NULL, '\n  Футбол/  Лига Чемпионов УЕФА. Групповой этап.\n', 3.3),
	(126594, 'АПОЭЛ - Тоттенхэм', NULL, 'ИТБ2 (2)', NULL, '\n  Футбол/  Лига Чемпионов УЕФА. Групповой этап.\n', 1.95),
	(126595, 'Боруссия Д - Реал М', NULL, 'ФОРА1 (0)', NULL, '\n  Футбол/  Лига Чемпионов УЕФА. Групповой этап.\n', 2.06),
	(126596, 'Монако - Порту', NULL, 'ФОРА1 (0)', NULL, '\n  Футбол/  Лига Чемпионов УЕФА. Групповой этап.\n', 1.53),
	(126597, 'Спартак М - Ливерпуль', NULL, 'ИТБ2 (1.5)', NULL, '\n  Футбол/  Лига Чемпионов УЕФА. Групповой этап.\n', 1.63),
	(126598, 'Боруссия Д - Реал М', NULL, '1-й тайм ТБ (1)', NULL, '\n  Футбол/  Лига Чемпионов УЕФА. Групповой этап.\n', 1.42),
	(126599, 'Бешикташ - Лейпциг', NULL, 'ИТБ1 (1)', NULL, '\n  Футбол/  Лига Чемпионов УЕФА. Групповой этап.\n', 1.68),
	(126600, 'Манчестер Сити - Шахтер Дн', NULL, 'ТБ (3)', NULL, '\n  Футбол/  Лига Чемпионов УЕФА. Групповой этап.\n', 1.41),
	(126601, 'Спартак М - Ливерпуль', NULL, 'ИТБ2 (1.5)', NULL, '\n  Футбол/  Лига Чемпионов УЕФА. Групповой этап.\n', 1.63),
	(126602, 'Манчестер Сити - Шахтер Донецк', NULL, 'ФОРА1 (-1.5)', NULL, '\n  Футбол/  Клубы. Международные. Лига чемпионов УЕФА. Групповой этап\n', 1.49),
	(126603, 'Спартак Москва - Ливерпуль', NULL, 'Двойной шанс X2', NULL, '\n  Футбол/  Клубы. Международные. Лига чемпионов УЕФА. Групповой этап\n', 1.12),
	(126604, 'Бешикташ - РБ Лейпциг', NULL, 'Двойной шанс 1X', NULL, '\n  Футбол/  Клубы. Международные. Лига чемпионов УЕФА. Групповой этап\n', 1.59),
	(126605, 'Спартак Москва - Ливерпуль', NULL, 'ИТБ2 (1.5)', NULL, '\n  Футбол/  Клубы. Международные. Лига чемпионов УЕФА. Групповой этап\n', 1.5),
	(126606, 'Монако - Порту', NULL, 'ФОРА1 (0)', NULL, '\n  Футбол/  Лига Чемпионов УЕФА. Групповой этап.\n', 1.53),
	(126607, 'Карабах - Рома', NULL, 'П2', NULL, '\n  Футбол/  Лига Чемпионов УЕФА. Групповой этап.\n', 1.46),
	(126608, 'Спартак М - Ливерпуль', NULL, '2 победит и тотал матча больше 2.5: Да', NULL, '\n  Футбол/  Лига Чемпионов УЕФА. Групповой этап.\n', 2.36),
	(126609, 'Боруссия Д - Реал М', NULL, '1 победит и тотал матча больше 2.5: Да', NULL, '\n  Футбол/  Лига Чемпионов УЕФА. Групповой этап.\n', 3.3),
	(126610, 'Монако - Порту', NULL, '1 победит и тотал матча больше 2.5: Да', NULL, '\n  Футбол/  Лига Чемпионов УЕФА. Групповой этап.\n', 2.9),
	(126611, 'Бешикташ - Лейпциг', NULL, 'Двойной шанс 1X', NULL, '\n  Футбол/  Лига Чемпионов УЕФА. Групповой этап.\n', 1.63),
	(126612, 'Боруссия Д - Реал М', NULL, 'Двойной шанс 1X', NULL, '\n  Футбол/  Лига Чемпионов УЕФА. Групповой этап.\n', 1.55),
	(126613, 'Монако - Порту', NULL, 'ФОРА1 (0)', NULL, '\n  Футбол/  Лига Чемпионов УЕФА. Групповой этап.\n', 1.53),
	(126614, 'Истанбул БСБ - Вюрцбург', NULL, 'ТМ (150.5)', NULL, '\n  Баскетбол/  Мужчины. Кубок Европы ФИБА. 1-й квалификационный раунд. Ответные матчи.\n', 1.9),
	(126615, 'Наполи - Фейеноорд', NULL, 'П1', NULL, '\n  Футбол/  Лига Чемпионов УЕФА. Групповой этап.\n', 1.16),
	(126616, 'Спортинг Л - Барселона', NULL, 'ФОРА2 (-1)', NULL, '\n  Футбол/  Лига Чемпионов УЕФА. Групповой этап.\n', 1.61),
	(126617, 'Ювентус - Олимпиакос', NULL, 'ТБ (2)', NULL, '\n  Футбол/  Лига Чемпионов УЕФА. Групповой этап.\n', 1.24),
	(126618, 'Гресик Юн - Мадура Юнайтед', NULL, 'П2', NULL, '\n  Футбол/  Чемпионат Индонезии. Лига 1.\n', 1.36),
	(126619, 'Хробры Глогув - Пяст', NULL, 'Двойной шанс 1X', NULL, '\n  Футбол/  Кубок Польши. 1/8 финала.\n', 1.37),
	(126620, 'Брайт Старс - Киринья Джинджа', NULL, 'ТМ (2.5)', NULL, '\n  Футбол/  Чемпионат Уганды.\n', 1.35),
	(126621, 'Масаву - Вайперс', NULL, 'ТМ (2.5)', NULL, '\n  Футбол/  Чемпионат Уганды.\n', 1.37),
	(126622, 'Парндорф - Маттерсбург', NULL, 'ФОРА1 (+3.5)', NULL, '\n  Футбол/  Кубок Австрии. 1/16 финала.\n', 1.46),
	(126623, 'АПОЭЛ - Тоттенхэм', NULL, 'ФОРА2 (-1)', NULL, '\n  Футбол/  Лига Чемпионов УЕФА. Групповой этап.\n', 1.67),
	(126624, 'Наполи - Фейеноорд', NULL, 'ФОРА1 (-1)', NULL, '\n  Футбол/  Лига Чемпионов УЕФА. Групповой этап.\n', 1.21),
	(126625, 'Динамо Р - Адмирал', NULL, 'ФОРА1 (0)', NULL, '\n  Хоккей/  КХЛ. Регулярный чемпионат.\n', 2.16),
	(126626, 'Трактор - Салават Юлаев', NULL, 'ФОРА2 (0)', NULL, '\n  Хоккей/  КХЛ. Регулярный чемпионат.\n', 1.77),
	(126627, 'Бешикташ - Лейпциг', NULL, 'ФОРА1 (0)', NULL, '\n  Футбол/  Лига Чемпионов УЕФА. Групповой этап.\n', 2.34),
	(126628, 'Спартак М - Ливерпуль', NULL, 'ТБ (2.5)', NULL, '\n  Футбол/  Лига Чемпионов УЕФА. Групповой этап.\n', 1.72),
	(126629, 'АПОЭЛ - Тоттенхэм', NULL, 'ИТБ1 (1)', NULL, '\n  Футбол/  Лига Чемпионов УЕФА. Групповой этап.\n', 3.3),
	(126630, 'АПОЭЛ - Тоттенхэм', NULL, 'ИТБ2 (2)', NULL, '\n  Футбол/  Лига Чемпионов УЕФА. Групповой этап.\n', 1.95),
	(126631, 'Боруссия Д - Реал М', NULL, 'ФОРА1 (0)', NULL, '\n  Футбол/  Лига Чемпионов УЕФА. Групповой этап.\n', 2.06),
	(126632, 'Монако - Порту', NULL, 'ФОРА1 (0)', NULL, '\n  Футбол/  Лига Чемпионов УЕФА. Групповой этап.\n', 1.53),
	(126633, 'Спартак М - Ливерпуль', NULL, 'ИТБ2 (1.5)', NULL, '\n  Футбол/  Лига Чемпионов УЕФА. Групповой этап.\n', 1.63),
	(126634, 'Боруссия Д - Реал М', NULL, '1-й тайм ТБ (1)', NULL, '\n  Футбол/  Лига Чемпионов УЕФА. Групповой этап.\n', 1.42),
	(126635, 'Бешикташ - Лейпциг', NULL, 'ИТБ1 (1)', NULL, '\n  Футбол/  Лига Чемпионов УЕФА. Групповой этап.\n', 1.68),
	(126636, 'Манчестер Сити - Шахтер Дн', NULL, 'ТБ (3)', NULL, '\n  Футбол/  Лига Чемпионов УЕФА. Групповой этап.\n', 1.41),
	(126637, 'Спартак М - Ливерпуль', NULL, 'ИТБ2 (1.5)', NULL, '\n  Футбол/  Лига Чемпионов УЕФА. Групповой этап.\n', 1.63),
	(126638, 'Манчестер Сити - Шахтер Донецк', NULL, 'ФОРА1 (-1.5)', NULL, '\n  Футбол/  Клубы. Международные. Лига чемпионов УЕФА. Групповой этап\n', 1.49),
	(126639, 'Спартак Москва - Ливерпуль', NULL, 'Двойной шанс X2', NULL, '\n  Футбол/  Клубы. Международные. Лига чемпионов УЕФА. Групповой этап\n', 1.12),
	(126640, 'Бешикташ - РБ Лейпциг', NULL, 'Двойной шанс 1X', NULL, '\n  Футбол/  Клубы. Международные. Лига чемпионов УЕФА. Групповой этап\n', 1.59),
	(126641, 'Спартак Москва - Ливерпуль', NULL, 'ИТБ2 (1.5)', NULL, '\n  Футбол/  Клубы. Международные. Лига чемпионов УЕФА. Групповой этап\n', 1.5),
	(126642, 'Монако - Порту', NULL, 'ФОРА1 (0)', NULL, '\n  Футбол/  Лига Чемпионов УЕФА. Групповой этап.\n', 1.53),
	(126643, 'Карабах - Рома', NULL, 'П2', NULL, '\n  Футбол/  Лига Чемпионов УЕФА. Групповой этап.\n', 1.46),
	(126644, 'Спартак М - Ливерпуль', NULL, '2 победит и тотал матча больше 2.5: Да', NULL, '\n  Футбол/  Лига Чемпионов УЕФА. Групповой этап.\n', 2.36),
	(126645, 'Боруссия Д - Реал М', NULL, '1 победит и тотал матча больше 2.5: Да', NULL, '\n  Футбол/  Лига Чемпионов УЕФА. Групповой этап.\n', 3.3),
	(126646, 'Монако - Порту', NULL, '1 победит и тотал матча больше 2.5: Да', NULL, '\n  Футбол/  Лига Чемпионов УЕФА. Групповой этап.\n', 2.9),
	(126647, 'Бешикташ - Лейпциг', NULL, 'Двойной шанс 1X', NULL, '\n  Футбол/  Лига Чемпионов УЕФА. Групповой этап.\n', 1.63),
	(126648, 'Боруссия Д - Реал М', NULL, 'Двойной шанс 1X', NULL, '\n  Футбол/  Лига Чемпионов УЕФА. Групповой этап.\n', 1.55),
	(126649, 'Монако - Порту', NULL, 'ФОРА1 (0)', NULL, '\n  Футбол/  Лига Чемпионов УЕФА. Групповой этап.\n', 1.53),
	(126650, 'Истанбул БСБ - Вюрцбург', NULL, 'ТМ (150.5)', NULL, '\n  Баскетбол/  Мужчины. Кубок Европы ФИБА. 1-й квалификационный раунд. Ответные матчи.\n', 1.9),
	(126651, 'Наполи - Фейеноорд', NULL, 'П1', NULL, '\n  Футбол/  Лига Чемпионов УЕФА. Групповой этап.\n', 1.16),
	(126652, 'Спортинг Л - Барселона', NULL, 'ФОРА2 (-1)', NULL, '\n  Футбол/  Лига Чемпионов УЕФА. Групповой этап.\n', 1.61),
	(126653, 'Ювентус - Олимпиакос', NULL, 'ТБ (2)', NULL, '\n  Футбол/  Лига Чемпионов УЕФА. Групповой этап.\n', 1.24),
	(126654, 'Гресик Юн - Мадура Юнайтед', NULL, 'П2', NULL, '\n  Футбол/  Чемпионат Индонезии. Лига 1.\n', 1.36),
	(126655, 'Хробры Глогув - Пяст', NULL, 'Двойной шанс 1X', NULL, '\n  Футбол/  Кубок Польши. 1/8 финала.\n', 1.37),
	(126656, 'Брайт Старс - Киринья Джинджа', NULL, 'ТМ (2.5)', NULL, '\n  Футбол/  Чемпионат Уганды.\n', 1.35),
	(126657, 'Масаву - Вайперс', NULL, 'ТМ (2.5)', NULL, '\n  Футбол/  Чемпионат Уганды.\n', 1.37),
	(126658, 'Парндорф - Маттерсбург', NULL, 'ФОРА1 (+3.5)', NULL, '\n  Футбол/  Кубок Австрии. 1/16 финала.\n', 1.46),
	(126659, 'АПОЭЛ - Тоттенхэм', NULL, 'ФОРА2 (-1)', NULL, '\n  Футбол/  Лига Чемпионов УЕФА. Групповой этап.\n', 1.67),
	(126660, 'Наполи - Фейеноорд', NULL, 'ФОРА1 (-1)', NULL, '\n  Футбол/  Лига Чемпионов УЕФА. Групповой этап.\n', 1.21),
	(126661, 'Динамо Р - Адмирал', NULL, 'ФОРА1 (0)', NULL, '\n  Хоккей/  КХЛ. Регулярный чемпионат.\n', 2.16),
	(126662, 'Трактор - Салават Юлаев', NULL, 'ФОРА2 (0)', NULL, '\n  Хоккей/  КХЛ. Регулярный чемпионат.\n', 1.77),
	(126663, 'Бешикташ - Лейпциг', NULL, 'ФОРА1 (0)', NULL, '\n  Футбол/  Лига Чемпионов УЕФА. Групповой этап.\n', 2.34),
	(126664, 'Спартак М - Ливерпуль', NULL, 'ТБ (2.5)', NULL, '\n  Футбол/  Лига Чемпионов УЕФА. Групповой этап.\n', 1.72),
	(126665, 'АПОЭЛ - Тоттенхэм', NULL, 'ИТБ1 (1)', NULL, '\n  Футбол/  Лига Чемпионов УЕФА. Групповой этап.\n', 3.3),
	(126666, 'АПОЭЛ - Тоттенхэм', NULL, 'ИТБ2 (2)', NULL, '\n  Футбол/  Лига Чемпионов УЕФА. Групповой этап.\n', 1.95),
	(126667, 'Боруссия Д - Реал М', NULL, 'ФОРА1 (0)', NULL, '\n  Футбол/  Лига Чемпионов УЕФА. Групповой этап.\n', 2.06),
	(126668, 'Монако - Порту', NULL, 'ФОРА1 (0)', NULL, '\n  Футбол/  Лига Чемпионов УЕФА. Групповой этап.\n', 1.53),
	(126669, 'Спартак М - Ливерпуль', NULL, 'ИТБ2 (1.5)', NULL, '\n  Футбол/  Лига Чемпионов УЕФА. Групповой этап.\n', 1.63),
	(126670, 'Боруссия Д - Реал М', NULL, '1-й тайм ТБ (1)', NULL, '\n  Футбол/  Лига Чемпионов УЕФА. Групповой этап.\n', 1.42),
	(126671, 'Бешикташ - Лейпциг', NULL, 'ИТБ1 (1)', NULL, '\n  Футбол/  Лига Чемпионов УЕФА. Групповой этап.\n', 1.68),
	(126672, 'Манчестер Сити - Шахтер Дн', NULL, 'ТБ (3)', NULL, '\n  Футбол/  Лига Чемпионов УЕФА. Групповой этап.\n', 1.41),
	(126673, 'Спартак М - Ливерпуль', NULL, 'ИТБ2 (1.5)', NULL, '\n  Футбол/  Лига Чемпионов УЕФА. Групповой этап.\n', 1.63),
	(126674, 'Чеккинато М. - Химено-Травер Д.', NULL, 'П1', NULL, '\n  Теннис/  Турнир ATP. Рим-2. Италия. Челленджер. Clay.\n', 1.4),
	(126675, 'Краинович Ф. - Ковалик Ж.', NULL, 'П1', NULL, '\n  Теннис/  Турнир ATP. Рим-2. Италия. Челленджер. Clay.\n', 1.41),
	(126676, 'Веснина Е. - Мертенс Э.', NULL, 'ФОРА2 по геймам (3.5)', NULL, '\n  Теннис/  Турнир WTA. Ухань. Китай. Hard.\n', 1.59),
	(126677, 'АПОЭЛ - Тоттенхэм', NULL, 'П2', NULL, '\n  Футбол/  Лига Чемпионов УЕФА. Групповой этап.\n', 1.42),
	(126678, 'Карабах - Рома', NULL, 'П2', NULL, '\n  Футбол/  Лига Чемпионов УЕФА. Групповой этап.\n', 1.46),
	(126679, 'Манчестер Сити - Шахтер Дн', NULL, 'П1', NULL, '\n  Футбол/  Лига Чемпионов УЕФА. Групповой этап.\n', 1.2),
	(126680, 'Наполи - Фейеноорд', NULL, 'П1', NULL, '\n  Футбол/  Лига Чемпионов УЕФА. Групповой этап.\n', 1.16),
	(126681, 'ЦСКА М - Манчестер Юн', NULL, 'П2', NULL, '\n  Футбол/  Лига Чемпионов УЕФА. Групповой этап.\n', 1.7),
	(126682, 'ЦСКА М - Манчестер Юн', NULL, 'ИТБ2 (2)', NULL, '\n  Футбол/  Лига Чемпионов УЕФА. Групповой этап.\n', 2.9),
	(126683, 'Спартак М - Ливерпуль', NULL, 'ИТБ2 (2)', NULL, '\n  Футбол/  Лига Чемпионов УЕФА. Групповой этап.\n', 2.18),
	(126684, 'Карабах - Рома', NULL, 'ИТБ2 (2)', NULL, '\n  Футбол/  Лига Чемпионов УЕФА. Групповой этап.\n', 2),
	(126685, 'Гресик Юн - Мадура Юнайтед', NULL, 'ТБ (4)', NULL, '\n  Футбол/  Чемпионат Индонезии. Лига 1.\n', 3.1),
	(126686, 'ПС ТНИ - Митра Кукар', NULL, 'ТБ (4)', NULL, '\n  Футбол/  Чемпионат Индонезии. Лига 1.\n', 3.4),
	(126687, 'Карлайл Юнайтед - Стивенедж', NULL, 'ТБ (2.5)', NULL, '\n  Футбол/  Англия. 2-я лига\n', 1.76),
	(126688, 'Уикомб Уондерерс - Крю Александра', NULL, 'ТБ (2.5)', NULL, '\n  Футбол/  Англия. 2-я лига\n', 1.89),
	(126689, 'Манчестер Сити - Шахтер Донецк', NULL, 'ФОРА1 (-1.5)', NULL, '\n  Футбол/  Клубы. Международные. Лига чемпионов УЕФА. Групповой этап\n', 1.49),
	(126690, 'Спартак Москва - Ливерпуль', NULL, 'Двойной шанс X2', NULL, '\n  Футбол/  Клубы. Международные. Лига чемпионов УЕФА. Групповой этап\n', 1.12),
	(126691, 'Бешикташ - РБ Лейпциг', NULL, 'Двойной шанс 1X', NULL, '\n  Футбол/  Клубы. Международные. Лига чемпионов УЕФА. Групповой этап\n', 1.59),
	(126692, 'Спартак Москва - Ливерпуль', NULL, 'ИТБ2 (1.5)', NULL, '\n  Футбол/  Клубы. Международные. Лига чемпионов УЕФА. Групповой этап\n', 1.5),
	(126693, 'Монако - Порту', NULL, 'ФОРА1 (0)', NULL, '\n  Футбол/  Лига Чемпионов УЕФА. Групповой этап.\n', 1.53),
	(126694, 'Карабах - Рома', NULL, 'П2', NULL, '\n  Футбол/  Лига Чемпионов УЕФА. Групповой этап.\n', 1.46),
	(126695, 'Спартак М - Ливерпуль', NULL, '2 победит и тотал матча больше 2.5: Да', NULL, '\n  Футбол/  Лига Чемпионов УЕФА. Групповой этап.\n', 2.36),
	(126696, 'Боруссия Д - Реал М', NULL, '1 победит и тотал матча больше 2.5: Да', NULL, '\n  Футбол/  Лига Чемпионов УЕФА. Групповой этап.\n', 3.3),
	(126697, 'Монако - Порту', NULL, '1 победит и тотал матча больше 2.5: Да', NULL, '\n  Футбол/  Лига Чемпионов УЕФА. Групповой этап.\n', 2.9),
	(126698, 'Бешикташ - Лейпциг', NULL, 'Двойной шанс 1X', NULL, '\n  Футбол/  Лига Чемпионов УЕФА. Групповой этап.\n', 1.63),
	(126699, 'Боруссия Д - Реал М', NULL, 'Двойной шанс 1X', NULL, '\n  Футбол/  Лига Чемпионов УЕФА. Групповой этап.\n', 1.55),
	(126700, 'Монако - Порту', NULL, 'ФОРА1 (0)', NULL, '\n  Футбол/  Лига Чемпионов УЕФА. Групповой этап.\n', 1.53),
	(126701, 'Истанбул БСБ - Вюрцбург', NULL, 'ТМ (150.5)', NULL, '\n  Баскетбол/  Мужчины. Кубок Европы ФИБА. 1-й квалификационный раунд. Ответные матчи.\n', 1.9),
	(126702, 'Наполи - Фейеноорд', NULL, 'П1', NULL, '\n  Футбол/  Лига Чемпионов УЕФА. Групповой этап.\n', 1.16),
	(126703, 'Спортинг Л - Барселона', NULL, 'ФОРА2 (-1)', NULL, '\n  Футбол/  Лига Чемпионов УЕФА. Групповой этап.\n', 1.61),
	(126704, 'Ювентус - Олимпиакос', NULL, 'ТБ (2)', NULL, '\n  Футбол/  Лига Чемпионов УЕФА. Групповой этап.\n', 1.24),
	(126705, 'Гресик Юн - Мадура Юнайтед', NULL, 'П2', NULL, '\n  Футбол/  Чемпионат Индонезии. Лига 1.\n', 1.36),
	(126706, 'Хробры Глогув - Пяст', NULL, 'Двойной шанс 1X', NULL, '\n  Футбол/  Кубок Польши. 1/8 финала.\n', 1.37),
	(126707, 'Брайт Старс - Киринья Джинджа', NULL, 'ТМ (2.5)', NULL, '\n  Футбол/  Чемпионат Уганды.\n', 1.35),
	(126708, 'Масаву - Вайперс', NULL, 'ТМ (2.5)', NULL, '\n  Футбол/  Чемпионат Уганды.\n', 1.37),
	(126709, 'Парндорф - Маттерсбург', NULL, 'ФОРА1 (+3.5)', NULL, '\n  Футбол/  Кубок Австрии. 1/16 финала.\n', 1.46);
/*!40000 ALTER TABLE `ivents` ENABLE KEYS */;

-- Дамп структуры для таблица bma_data.questions
CREATE TABLE IF NOT EXISTS `questions` (
  `ID` bigint(255) NOT NULL AUTO_INCREMENT,
  `question` varchar(2000) NOT NULL,
  `answer` varchar(5000) DEFAULT NULL,
  PRIMARY KEY (`ID`)
) ENGINE=InnoDB AUTO_INCREMENT=11 DEFAULT CHARSET=utf8;

-- Дамп данных таблицы bma_data.questions: ~19 rows (приблизительно)
/*!40000 ALTER TABLE `questions` DISABLE KEYS */;
INSERT INTO `questions` (`ID`, `question`, `answer`) VALUES
	(1, 'Как выбрать букмекера?', 'Подробное <a href="Bookmakers.spr">описание и рейтинг букмекеров</a> - составлено на основе оценки по четырем основным показателям: надежность, \r\nлиния, удобству работы и бонусы. Все баллы детализированы в описаниях. Только разрешенные в РФ сайты букмекерских контор.'),
	(2, 'Как зарегистрироваться?', '<center>Пример регистрации в <a rel="nofollow" target="_blank" href="BKLINKBET">1xBET</a> по номеру телефона.</center>\r\n<br>\r\n1) Переходим на сайт <a rel="nofollow" target="_blank" href="BKLINKBET">1xBET</a>, в правом верхнем угла кнопка "регистрация".<br><br>\r\n2) В появившемся окошке выбираем "по номеру телефона" и указываем свой номер мобильного телефона, и жмем "Зарегистрироваться".<br><br>\r\n<img src="bootstrap/img/registration/registration-by-phone.jpg" width="50%" alt="Форма регистрации по номеру телефона">  \r\n<br><br>\r\n3) Данные с вашим логином и паролем отправлены SMS сообщением:<br><br>\r\nИнформацию для регистрации в конкретной букмекерской конторе Вы сможете найти в подробном <a href="#">описании букмекеров</a>  '),
	(3, 'Как пополнить счет с банковской карты?', '<center>На примере поплнения счета в <a rel="nofollow" target="_blank" href="BKLINKBET">1xBET</a>.</center>\r\n<br>\r\n1) Для того, чтобы пополнить счёт с помощью банковской карты Вам необходимо зайти на\r\nстраницу пополнения счёта нажав на кнопку «Пополнить» в верхней правой части страницы.\r\n<br><br>\r\n2) В зависимости от типа Вашей карты выберите нужную иконку.\r\n<br><br>\r\n3) Укажите сумму, и email. \r\n<br><br>\r\n<img src="bootstrap/img/bankCard/card-form.jpg" width="35%" alt="Форма для заполнения суммы пополнения и email">\r\n<br><br>\r\n4) Далее Вы будете перенаправлены на платёжную страницу, где Вам нужно\r\nбудет заполнить данные с карты. \r\n<br><br>\r\n<img src="bootstrap/img/bankCard/card-data.jpg" width="50%" alt="Форма для заполнения данных карты">\r\n<br><br>\r\n5) Жмем, "Pay Now". Вскоре Ваш счёт будет пополнен.\r\n\r\n'),
	(4, 'Как пополнить счет с интернет кошелька?', '<center>На примере поплнения счета в <a rel="nofollow" target="_blank" href="BKLINKBET">1xBET</a>.</center>\r\n<br>\r\n1) Для того, чтобы пополнить счёт с кошелька Qiwi, Вам необходимо зайти на страницу\r\nпополнения счёта, нажав на кнопку «Пополнить» в верхней правой части страницы.\r\n<br><br>\r\n2) Выбрать иконку Qiwi, ввести желаемую сумму пополнения, номер телефона и нажать\r\n«Пополнить».\r\n<br><br>\r\n<img src="bootstrap/img/qiwi/qiwi-form.jpg" width="35%" alt="QIWI форма для заполнения суммы пополнения и номера телефона">\r\n<br><br>\r\n3) Подтвердить платёж.\r\n<br><br>\r\n<img src="bootstrap/img/qiwi/qiwi-amount-confirm.jpg" width="35%" alt="Подтверждение суммы платежа">\r\n<br><br>\r\n4) Далее Вы будете перенаправлены на сайт Qiwi, где нужно будет подтвердить оплату кодом,\r\nкоторый придёт на телефон, привязанный к Вашему кошельку. Вскоре Ваш счёт будет пополнен.\r\n<br><br>\r\n<img src="bootstrap/img/qiwi/qiwi-confirm-by-phone.jpg" width="50%" height = "30%" alt="Подтверждение транзакции кодом из SMS">\r\n\r\n'),
	(5, 'Как пополнить счет мобильным платежём?', '<center>На примере поплнения счета в <a rel="nofollow" target="_blank" href="BKLINKBET">1xBET</a>.</center>\r\n<br>\r\n1) Для того, чтобы пополнить счёт с помощью мобильного телефона, Вам необходимо зайти\r\nна страницу пополнения счёта, нажав на кнопку «Пополнить» в верхней правой части страницы.\r\n<br><br>\r\n2) Далее, в зависимости от Вашего мобильного оператора, нужно выбрать иконку.\r\n<br><br>\r\n<img src="bootstrap/img/mobile/operator-select.jpg" width="50%" alt="Выбор оператора">\r\n<br><br>\r\n3) Ввести желаемую сумму пополнения, номер телефона и нажать «Подтвердить»\r\n<br><br>\r\n<img src="bootstrap/img/mobile/operator-form.jpg" width="50%" alt="Форма для заполнения суммы пополнения и номера телефона">\r\n<br><br>\r\n4) На ваш номер телефона поступит сообщение, где нужно будет подтвердить списание\r\nсредств со счёта мобильного. Вскоре ваш счет будет пополнен.\r\n<br><br>\r\n<img src="bootstrap/img/mobile/SMS.jpg" width="65%" alt="Подтверждение транзакции по SMS">\r\n'),
	(6, 'Как сделать ставку?', '<center>На примере ставки в <a rel="nofollow" target="_blank" href="BKLINKBET">1xBET</a>.</center>\r\n<br>\r\n1) Чтобы сделать ставку, Вам необходимо зайти\r\nна главную страницу <a rel="nofollow" target="_blank" href="BKLINKBET">1xBET</a>, войти в свой аккаунт. Далее 4 простых шага:<br><br>\r\n- Выбираем в меню слева интересующий вид спорта и чемпионат.<br> \r\n- Выбираем отдельное событие, например Манчестер Юнайтед - Лестер.<br> - Выбираем на что ставим.<br>\r\n- Справа можно увидеть информацию по ставке. Вводим там сумму и нажимаем кнопку "Сделать ставку".\r\n<br><br>\r\n<img src="bootstrap/img/bet/bet.jpg" width="100%" alt="Создание и подтверждение ставки">\r\n<br><br>\r\n3) Видим следующее сообщение с информацией о Вашей ставке. \r\n<br><br>\r\n<img src="bootstrap/img/bet/bet-info.jpg" width="35%" alt="Купон с информацией о сделанной ставке">\r\n<br><br>\r\n '),
	(7, 'Как узнать результат ставки?', '<center>На примере в <a rel="nofollow" target="_blank" href="BKLINKBET">1xBET</a>.</center>\r\n<br>\r\n1) Чтобы узнать результат, Вам необходимо зайти\r\nна главную страницу <a rel="nofollow" target="_blank" href="BKLINKBET">1xBET</a>, войти в свой аккаунт. Далее в верху справа выбираем личный кабинет и история ставок.\r\nПосле окончания события, там будет отображаться результат вашей ставки. \r\n<br><br>\r\n<img src="bootstrap/img/betResult/bet-result.jpg" width="100%" alt="Исход ставки">\r\n<br><br>\r\n'),
	(8, 'Как снять деньги?', '<center>На примере вывода на карту в <a rel="nofollow" target="_blank" href="BKLINKBET">1xBET</a>.</center>\r\n<br>\r\n1) Для того, чтобы вывести деньги на банковскую карту Вам необходимо войти в свой аккаунт на <a rel="nofollow" target="_blank" href="BKLINKBET">1xBET</a>. Вверху слева выбираем личный кабинет и вывести со счета. Далее выбираем свою карту и заполняем данные на форме. \r\n<br><br>\r\n<img src="bootstrap/img/out/card-form.jpg" width="100%" alt="Форма вывода средств на карту">\r\n<br><br>\r\n2) Жмем "Подтвердить". Вскоре Ваши деньги придут на Вашу карту. '),
	(9, 'Основные термины, используемые букмекерскими конторами.', '<ul>\r\n<li><b>Ставка</b> – деньги, с помощью которых вы заключаете пари на какое-либо событие, на которое букмекерской конторой выставлен коэффициент.</li>\r\n<li><b>Коэффициент</b> – числовое измерение вероятности наступления события, его выставляют букмекеры. Как правило, он бывает дробным и десятичным – этот вид более привычный и понятный нам.</li>\r\n<li><b>Исход</b> – результат события, который рассчитан букмекерской конторой.</li>\r\n<li><b>Выигрыш</b> – та сумма, которая начисляется на ваш счет в букмекерской конторе в случае, если ваша ставка оказалась верной, т.е. событие, на которое вы заключили пари,  произошло.</li>\r\n<li><b>Проигрыш</b> – та сумма, которую вы теряете  если  ваша ставка оказалась неверной, т.е. событие, на которое вы заключили пари,  не произошло.</li>\r\n<li><b>Ординар</b> – одиночная ставка, т.е. ставка на одно событие.  В случае выигрыша, ставка рассчитывается как произведение суммы вашей ставки на предложенный коэффициент. \r\nНапример, вы поставили 2 доллара на событие, оцененное букмекером коэффициентом 1,9. В случае выигрыша, сумма, на которую пополнится ваш счет будет 3,8 доллара, \r\nчистая прибыль 3,8 – 2 (сумма ставки)= 1,8 доллара.</li>\r\n<li><b>Экспресс</b> –  комбинирование одиночных ставок – ординаров на исходы нескольких событий. Для экспресса  можно выбрать любые события, которые не зависят друг от друга. \r\nКоэффициент по экспрессу будет равен произведению коэффициентов на те события, которые вы выбрали. Для выигрыша по экспрессу необходимо чтобы все входящие в него события были не проиграны \r\n(т.е. если по какому-то событию будет возврат с коэффициентом 1, то это будет считаться выигрышем). Если хотя бы 1 из событий, объединенных в экспресс, проиграет, то весь экспресс \r\nсчитается проигранным.</li>\r\n<li><b>Мультиставка</b> – это система ставок, состоящая из экспрессов и ординаров, которые клиент собирает в одном купоне в оптимальной для себя комбинации.\r\n<li><b>Условная ставка</b> – это ставка, состоящая из набора независимых друг от друга экспрессов или ординаров. Получить выигрыш клиент может как с одного события в условной ставке, так и со всех событий.\r\n<li><b>Антиэкспресс</b> – это противоположность экспрессу, то есть игрок собирает экспресс и получает выигрыш в том случае, если хотя бы одно событие в экспрессе проигрывает.\r\n<li><b>Лаки</b> – это специальный вид ставок, в котором игрок выбирает три и более события и может выиграть во всех возможных видах экспрессов и ординаров на эти события.\r\n<li><b>Патент</b> – это специальный вид ставок – совокупность всех возможных экспрессов из нескольких событий.\r\n<li><b>Линия букмекерской конторы</b> – это список оценок (котировок) спортивных событий. Каждому игроку важно понимать, что эти оценки выставляются на основе различных \r\nпараметров, но ни в коем случае не известно как пойдет дело в реальной встрече в реальном времени, нередки случаи когда проигрывают заведомо \r\nболее сильные и мастеровитые спортсмены.</li>\r\n<li><b>Маржа</b> букмекерской конторы – прибыль, закладываемая букмекером в предлагаемые коэффициенты. Например, William’s Hill, выставляя в футбольном\r\nматче на событие четное/нечетное количество голов  коэффициенты 1,91/1,91 в каждый коэффициент закладывает свою маржу 4,5%.</li>\r\n</ul>'),
	(10, 'Основные варианты исходов ставок и их обозначения.', '<ul>\r\n<li><b>1</b> – победа первой команды.</li>\r\n<li><b>Х</b> – ничья.</li>\r\n<li><b>2</b> – победа второй команды.</li>\r\n<li><b>1Х</b> – победа первой команды или ничья.</li>\r\n<li><b>Х2</b> – победа второй команды или ничья.</li>\r\n<li><b>12</b> – победа 1 или 2 команды, если будет ничья, то ставка проиграна.</li>\r\n<li><b>Ф1</b> – фора относится только к голам первой команды.</li>\r\n<li><b>Ф2</b> – фора относится только к голам второй команды.</li>\r\n<li><b>Тб 2,5</b> — тотал забитых голов в матче больше 2,5 голов.</li>\r\n<li><b>Тм 3</b> - тотал забитых голов в матче меньше 3 голов.</li>\r\n<li><b>Итб1 (1,5)</b> - индивидуальный тотал, означающий общее количество забитых голов первой командой больше величины, указанной в скобках (в нашем примере — больше 1,5).</li>\r\n<li><b>Итм2 (2,5)</b> — индивидуальный тотал, означающий общее количество забитых голов второй командой (в нашем примере — меньше 2,5).</li>\r\n<li><b>Расчет ставки с форой (гандикапом).</b> После обозначения форы Ф и указания на кого (1или2) идет указание того, какая фора. Она может быть со знаками «+» или «-». «+» означает, \r\nчто следующее за ним число надо прибавить к счету со стороны той команды, на которую стоит фора, «-» соответственно отнять эту фору. Например, возьмем выдуманный матч Зенит — Волга.\r\nФ1 (-1,5) – ставка на то, что 1-я команда (в данном случае, Зенит) выиграет с разницей 2 и больше мячей. Т.е. допустим, что итоговый результат  3:1, то мы от мячей первой команды (от 3) \r\nвычитаем 1,5, получаем счет 1,5:1 – по нему первая команда выигрывает, значит и ваша ставка тоже выигрывает. Аналогично счет 2:0, 3:0, 4:2 и т.д. для этой ставки нас устраивает. \r\nАналогично если бы у нас была ставка Ф2 (+1,5) , то к голам второй команды вам надо будет прибавить 1,5, если полученный результат будет верным (в  нашем примере подошел бы счет, например, 2:1), \r\nто и ваша ставка будет выигрышной. Таким образом, в данном примере, ставки Ф1(-1,5) и Ф2(+1,5) – идентичны.</li>\r\n<li><b>Азиатская фора (азиатский гандикап).</b> Фора, кратная 0,25. Принимая такую ставку, фактически букмекер принимает 2 ставки, например Ф (+1,25) разбивается на Ф (+1)и Ф (+1,5),\r\nсоответственно, на каждую из фор идет половина суммы ставки. Результатом может быть выигрыш/ проигрыш по обеим ставкам, а также можно одну ставку выиграть, а по другой получить возврат.</li>\r\n<li><b>Тотал (от английского total – общий, суммарный)</b> – общее за матч количество забитых голов, шайб и т.п.  У каждой букмекерской конторы свои правила подсчета тоталов – в некоторых \r\nсчитается только голы (шайбы и т.п.), забитые в основное время, в некоторых учитывается все, что было забито и в добавленное время. При подсчете количества голов в футбольных матчах счет \r\n0:0 считается четным.</li>\r\n</ul>');
/*!40000 ALTER TABLE `questions` ENABLE KEYS */;

-- Дамп структуры для таблица bma_data.sport_news
CREATE TABLE IF NOT EXISTS `sport_news` (
  `ID` bigint(20) NOT NULL AUTO_INCREMENT,
  `SPORT` varchar(1000) DEFAULT '0',
  `COMPETITION` varchar(1000) DEFAULT '0',
  `DESCRIPTION` varchar(10000) DEFAULT '0',
  `IMAGE` varchar(1000) DEFAULT '0',
  `TITLE` varchar(1000) DEFAULT '0',
  KEY `ID` (`ID`)
) ENGINE=InnoDB AUTO_INCREMENT=441 DEFAULT CHARSET=utf8;

-- Дамп данных таблицы bma_data.sport_news: ~43 rows (приблизительно)
/*!40000 ALTER TABLE `sport_news` DISABLE KEYS */;
INSERT INTO `sport_news` (`ID`, `SPORT`, `COMPETITION`, `DESCRIPTION`, `IMAGE`, `TITLE`) VALUES
	(386, NULL, 'US Open', 'На US Open он в любом случае идет в числе двух главных фаворитов.', 'http://i.eurosport.com/2017/08/31/2156675-45090919-640-360.jpg', '«Последний раз он был на первом месте в 2014-м». Тренер по теннису – о Надале'),
	(387, NULL, 'Чемпионат Англии', 'Английский клуб нашел замену Кайлу Уокеру.', 'http://i.eurosport.com/2017/08/01/2137373-44704879-640-360.jpg', '«Тоттенхэм» объявил о трансфере Орье'),
	(388, NULL, 'Чемпионат Англии', 'Парень сбежал от Арсена Венгера за трофеями.', 'http://i.eurosport.com/2017/08/25/2151768-44992779-640-360.jpg', 'Окслейд-Чемберлен перешел в «Ливерпуль»'),
	(389, NULL, 'Чемпионат Франции', 'Все несчастные клубы несчастны по-своему, но многие – по одной и той же причине.', 'http://i.eurosport.com/2017/08/31/2156665-45090719-640-360.jpg', 'Боль «Ниццы». Почему посыпалась третья команда Франции'),
	(390, 'Футбол', 'Зенит', 'Тонко, господа.', 'http://i.eurosport.com/2017/08/31/2156773-45092879-640-360.jpg', '«Зенит» высмеял интерес Манчини к аргентинцам мемом с неверным парнем'),
	(391, 'Футбол', 'Зенит', 'Клуб из Санкт-Петербурга готовит мини-бомбу уровня РФПЛ.', 'http://i.eurosport.com/2017/08/31/2156728-45091979-640-360.jpg', 'Daily Star: «Зенит» сделал в «Арсенал» запрос по Уилшеру'),
	(392, 'Конный спорт', NULL, 'Испытай эмоции, которыми наполнена голова профессионального наездника.', 'http://i.eurosport.com/2017/08/31/2156765-45092719-640-360.png', 'Почувствуй себя всадником на месте Жерома Вута с помощью нового панорамного видео Eurosport'),
	(393, 'Футбол', 'Япония', 'Стал известен третий участник соревнований.', 'http://i.eurosport.com/2017/08/31/2156783-45093079-640-360.jpg', 'Япония вышла на чемпионат мира в России'),
	(394, 'Теннис', 'Каролин Возняцки', 'Жаркий четверг в компании лучших теннисистов планеты.', 'http://i.eurosport.com/2017/08/30/2155916-45075739-640-360.jpg', 'Надаль, Федерер, Свитолина и другие звезды четвертого дня US Open'),
	(395, 'Футбол', 'Португалия', 'Лучший футболист планеты посрамлен.', 'http://i.eurosport.com/2017/08/31/2156712-45091659-640-360.jpg', 'Роналду прокричал «Гёзтепе!» по просьбе Бету и был затроллен твиттером турецкого клуба'),
	(396, 'Футбол', 'ЦСКА', 'Форвард «Краснодара» намекает.', 'http://i.eurosport.com/2017/07/31/2137247-44702359-640-360.jpg', '«Лучше я сдохну ****** [дурацким] ноунеймом». Смолов процитировал Гнойного накануне дедлайна'),
	(397, 'Футбол', 'Eurosport', 'Найди слух, которого не было.', 'http://i.eurosport.com/2017/08/31/2156622-45089859-640-360.jpg', 'Угадай, куда медиа не отправляли игрока'),
	(398, 'Футбол', 'Болгария', 'Георги Аспарухова ценят на родине сильнее, чем Стоичкова и Бербатова.', 'http://i.eurosport.com/2017/08/31/2156613-45089679-640-360.jpg', '«Я родился в «Левски», я в нем и умру». Трагедия великого болгарина, который отказал «Милану»'),
	(399, 'Футбол', 'Аргентина', 'Аргентинец показал, как надо вести себя с маленькими фанатами.', 'http://i.eurosport.com/2017/08/31/2156635-45090119-640-360.jpg', 'Месси потребовал секьюрити пропустить ребенка, который прорвался к кумиру за фото'),
	(400, 'Футбол', 'Арсенал', 'Парень доказал, что игрок «Саутгемптона» может играть где угодно, но рано или поздно все равно окажется в «Ливерпуле».', 'http://i.eurosport.com/2017/04/25/2070048-43396176-640-360.jpg', 'Чемберлен прошел медосмотр и дал интервью каналу «Ливерпуля»'),
	(401, 'Теннис', 'Тимеа Бабош', 'Мария оказалась сильнее Тимеи Бабош.', 'http://i.eurosport.com/2017/08/31/2156473-45086879-640-360.jpg', 'Как Шарапова шагнула в третий круг любимого мэйджора'),
	(402, 'Теннис', 'Тимеа Бабош', 'Марии было не так просто играть против венгерки.', 'http://i.eurosport.com/2017/08/30/2156417-45085759-640-360.jpg', 'Бабош идеально отзащищалась против убийственных ударов Шараповой и взяла, казалось, мертвый розыгрыш'),
	(403, 'Теннис', 'Тимеа Бабош', 'По ходу US Open теннисистка из России станет еще сильнее.', 'http://i.eurosport.com/2017/08/31/2156620-45089819-640-360.jpg', 'Шарапова: «Мне нужно немного больше времени и матчей»'),
	(404, 'Теннис', 'Денис Шаповалов', 'Начинай болеть за этого парня сейчас, чтобы через пару лет не прозвали глором.', 'http://i.eurosport.com/2017/08/31/2156541-45088239-640-360.jpg', 'Хайлайты самого зрелищного матча третьего дня. Как Шаповалов вынес Тсонга в трех сетах'),
	(405, 'Теннис', 'Борна Чорич', 'Зато на корте он смотрелся очень атмосферно.', 'http://i.eurosport.com/2017/08/31/2156516-45087739-640-360.jpg', 'Зверев, одетый в ретро-прикид от Фаррелла Уильямса, проиграл Чоричу и вылетел'),
	(406, 'Теннис', 'Eurosport', 'Возьмет ли Мария Юрьевна на US Open хоть один сет.', 'http://i.eurosport.com/2017/08/28/2154715-45051719-640-360.jpg', '«Мария может писать учебник по камбэкам после травм». Тренер по теннису – о Шараповой'),
	(407, 'Теннис', 'Маркета Вондроушова', 'Лучшие моменты, которые расскажут о матче лучше всего.', 'http://i.eurosport.com/2017/08/31/2156459-45086599-640-360.jpg', 'Всего минуточка хайлайтов матча Кузнецовой и Вондроушовой, который остался за Светланой'),
	(408, 'Теннис', 'Элли Кийк', 'Австралийка необычайно хороша. По крайней мере, пока.', 'http://i.eurosport.com/2017/08/31/2156482-45087059-640-360.jpg', 'Парочка хорошеньких ударов Гавриловой, после которых за ее продвижение в сетке можно не переживать'),
	(409, 'Теннис', 'Eurosport', 'Тот случай, когда негатив в сторону Шараповой оборачивается провалом в игре.', 'http://i.eurosport.com/2017/08/31/2156610-45089619-640-360.jpg', 'Вылет Халеп, пятисетовик Федерера и Кербер на выход'),
	(410, 'Теннис', 'Тимеа Бабош', 'Встреча второго круга осталась за экс-первой ракеткой мира – 6:7(4), 6:4, 6:1.', 'http://i.eurosport.com/2017/08/31/2156464-45086699-640-360.jpg', 'Шарапова вырвала победу у Бабош и вышла в третий круг'),
	(411, 'Футбол', 'Арсенал', 'Мерсисайдцы опередили «Челси».', 'http://i.eurosport.com/2017/02/16/2025996-42515416-640-360.jpg', 'Sky Sports: Окслейд-Чемберлен прошел медосмотр в «Ливерпуле»'),
	(412, 'Футбол', 'Eurosport', 'Глеб Голубин раньше занимался футболом.', 'http://i.eurosport.com/2015/03/08/1431244-30621744-640-360.jpg', 'Кержаков выложил фото с рэпером Pharaoh, который 11 лет назад выводил его на матч Россия – Бразилия'),
	(413, 'Футбол', 'Eurosport', 'Москвичи нашли дойстойного страйкера под Лигу чемпионов.', 'http://i.eurosport.com/2017/08/31/2156569-45088799-640-360.jpg', '«Спартак» приобрел нападающего «Гремио» Рошу'),
	(414, 'Футбол', 'Ювентус', 'Лидер атаки нужен туринцам самим.', 'http://i.eurosport.com/2017/08/31/2156575-45088919-640-360.jpg', 'Corriere dello Sport: «Ювентус» отказался продать Дибалу «Барселоне» за 160 миллионов евро'),
	(415, 'Смешанные боевые искусства', 'Eurosport', 'Мы все опоздали, расходимся.', 'http://i.eurosport.com/2017/08/30/2156366-45084739-640-360.jpg', 'Роузи вышла замуж за бойца ММА'),
	(416, 'Футбол', 'Бавария Мюнхен', '«Лебеди» почти договорились с мюнхенским клубом.', 'http://i.eurosport.com/2017/07/25/2133946-44636339-640-360.jpg', 'Sky Sports: «Суонси» арендует Саншиша у «Баварии»'),
	(417, 'Теннис', 'Eurosport', 'Аргентинец пробился во второй круг US Open.', 'http://i.eurosport.com/2017/08/30/2156375-45084919-640-360.jpg', 'Дель Потро напялил розовую повязочку и разделал бедного швейцарца'),
	(418, 'Теннис', 'Eurosport', 'А еще ее растяжка.', 'http://i.eurosport.com/2017/08/30/2156152-45080459-640-360.jpg', '«Его главное достижение – фотки с Николь на Капри». Тренер по теннису – о Димитрове'),
	(419, 'Футбол', 'Ахмат', 'Почетный президент клуба объяснил, почему губернатор Санкт-Петербурга Георгий Полтавченко скандировал этот лозунг.', 'http://i.eurosport.com/2015/03/25/1443098-30858920-640-360.jpg', 'Кадыров: «Тысячи политиков и спортсменов во всем мире произносят лозунг «Ахмат-Сила!»'),
	(420, 'Теннис', 'Eurosport', 'Она брала этот титул 13 лет назад.', 'http://i.eurosport.com/2017/08/30/2156081-45079039-640-360.jpg', '«Такой тактикой побрезгует Серена». Тренер по теннису – о Кузнецовой'),
	(421, 'Теннис', 'Ник Кирьос', 'Австралиец покинул US Open.', 'http://i.eurosport.com/2017/08/30/2156305-45083519-640-360.jpg', 'Кирьос традиционно психанул и разбил ракетку одним ударом'),
	(422, 'Теннис', 'Вацлав Шафранек', 'Болгарский теннисист идет дальше.', 'http://i.eurosport.com/2017/08/30/2156334-45084099-640-360.jpg', 'Минутное видео, в котором поместились все успехи Димитрова в первом круге'),
	(423, 'Футбол', 'Бенедикт Хёведес', 'Чем запомнится рынку переходов остаток лета.', 'http://i.eurosport.com/2017/08/30/2156272-45082859-640-360.jpg', 'Хёведес в «Юве», Эль-Шаарави в «Спартаке» и другие хиты предпоследнего дня трансферов'),
	(424, 'Футбол', 'Кёльн', 'О договоренности рассказал ассистент главного тренера «козлов» Манфред Шмид.', 'http://i.eurosport.com/2017/08/22/2150020-44957819-640-360.jpg', '«Арсенал» и «Кёльн» обменяются видео, чтобы помочь друг другу подготовиться к очным играм в ЛЕ'),
	(425, 'Теннис', 'Петра Квитова', 'Бандит повредил Петре Квитовой руку, но не сломил ее дух.', 'http://i.eurosport.com/2017/08/30/2156038-45078179-640-360.jpg', 'Петры град. Как ножевое ранение закалило чемпионку Уимблдона'),
	(426, 'Теннис', 'Eurosport', 'Дэвид Хэггерти доволен появлением российской теннисистки на US Open.', 'http://i.eurosport.com/2017/08/29/2155310-45063619-640-360.jpg', 'Президент ITF: «Возвращение Шараповой пошло теннису на пользу»'),
	(427, 'Велоспорт', 'Eurosport', 'Мигель Анхель Лопес тащит Казахстан к победам.', 'http://i.eurosport.com/2017/08/30/2156164-45080699-640-360.jpg', 'Финиш 11-го этапа «Вуэльты», где дядя из Astana Pro Team порвал абсолютно всех'),
	(428, 'Все виды спорта', NULL, 'Зачем покупать лучшую газету мира в четверг.', 'http://i.eurosport.com/2017/08/30/2156430-45086019-640-360.jpg', 'Дзюба и Смолов все еще могут сменить клуб. Анонс нового номера «Спорт-Экспресса»'),
	(429, 'Футбол', 'Пари Сен-Жермен', 'Соглашение рассчитано до конца сезона.', 'http://i.eurosport.com/2017/08/30/2156281-45083039-640-360.jpg', '«Вест Бромвич» арендовал Крыховяка у «ПСЖ»'),
	(430, 'Теннис', 'Эжени Бушар', 'Российская теннисистка вышла во второй раунд.', 'http://i.eurosport.com/2017/05/28/2093496-43865139-640-360.jpg', 'Родина выбила Бушар и сыграет со Свитолиной'),
	(431, 'Футбол', 'Александр Кокорин', 'Челябинские школьники взяли пример с кумиров.', 'http://i.eurosport.com/2017/08/30/2156264-45082699-640-360.jpg', 'Игроки детской команды напились в зюзю и объяснились желанием подражать Кокорину и Мамаеву'),
	(432, 'Теннис', 'Eurosport', 'Прогнозы, на которых поднимает кэш Флойд Мэйуэзер.', 'http://i.eurosport.com/2017/08/30/2155969-45076799-640-360.jpg', 'Теннисный бетман. Мугуруса расщепит на атомы Дуань и еще 3 ставки на второй круг'),
	(433, 'Теннис', 'Катерина Синякова', 'Украинская теннисистка прошла во второй круг US Open.', 'http://i.eurosport.com/2017/08/30/2156209-45081599-640-360.jpg', 'Все самое сочное с матча Свитолиной, которая начала во вторник, а закончила в среду'),
	(434, 'Футбол', 'Ювентус', 'Туринцы взяли чемпиона мира на замену Леонардо Бонуччи.', 'http://i.eurosport.com/2017/08/30/2155872-45074858-640-360.jpg', '«Ювентус» арендовал Хёведеса'),
	(435, 'Футбол', 'Зенит', 'Президент клуба Сергей Фурсенко сообщил, что футболист покинул расположение команды.', 'http://i.eurosport.com/2017/04/22/2067788-43350976-640-360.jpg', '«Зенит» расторг контракт с Молло'),
	(436, 'Футбол', 'Eurosport', 'Воры забрали форму и другую атрибутику.', 'http://i.eurosport.com/2017/08/30/2156118-45079779-640-360.jpg', 'В Лондоне ограбили клубный магазин «Арсенала»'),
	(437, 'Теннис', 'Алекс Де Минаур', 'Австриец победил Алекса де Минаура в трех сетах.', 'http://i.eurosport.com/2017/08/30/2156181-45081039-640-360.jpg', 'Цирковой удар дерзкого австралийца, который впечатлил трибуны, но не Тима'),
	(438, 'Футбол', 'Зенит', 'Итальянец в бешенстве из-за работы питерцев на трансферном рынке.', 'http://i.eurosport.com/2017/08/30/2155830-45074019-640-360.jpg', 'Corriere dello Sport: Манчини хочет покинуть «Зенит» из-за срыва трансфера Абденнура'),
	(439, 'Футбол', 'Филиппе Коутиньо', 'Бразилец готовится стать вторым самым дорогим футболистом в истории.', 'http://i.eurosport.com/2017/05/21/2088371-43762639-640-360.jpg', 'Yahoo Sports: «Ливерпуль» согласился продать Коутиньо «Барселоне» за 160 миллионов евро'),
	(440, 'Смешанные боевые искусства', 'Eurosport', 'Российский боец ММА встретился с главой Чеченской Республики.', 'http://i.eurosport.com/2017/02/04/2018024-42355976-640-360.jpg', 'Александр Емельяненко провел тренировку с Кадыровым и сильно вспотел');
/*!40000 ALTER TABLE `sport_news` ENABLE KEYS */;

-- Дамп структуры для таблица bma_data.users
CREATE TABLE IF NOT EXISTS `users` (
  `ID` bigint(100) NOT NULL AUTO_INCREMENT,
  `LOGIN` varchar(50) NOT NULL,
  `PASSWORD` varchar(50) NOT NULL,
  PRIMARY KEY (`ID`)
) ENGINE=InnoDB AUTO_INCREMENT=2 DEFAULT CHARSET=utf8;

-- Дамп данных таблицы bma_data.users: ~1 rows (приблизительно)
/*!40000 ALTER TABLE `users` DISABLE KEYS */;
INSERT INTO `users` (`ID`, `LOGIN`, `PASSWORD`) VALUES
	(1, 'Admin', '123123');
/*!40000 ALTER TABLE `users` ENABLE KEYS */;

/*!40101 SET SQL_MODE=IFNULL(@OLD_SQL_MODE, '') */;
/*!40014 SET FOREIGN_KEY_CHECKS=IF(@OLD_FOREIGN_KEY_CHECKS IS NULL, 1, @OLD_FOREIGN_KEY_CHECKS) */;
/*!40101 SET CHARACTER_SET_CLIENT=@OLD_CHARACTER_SET_CLIENT */;
